Card ID,Card Name,Set ID,Set Name,Rarity,Color,Type,Cost,Power,Life,Counter,Attribute,Sub Types,Card Text,Is Parallel,Image URL,Picture URL,Market Price,Inventory Price,Last Priced,Owned
OP01-047,Trafalgar Law (047),OP-01,Romance Dawn,SR,Green,Character,5,6000,,0,Slash,Heart Pirates Supernovas,"[Blocker] (After your opponent declares an attack, you may rest this card to make it the new target of the attack.) [On Play] You may return 1 Character to your hand: Play up to 1 Character card with a cost of 3 or less from your hand.  This card has been officially errata'd.",No,https://optcgapi.com/media/static/Card_Images/OP01-047.jpg,,0.52,0.48,2026-09-07,
OP01-051,"Eustass""Captain""Kid",OP-01,Romance Dawn,SR,Green,Character,8,8000,,0,Special,Kid Pirates Supernovas,"[DON!! x1] [Opponent's Turn] If this Character is rested, your opponent cannot attack any card other than the Character [Eustass""Captain""Kid]. [Activate:Main] [Once Per Turn] You may rest this Character: Play up to 1 Character card with a cost of 3 or less from your hand.  This card has been officially errata'd.",No,https://optcgapi.com/media/static/Card_Images/OP01-051.jpg,,0.52,0.51,2026-09-07,
OP01-025,Roronoa Zoro (025),OP-01,Romance Dawn,SR,Red,Character,3,5000,,0,Slash,Straw Hat Crew Supernovas,[Rush] (This card can attack on the turn in which it is played.),No,https://optcgapi.com/media/static/Card_Images/OP01-025.jpg,,3.36,2.99,2026-09-07,
OP01-094,Kaido (094),OP-01,Romance Dawn,SR,Purple,Character,10,12000,,0,Strike,Animal Kingdom Pirates The Four Emperors,"[On Play] DON!! -6 (You may return the specified number of DON!! cards from your field to your DON!! deck.): If your Leader has the ""Animal Kingdom Pirates"" type, K.O. all Characters other than this Character.",No,https://optcgapi.com/media/static/Card_Images/OP01-094.jpg,,1.95,1.51,2026-09-07,
OP01-078,Boa Hancock,OP-01,Romance Dawn,SR,Blue,Character,4,5000,,1000,Special,Kuja Pirates The Seven Warlords of the Sea,"[Blocker] (After your opponent declares an attack, you may rest this card to make it the new target of the attack.) [DON!! x1] [When Attacking]/[On Block] Draw 1 card if you have 5 or less cards in your hand.",No,https://optcgapi.com/media/static/Card_Images/OP01-078.jpg,,1.39,1.40,2026-09-07,
OP01-070,Dracule Mihawk,OP-01,Romance Dawn,SR,Blue,Character,9,9000,,0,Slash,The Seven Warlords of the Sea,[On Play] Place up to 1 Character with a cost of 7 or less at the bottom of the owner's deck.  This card has been officially errata'd.,No,https://optcgapi.com/media/static/Card_Images/OP01-070.jpg,,1.19,0.85,2026-09-07,
OP01-024,Monkey.D.Luffy (024),OP-01,Romance Dawn,SR,Red,Character,2,3000,,1000,Strike,Straw Hat Crew Supernovas,"[DON!! x2] This Character cannot be K.O.'d in battle by ""Strike"" attribute Characters. [Activate:Main] [Once Per Turn] Give this Character up to 2 rested DON!! cards.",No,https://optcgapi.com/media/static/Card_Images/OP01-024.jpg,,2.18,1.75,2026-09-07,
OP01-096,King (096),OP-01,Romance Dawn,SR,Purple,Character,7,7000,,0,Special,Animal Kingdom Pirates,[On Play] DON!! -2 (You may return the specified number of DON!! cards from your field to your DON!! deck.): K.O. up to 1 of your opponent's Characters with a cost of 3 or less and up to 1 of your opponent's Characters with a cost of 2 or less.  This card has been officially errata'd.,No,https://optcgapi.com/media/static/Card_Images/OP01-096.jpg,,0.62,0.67,2026-09-07,
OP01-121,Yamato,OP-01,Romance Dawn,SEC,Green,Character,5,5000,,1000,Strike,Land of Wano,"Also treat this card's name as [Kouzuki Oden] according to the rules. [Double Attack] (This card deals 2 damage.) [Banish] (When this card deals damage, the target card is trashed without activating its Trigger.)",No,https://optcgapi.com/media/static/Card_Images/OP01-121.jpg,,5.90,3.48,2026-09-07,
OP01-067,Crocodile (067),OP-01,Romance Dawn,SR,Blue,Character,7,7000,,1000,Special,Baroque Works The Seven Warlords of the Sea,"[Banish] (When this card deals damage, the target card is trashed without activating its Trigger.) [DON!! x1] Give blue Events in your hand -1 cost.",No,https://optcgapi.com/media/static/Card_Images/OP01-067.jpg,,0.53,0.48,2026-09-07,
OP01-120,Shanks,OP-01,Romance Dawn,SEC,Red,Character,9,10000,,0,Slash,The Four Emperors Red-Haired Pirates,[Rush] (This card can attack on the turn in which it is played.) [When Attacking] Your opponent cannot activate a [Blocker] Character that has 2000 or less power during this battle.,No,https://optcgapi.com/media/static/Card_Images/OP01-120.jpg,,8.51,3.99,2026-09-07,
OP01-040,Kin'emon,OP-01,Romance Dawn,SR,Green,Character,6,6000,,0,Slash,Land of Wano The Akazaya Nine,"[On Play] If your Leader is [Kouzuki Oden], play up to 1 ""The Akazaya Nine"" type Character card with a cost of 3 or less from your hand. [DON!! x1] [When Attacking] [Once Per Turn] Set up to 1 of your ""The Akazaya Nine"" type Character cards with a cost of 3 or less as active.  This card has been officially errata'd.",No,https://optcgapi.com/media/static/Card_Images/OP01-040.jpg,,0.54,0.41,2026-09-07,
OP01-102_p1,Jack (Parallel),OP-01,Romance Dawn,R,Purple,Character,3,4000,,1000,Strike,Animal Kingdom Pirates,[When Attacking] DON!! -1 (You may return the specified number of DON!! cards from your field to your DON!! deck.): Your opponent trashes 1 card from their hand.,Yes,https://optcgapi.com/media/static/Card_Images/OP01-102_p1.jpg,,5.92,5.90,2026-09-07,
OP01-040_p1,Kin'emon (Parallel),OP-01,Romance Dawn,SR,Green,Character,6,6000,,0,Slash,Land of Wano The Akazaya Nine,"[On Play] If your Leader is [Kouzuki Oden], play up to 1 ""The Akazaya Nine"" type Character card with a cost of 3 or less from your hand. [DON!! x1] [When Attacking] [Once Per Turn] Set up to 1 of your ""The Akazaya Nine"" type Character cards with a cost of 3 or less as active.  This card has been officially errata'd.",Yes,https://optcgapi.com/media/static/Card_Images/OP01-040_p1.jpg,,6.15,2.50,2026-09-07,
OP01-120_p1,Shanks (Parallel),OP-01,Romance Dawn,SEC,Red,Character,9,10000,,0,Slash,The Four Emperors Red-Haired Pirates,[Rush] (This card can attack on the turn in which it is played.) [When Attacking] Your opponent cannot activate a [Blocker] Character that has 2000 or less power during this battle.,Yes,https://optcgapi.com/media/static/Card_Images/OP01-120_p1.jpg,,91.40,49.00,2026-09-07,
OP01-067_p1,Crocodile (067) (Parallel),OP-01,Romance Dawn,SR,Blue,Character,7,7000,,1000,Special,Baroque Works The Seven Warlords of the Sea,"[Banish] (When this card deals damage, the target card is trashed without activating its Trigger.) [DON!! x1] Give blue Events in your hand -1 cost.",Yes,https://optcgapi.com/media/static/Card_Images/OP01-067_p1.jpg,,9.96,9.00,2026-09-07,
OP01-121_p1,Yamato (Parallel),OP-01,Romance Dawn,SEC,Green,Character,5,5000,,1000,Strike,Land of Wano,"Also treat this card's name as [Kouzuki Oden] according to the rules. [Double Attack] (This card deals 2 damage.) [Banish] (When this card deals damage, the target card is trashed without activating its Trigger.)",Yes,https://optcgapi.com/media/static/Card_Images/OP01-121_p1.jpg,,137.72,79.90,2026-09-07,
OP01-097_p1,Queen (Parallel),OP-01,Romance Dawn,R,Purple,Character,6,5000,,1000,Strike,Animal Kingdom Pirates,"[On Play] DON!! -1 (You may return the specified number of DON!! cards from your field to your DON!! deck.): This Character gains [Rush] during this turn. Then, give up to 1 of your opponent's Characters -2000 power during this turn. (This card can attack on the turn in which it is played.)  This card has been officially errata'd.",Yes,https://optcgapi.com/media/static/Card_Images/OP01-097_p1.jpg,,5.67,5.70,2026-09-07,
OP01-073_p1,Donquixote Doflamingo (073) (Parallel),OP-01,Romance Dawn,R,Blue,Character,3,4000,,1000,Special,Donquixote Pirates The Seven Warlords of the Sea,"[Blocker] (After your opponent declares an attack, you may rest this card to make it the new target of the attack.) [On Play] Look at 5 cards from the top of your deck and place them at the top or bottom of the deck in any order.",Yes,https://optcgapi.com/media/static/Card_Images/OP01-073_p1.jpg,,22.44,18.99,2026-09-07,
OP01-093_p1,Ulti (Parallel),OP-01,Romance Dawn,R,Purple,Character,2,3000,,0,Strike,Animal Kingdom Pirates,[On Play] (1) (You may rest the specified number of DON!! cards in your cost area.): Add up to 1 DON!! card from your DON!! deck and rest it.  This card has been officially errata'd.,Yes,https://optcgapi.com/media/static/Card_Images/OP01-093_p1.jpg,,13.06,10.99,2026-09-07,
OP01-013_p1,Sanji (Parallel),OP-01,Romance Dawn,R,Red,Character,2,3000,,2000,Strike,Straw Hat Crew,"[Activate:Main] [Once Per Turn] You may add 1 card from your Life area to your hand: This Character gains +2000 power during this turn. Then, give this Character up to 2 rested DON!! cards.",Yes,https://optcgapi.com/media/static/Card_Images/OP01-013_p1.jpg,,101.18,47.99,2026-09-07,
OP01-094_p1,Kaido (094) (Parallel),OP-01,Romance Dawn,SR,Purple,Character,10,12000,,0,Strike,Animal Kingdom Pirates The Four Emperors,"[On Play] DON!! -6 (You may return the specified number of DON!! cards from your field to your DON!! deck.): If your Leader has the ""Animal Kingdom Pirates"" type, K.O. all Characters other than this Character.",Yes,https://optcgapi.com/media/static/Card_Images/OP01-094_p1.jpg,,24.70,20.00,2026-09-07,
OP01-047_p1,Trafalgar Law (047) (Parallel),OP-01,Romance Dawn,SR,Green,Character,5,6000,,0,Slash,Heart Pirates Supernovas,"[Blocker] (After your opponent declares an attack, you may rest this card to make it the new target of the attack.) [On Play] You may return 1 Character to your hand: Play up to 1 Character card with a cost of 3 or less from your hand.  This card has been officially errata'd.",Yes,https://optcgapi.com/media/static/Card_Images/OP01-047_p1.jpg,,60.37,22.00,2026-09-07,
OP01-078_p1,Boa Hancock (Parallel),OP-01,Romance Dawn,SR,Blue,Character,4,5000,,1000,Special,Kuja Pirates The Seven Warlords of the Sea,"[Blocker] (After your opponent declares an attack, you may rest this card to make it the new target of the attack.) [DON!! x1] [When Attacking]/[On Block] Draw 1 card if you have 5 or less cards in your hand.",Yes,https://optcgapi.com/media/static/Card_Images/OP01-078_p1.jpg,,164.39,79.00,2026-09-07,
OP01-025_p1,Roronoa Zoro (025) (Parallel),OP-01,Romance Dawn,SR,Red,Character,3,5000,,0,Slash,Straw Hat Crew Supernovas,[Rush] (This card can attack on the turn in which it is played.),Yes,https://optcgapi.com/media/static/Card_Images/OP01-025_p1.jpg,,267.98,80.00,2026-09-07,
OP01-096_p1,King (096) (Parallel),OP-01,Romance Dawn,SR,Purple,Character,7,7000,,0,Special,Animal Kingdom Pirates,[On Play] DON!! -2 (You may return the specified number of DON!! cards from your field to your DON!! deck.): K.O. up to 1 of your opponent's Characters with a cost of 3 or less and up to 1 of your opponent's Characters with a cost of 2 or less.  This card has been officially errata'd.,Yes,https://optcgapi.com/media/static/Card_Images/OP01-096_p1.jpg,,10.84,10.39,2026-09-07,
OP01-031_p1,Kouzuki Oden (Parallel),OP-01,Romance Dawn,L,Green,Leader,,5000,5,,Slash,Land of Wano Kouzuki Clan,"[Activate:Main] [Once Per Turn] You can trash 1 ""Land of Wano"" type card from your hand: Set up to 2 of your DON!! cards as active.",Yes,https://optcgapi.com/media/static/Card_Images/OP01-031_p1.jpg,,79.42,34.99,2026-09-07,
OP01-051_p1,"Eustass""Captain""Kid (Parallel)",OP-01,Romance Dawn,SR,Green,Character,8,8000,,0,Special,Kid Pirates Supernovas,"[DON!! x1] [Opponent's Turn] If this Character is rested, your opponent cannot attack any card other than the Character [Eustass""Captain""Kid]. [Activate:Main] [Once Per Turn] You may rest this Character: Play up to 1 Character card with a cost of 3 or less from your hand.  This card has been officially errata'd.",Yes,https://optcgapi.com/media/static/Card_Images/OP01-051_p1.jpg,,20.23,15.03,2026-09-07,
OP01-024_p1,Monkey.D.Luffy (024) (Parallel),OP-01,Romance Dawn,SR,Red,Character,2,3000,,1000,Strike,Straw Hat Crew Supernovas,"[DON!! x2] This Character cannot be K.O.'d in battle by ""Strike"" attribute Characters. [Activate:Main] [Once Per Turn] Give this Character up to 2 rested DON!! cards.",Yes,https://optcgapi.com/media/static/Card_Images/OP01-024_p1.jpg,,240.33,88.12,2026-09-07,
OP01-016_p1,Nami (Parallel),OP-01,Romance Dawn,R,Red,Character,1,2000,,2000,Special,Straw Hat Crew,"[On Play] Look at 5 cards from the top of your deck; reveal up to 1 ""Straw Hat Crew"" type Character card other than [Nami] and add it to your hand. Then, place the rest at the bottom of your deck in any order.  This card has been officially errata'd.",Yes,https://optcgapi.com/media/static/Card_Images/OP01-016_p1.jpg,,439.13,141.00,2026-09-07,
OP01-070_p1,Dracule Mihawk (Parallel),OP-01,Romance Dawn,SR,Blue,Character,9,9000,,0,Slash,The Seven Warlords of the Sea,[On Play] Place up to 1 Character with a cost of 7 or less at the bottom of the owner's deck.  This card has been officially errata'd.,Yes,https://optcgapi.com/media/static/Card_Images/OP01-070_p1.jpg,,50.76,39.95,2026-09-07,
OP01-062_p1,Crocodile (062) (Parallel),OP-01,Romance Dawn,L,Blue Purple,Leader,,5000,4,,Special,Baroque Works The Seven Warlords of the Sea,"[DON!! x1] When you activate an Event, you may draw 1 card if you have 4 or less cards in your hand and haven't drawn a card using this Leader's effect during this turn.",Yes,https://optcgapi.com/media/static/Card_Images/OP01-062_p1.jpg,,139.86,42.99,2026-09-07,
OP01-001_p1,Roronoa Zoro (001) (Parallel),OP-01,Romance Dawn,L,Red,Leader,,5000,5,,Slash,Straw Hat Crew Supernovas,[DON!! x1] [Your Turn] All of your Characters gain +1000 power.,Yes,https://optcgapi.com/media/static/Card_Images/OP01-001_p1.jpg,,568.01,169.00,2026-09-07,
OP01-060_p1,Donquixote Doflamingo (060) (Parallel),OP-01,Romance Dawn,L,Blue,Leader,,5000,5,,Special,Donquixote Pirates The Seven Warlords of the Sea,"[DON!! x2] [When Attacking] (1) (You may rest the specified number of DON!! cards in your cost area.): Reveal 1 card from the top of your deck. If that card is a ""The Seven Warlords of the Sea"" type Character card with a cost of 4 or less, you may play that card rested.",Yes,https://optcgapi.com/media/static/Card_Images/OP01-060_p1.jpg,,261.28,80.00,2026-09-07,
OP01-091_p1,King (091) (Parallel),OP-01,Romance Dawn,L,Purple,Leader,,5000,5,,Special,Animal Kingdom Pirates,"[Your Turn] If you have 10 DON!! cards on your field, give all of your opponent's Characters -1000 power.",Yes,https://optcgapi.com/media/static/Card_Images/OP01-091_p1.jpg,,84.41,30.00,2026-09-07,
OP01-003_p1,Monkey.D.Luffy (003) (Parallel),OP-01,Romance Dawn,L,Green Red,Leader,,5000,4,,Strike,Straw Hat Crew Supernovas,"[Activate:Main] [Once Per Turn] (4) (You may rest the specified number of DON!! cards in your cost area): Set up to 1 of your ""Supernova"" or ""Straw Hat Crew"" type Character cards with a cost of 5 or less as active. It gains +1000 power during this turn.  This card has been officially errata'd.",Yes,https://optcgapi.com/media/static/Card_Images/OP01-003_p1.jpg,,355.88,99.99,2026-09-07,
OP01-061_p1,Kaido (061) (Parallel),OP-01,Romance Dawn,L,Blue Purple,Leader,,5000,4,,Strike,Animal Kingdom Pirates The Four Emperors,"[DON!! x1] [Your Turn] [Once Per Turn] When your opponent's Character is K.O.'d, add up to 1 DON!! card from your DON!! deck and set it as active.  This card has been officially errata'd.",Yes,https://optcgapi.com/media/static/Card_Images/OP01-061_p1.jpg,,130.81,64.99,2026-09-07,
OP01-002_p1,Trafalgar Law (002) (Parallel),OP-01,Romance Dawn,L,Green Red,Leader,,5000,4,,Slash,Heart Pirates Supernovas,"[Activate:Main] [Once Per Turn] (2) (You may rest the specified number of DON!! cards in your cost area): If you have 5 Characters, return 1 of your Characters to your hand. Then, play up to 1 Character with a cost of 5 or less from your hand that is a different color than the returned character.  This card has been officially errata'd.",Yes,https://optcgapi.com/media/static/Card_Images/OP01-002_p1.jpg,,440.22,80.00,2026-09-07,
OP01-120_p2,Shanks (Parallel) (Manga) (Alternate Art),OP-01,Romance Dawn,SEC,Red,Character,9,10000,,0,Slash,The Four Emperors Red-Haired Pirates,[Rush] (This card can attack on the turn in which it is played.) [When Attacking] Your opponent cannot activate a [Blocker] Character that has 2000 or less power during this battle.,Yes,https://optcgapi.com/media/static/Card_Images/OP01-120_p2.jpg,,1532.80,2300.00,2026-09-07,
OP02-072_p1,Zephyr (Alternate Art),OP-02,Paramount War,L,Purple,Leader,,5000,4,,Strike,Film Neo Navy,"[When Attacking] DON!! -4 (You may return the specified number of DON!! cards from your field to your DON!! deck.): K.O. up to 1 of your opponent's Characters with a cost of 3 or less. Then, this Leader gains +1000 power during this turn.",Yes,https://optcgapi.com/media/static/Card_Images/OP02-072_p1.jpg,,34.05,16.95,2026-09-07,
OP02-093_p1,Smoker (093) (Alternate Art),OP-02,Paramount War,L,Black,Leader,,5000,5,,Special,Navy,"[DON!! x1] [Activate:Main] [Once Per Turn] Give up to 1o of your opponent's Characters -1 cost during this turn. Then, if there is a Character with a cost of 0, this Leader gains +1000 power during this turn.",Yes,https://optcgapi.com/media/static/Card_Images/OP02-093_p1.jpg,,82.47,28.12,2026-09-07,
OP02-071_p1,Magellan (071) (Alternate Art),OP-02,Paramount War,L,Purple,Leader,,6000,5,,Special,Impel Down,"[Your Turn] [Once Per Turn] When a DON!! card on your field is returned to your DON!! deck, this Leader gains +1000 power during this turn.",Yes,https://optcgapi.com/media/static/Card_Images/OP02-071_p1.jpg,,43.59,25.90,2026-09-07,
OP02-025_p1,Kin'emon (Alternate Art),OP-02,Paramount War,L,Green,Leader,,5000,5,,Slash,Land of Wano The Akazaya Nine,"[Activate:Main] [Once Per Turn] If you have 1 or less Characters, the next time you play a [Land of Wano] type Character card with a cost of 3 or more from your hand during this turn, the cost will be reduced by 1.",Yes,https://optcgapi.com/media/static/Card_Images/OP02-025_p1.jpg,,32.57,15.00,2026-09-07,
OP02-001_p1,Edward.Newgate (001) (Alternate Art),OP-02,Paramount War,L,Red,Leader,,6000,6,,Special,The Four Emperors Whitebeard Pirates,[End of Your Turn] Add 1 card from the top of your Life cards to your hand.,Yes,https://optcgapi.com/media/static/Card_Images/OP02-001_p1.jpg,,101.92,55.00,2026-09-07,
OP02-026_p1,Sanji (Alternate Art),OP-02,Paramount War,L,Blue Green,Leader,,5000,4,,Strike,Straw Hat Crew,"[Once Per Turn] When you play a Character with no base effect from your hand, if you have 3 or less Characters, set up to 2 of your DON!! cards as active.",Yes,https://optcgapi.com/media/static/Card_Images/OP02-026_p1.jpg,,141.84,49.94,2026-09-07,
OP02-049_p1,Emporio.Ivankov (049) (Alternate Art),OP-02,Paramount War,L,Blue,Leader,,5000,5,,Special,Revolutionary Army Impel Down,"[End of Your Turn] If you have 0 cards in your hand, draw 2 cards.",Yes,https://optcgapi.com/media/static/Card_Images/OP02-049_p1.jpg,,40.22,20.95,2026-09-07,
OP02-002_p1,Monkey.D.Garp (002) (Alternate Art),OP-02,Paramount War,L,Red Black,Leader,,5000,4,,Strike,Navy,"[Your Turn] When this Leader or 1 of your Characters is given a DON!! card, give up to 1 of your opponent's Characters with a cost of 7 or less -1 cost during this turn.",Yes,https://optcgapi.com/media/static/Card_Images/OP02-002_p1.jpg,,113.90,42.00,2026-09-07,
OP02-096,Kuzan (096),OP-02,Paramount War,SR,Black,Character,4,5000,,0,Special,Navy,[On Play] Draw 1 card. [When Attacking] Give up to 1 of your opponent's Characters -4 cost during this turn.,No,https://optcgapi.com/media/static/Card_Images/OP02-096.jpg,,0.45,0.42,2026-09-07,
OP02-114,Borsalino,OP-02,Paramount War,SR,Black,Character,4,5000,,1000,Special,Navy,"[Opponent's Turn] This Character gains +1000 power and cannot be K.O.'d by effects. [Blocker] (After your opponent declares an attack, you may rest this card to make it the new target of the attack.)",No,https://optcgapi.com/media/static/Card_Images/OP02-114.jpg,,0.47,0.40,2026-09-07,
OP02-121,Kuzan (121),OP-02,Paramount War,SEC,Black,Character,10,10000,,0,Special,Former Navy,[Your Turn] Give all of your opponent's Characters -5 cost. [On Play] K.O. up to 1 of your opponent's Characters with a cost of 0.,No,https://optcgapi.com/media/static/Card_Images/OP02-121.jpg,,2.16,1.90,2026-09-07,
OP02-099,Sakazuki,OP-02,Paramount War,SR,Black,Character,6,7000,,0,Special,Navy,[On Play] You may trash 1 card from your hand: K.O. up to 1 of your opponent's Characters with a cost of 5 or less.,No,https://optcgapi.com/media/static/Card_Images/OP02-099.jpg,,0.40,0.35,2026-09-07,
OP02-096_p1,Kuzan (096) (Alternate Art),OP-02,Paramount War,SR,Black,Character,4,5000,,0,Special,Navy,[On Play] Draw 1 card. [When Attacking] Give up to 1 of your opponent's Characters -4 cost during this turn.,Yes,https://optcgapi.com/media/static/Card_Images/OP02-096_p1.jpg,,10.35,8.50,2026-09-07,
OP02-114_p1,Borsalino (Alternate Art),OP-02,Paramount War,SR,Black,Character,4,5000,,1000,Special,Navy,"[Opponent's Turn] This Character gains +1000 power and cannot be K.O.'d by effects. [Blocker] (After your opponent declares an attack, you may rest this card to make it the new target of the attack.)",Yes,https://optcgapi.com/media/static/Card_Images/OP02-114_p1.jpg,,6.24,5.33,2026-09-07,
OP02-121_p1,Kuzan (121) (Alternate Art),OP-02,Paramount War,SEC,Black,Character,10,10000,,0,Special,Former Navy,[Your Turn] Give all of your opponent's Characters -5 cost. [On Play] K.O. up to 1 of your opponent's Characters with a cost of 0.,Yes,https://optcgapi.com/media/static/Card_Images/OP02-121_p1.jpg,,11.54,8.51,2026-09-07,
OP02-115_p1,Monkey.D.Garp (115) (Alternate Art),OP-02,Paramount War,R,Black,Character,2,3000,,2000,Strike,Navy,[DON!! x2] [When Attacking] K.O. up to 1 of your opponent's Characters with a cost of 0.,Yes,https://optcgapi.com/media/static/Card_Images/OP02-115_p1.jpg,,10.86,9.80,2026-09-07,
OP02-099_p1,Sakazuki (Alternate Art),OP-02,Paramount War,SR,Black,Character,6,7000,,0,Special,Navy,[On Play] You may trash 1 card from your hand: K.O. up to 1 of your opponent's Characters with a cost of 5 or less.,Yes,https://optcgapi.com/media/static/Card_Images/OP02-099_p1.jpg,,6.98,6.94,2026-09-07,
OP02-051,Emporio.Ivankov (051),OP-02,Paramount War,SR,Blue,Character,7,7000,,0,Special,Revolutionary Army Impel Down,[On Play] Draw card(s) so that you have 3 cards in your hand and then play up to 1 blue [Impel Down] type Character card with a cost of 6 or less from your hand.,No,https://optcgapi.com/media/static/Card_Images/OP02-051.jpg,,0.70,0.53,2026-09-07,
OP02-062,Monkey.D.Luffy (062),OP-02,Paramount War,SR,Blue,Character,6,7000,,0,Strike,Straw Hat Crew Impel Down,"[On Play] / [When Attacking] You may trash 2 cards from your hand: Return up to 1 Character with a cost of 4 or less to the owner's hand. Then, this Character gains [Double Attack] during this turn. (This card deals 2 damage.)",No,https://optcgapi.com/media/static/Card_Images/OP02-062.jpg,,1.66,1.50,2026-09-07,
OP02-051_p1,Emporio.Ivankov (051) (Alternate Art),OP-02,Paramount War,SR,Blue,Character,7,7000,,0,Special,Revolutionary Army Impel Down,[On Play] Draw card(s) so that you have 3 cards in your hand and then play up to 1 blue [Impel Down] type Character card with a cost of 6 or less from your hand.,Yes,https://optcgapi.com/media/static/Card_Images/OP02-051_p1.jpg,,5.88,5.96,2026-09-07,
OP02-058_p1,Buggy (Alternate Art),OP-02,Paramount War,R,Blue,Character,1,2000,,1000,Slash,Buggy Pirates Impel Down,"[On Play] Look at 5 cards from the top of your deck; reveal up to 1 blue [Impel Down] type card other than [Buggy] and add it to your hand. Then, place the rest at the bottom of your deck in any order.",Yes,https://optcgapi.com/media/static/Card_Images/OP02-058_p1.jpg,,18.55,17.32,2026-09-07,
OP02-062_p1,Monkey.D.Luffy (062) (Alternate Art),OP-02,Paramount War,SR,Blue,Character,6,7000,,0,Strike,Straw Hat Crew Impel Down,"[On Play] / [When Attacking] You may trash 2 cards from your hand: Return up to 1 Character with a cost of 4 or less to the owner's hand. Then, this Character gains [Double Attack] during this turn. (This card deals 2 damage.)",Yes,https://optcgapi.com/media/static/Card_Images/OP02-062_p1.jpg,,72.79,44.00,2026-09-07,
OP02-004,Edward.Newgate (004),OP-02,Paramount War,SR,Red,Character,9,10000,,0,Special,The Four Emperors Whitebeard Pirates,"[On Play] Up to 1 of your Leader gains +2000 power until the start of your next turn. Then, you cannot add Life cards to your hand using your own effects during this turn. [DON!! x2] [When Attacking] K.O. up to 1 of your opponent's Characters with 3000 power or less.",No,https://optcgapi.com/media/static/Card_Images/OP02-004.jpg,,0.44,0.41,2026-09-07,
OP02-013,Portgas.D.Ace,OP-02,Paramount War,SR,Red,Character,7,7000,,0,Special,Whitebeard Pirates,"[On Play] Give up to 2 of your opponent's Characters -3000 power during this turn. Then, if your Leader's type includes ""Whitebeard Pirates"", this Character gains [Rush] during this turn. (This card can attack on the turn in which it is played.)",No,https://optcgapi.com/media/static/Card_Images/OP02-013.jpg,,4.44,4.35,2026-09-07,
OP02-018_p1,Marco (Alternate Art),OP-02,Paramount War,R,Red,Character,4,5000,,1000,Special,Whitebeard Pirates,"[Blocker] (After your opponent declares an attack, you may rest this card to make it the new target of the attack.) [On K.O.] You may trash 1 card with a type including ""Whitebeard Pirates"" from your hand: If you have 2 or less Life cards, play this Character card from your trash rested.",Yes,https://optcgapi.com/media/static/Card_Images/OP02-018_p1.jpg,,5.35,5.35,2026-09-07,
OP02-017_p1,Masked Deuce (Alternate Art),OP-02,Paramount War,R,Red,Character,2,3000,,2000,Wisdom,Spade Pirates,[DON!! x2] [When Attacking] K.O. up to 1 of your opponent's Characters with 2000 power or less.,Yes,https://optcgapi.com/media/static/Card_Images/OP02-017_p1.jpg,,2.02,1.68,2026-09-07,
OP02-004_p1,Edward.Newgate (004) (Alternate Art),OP-02,Paramount War,SR,Red,Character,9,10000,,0,Special,The Four Emperors Whitebeard Pirates,"[On Play] Up to 1 of your Leader gains +2000 power until the start of your next turn. Then, you cannot add Life cards to your hand using your own effects during this turn. [DON!! x2] [When Attacking] K.O. up to 1 of your opponent's Characters with 3000 power or less.",Yes,https://optcgapi.com/media/static/Card_Images/OP02-004_p1.jpg,,17.68,17.10,2026-09-07,
OP02-013_p1,Portgas.D.Ace (Parallel),OP-02,Paramount War,SR,Red,Character,7,7000,,0,Special,Whitebeard Pirates,"[On Play] Give up to 2 of your opponent's Characters -3000 power during this turn. Then, if your Leader's type includes ""Whitebeard Pirates"", this Character gains [Rush] during this turn. (This card can attack on the turn in which it is played.)",Yes,https://optcgapi.com/media/static/Card_Images/OP02-013_p1.jpg,,55.59,35.00,2026-09-07,
OP02-013_p2,Portgas.D.Ace (Parallel) (Manga) (Alternate Art),OP-02,Paramount War,SR,Red,Character,7,7000,,0,Special,Whitebeard Pirates,"[On Play] Give up to 2 of your opponent's Characters -3000 power during this turn. Then, if your Leader's type includes ""Whitebeard Pirates"", this Character gains [Rush] during this turn. (This card can attack on the turn in which it is played.)",Yes,https://optcgapi.com/media/static/Card_Images/OP02-013_p2.jpg,,1204.12,2250.00,2026-09-07,
OP02-036,Nami,OP-02,Paramount War,SR,Green,Character,3,5000,,0,Special,Film Straw Hat Crew,"[On Play]/[When Attacking] (1) (You may rest the specified number of DON!! cards in your cost area.): Look at 3 cards from the top of your deck; reveal up to 1 ""FILM"" type card other than [Nami] and add it to your hand. Then, place the rest at the bottom of your deck in any order.",No,https://optcgapi.com/media/static/Card_Images/OP02-036.jpg,,5.05,3.53,2026-09-07,
OP02-030,Kouzuki Oden,OP-02,Paramount War,SR,Green,Character,8,8000,,0,Slash,Land of Wano Kouzuki Clan,"[Activate:Main] [Once Per Turn] (3) (You may rest the specified number of DON!! cards in your cost area.): Set this Character as active. [On K.O.] Play up to 1 green ""Land of Wano"" type Character card with a cost of 3 from your deck. Then, shuffle your deck.",No,https://optcgapi.com/media/static/Card_Images/OP02-030.jpg,,0.73,0.74,2026-09-07,
OP02-030_p1,Kouzuki Oden (Alternate Art),OP-02,Paramount War,SR,Green,Character,8,8000,,0,Slash,Land of Wano Kouzuki Clan,"[Activate:Main] [Once Per Turn] (3) (You may rest the specified number of DON!! cards in your cost area.): Set this Character as active. [On K.O.] Play up to 1 green ""Land of Wano"" type Character card with a cost of 3 from your deck. Then, shuffle your deck.",Yes,https://optcgapi.com/media/static/Card_Images/OP02-030_p1.jpg,,7.54,7.50,2026-09-07,
OP02-041_p1,Monkey.D.Luffy (041) (Alternate Art),OP-02,Paramount War,R,Green,Character,7,7000,,0,Strike,Straw Hat Crew Supernovas,"[Blocker] (After your opponent declares an attack, you may rest this card to make it the new target of the attack.) [On Play] Play up to 1 ""FILM"" or ""Straw Hat Crew"" type Character card with a cost of 4 or less from your hand.",Yes,https://optcgapi.com/media/static/Card_Images/OP02-041_p1.jpg,,57.97,36.00,2026-09-07,
OP02-036_p1,Nami (Alternate Art),OP-02,Paramount War,SR,Green,Character,3,5000,,0,Special,Film Straw Hat Crew,"[On Play]/[When Attacking] (1) (You may rest the specified number of DON!! cards in your cost area.): Look at 3 cards from the top of your deck; reveal up to 1 ""FILM"" type card other than [Nami] and add it to your hand. Then, place the rest at the bottom of your deck in any order.",Yes,https://optcgapi.com/media/static/Card_Images/OP02-036_p1.jpg,,80.92,42.99,2026-09-07,
OP02-085,Magellan (085),OP-02,Paramount War,SR,Purple,Character,5,6000,,0,Special,Impel Down,"[On Play] DON!! -1 (You may return the specified number of DON!! cards from your field to your DON!! deck.): Your opponent returns 1 DON!! card from their field to their DON!! deck. [Opponent's Turn] When this Character is K.O.'d, your opponent returns 2 DON!! cards from their field to their DON!! deck.",No,https://optcgapi.com/media/static/Card_Images/OP02-085.jpg,,0.74,0.67,2026-09-07,
OP02-073_p1,Little Sadi (Alternate Art),OP-02,Paramount War,R,Purple,Character,3,3000,,2000,Wisdom,Impel Down,[On Play] Play up to 1 [Jailer Beast] type Character card from your hand.,Yes,https://optcgapi.com/media/static/Card_Images/OP02-073_p1.jpg,,6.50,6.00,2026-09-07,
OP02-085_p1,Magellan (085) (Alternate Art),OP-02,Paramount War,SR,Purple,Character,5,6000,,0,Special,Impel Down,"[On Play] DON!! -1 (You may return the specified number of DON!! cards from your field to your DON!! deck.): Your opponent returns 1 DON!! card from their field to their DON!! deck. [Opponent's Turn] When this Character is K.O.'d, your opponent returns 2 DON!! cards from their field to their DON!! deck.",Yes,https://optcgapi.com/media/static/Card_Images/OP02-085_p1.jpg,,7.42,6.69,2026-09-07,
OP02-120,Uta,OP-02,Paramount War,SEC,Purple,Character,8,8000,,0,Special,FILM,[On Play] DON!! -2 (You may return the specified number of DON!! cards from your field to your DON!! deck.): Your Leader and all of your Characters gain +1000 power until the start of your next turn.,No,https://optcgapi.com/media/static/Card_Images/OP02-120.jpg,,9.54,10.00,2026-09-07,
OP02-120_p1,Uta (Alternate Art),OP-02,Paramount War,SEC,Purple,Character,8,8000,,0,Special,FILM,[On Play] DON!! -2 (You may return the specified number of DON!! cards from your field to your DON!! deck.): Your Leader and all of your Characters gain +1000 power until the start of your next turn.,Yes,https://optcgapi.com/media/static/Card_Images/OP02-120_p1.jpg,,26.26,22.00,2026-09-07,
OP03-114,Charlotte Linlin (114),OP-03,Pillars of Strength,SR,Yellow,Character,10,12000,,0,Special,Big Mom Pirates,"[On Play] If your Leader has the [Big Mom Pirates] type, add up to 1 card from the top of your deck to the top of your Life cards. Then, trash up to 1 card from the top of your opponent's Life cards.",No,https://optcgapi.com/media/static/Card_Images/OP03-114.jpg,,2.44,1.25,2026-09-07,
OP03-108,Charlotte Cracker,OP-03,Pillars of Strength,SR,Yellow,Character,4,5000,,1000,Slash,Big Mom Pirates,"[DON!! x1] If you have less Life cards than your opponent, this Character gains [Double Attack] and +1000 power. (This card deals 2 damage.) [Trigger] You may trash 1 card from your hand: Play this card.",No,https://optcgapi.com/media/static/Card_Images/OP03-108.jpg,,0.36,0.26,2026-09-07,
OP03-013,Marco,OP-03,Pillars of Strength,SR,Red,Character,5,6000,,1000,Special,Whitebeard Pirates,[Your Turn] [On Play] K.O. up to 1 of your opponent's Characters with 3000 power or less. [On K.O.] You may trash 1 Event from your hand,No,https://optcgapi.com/media/static/Card_Images/OP03-013.jpg,,1.03,0.59,2026-09-07,
OP03-078,Issho,OP-03,Pillars of Strength,SR,Black,Character,8,9000,,0,Slash,Navy,"[DON!! x1] [Your Turn] Give all of your opponent's Characters -3 cost. [On Play] If your opponent has 6 or more cards in their hand, trash 2 cards from your opponent's hand.",No,https://optcgapi.com/media/static/Card_Images/OP03-078.jpg,,0.85,0.74,2026-09-07,
OP03-113,Charlotte Perospero,OP-03,Pillars of Strength,SR,Yellow,Character,3,5000,,0,Special,Big Mom Pirates,"[On K.O.] Look at 3 cards from the top of your deck; reveal up to 1 [Big Mom Pirates] type card and add it to your hand. Then, place the rest at the bottom of your deck in any order. [Trigger] You may trash 1 card from your hand: Play this card.",No,https://optcgapi.com/media/static/Card_Images/OP03-113.jpg,,0.33,0.30,2026-09-07,
OP03-080,Kaku (080),OP-03,Pillars of Strength,SR,Black,Character,5,6000,,1000,Slash,CP9,"[On Play] You may place 2 cards with a type including ""CP"" from your trash at the bottom of your deck in any order: K.O. up to 1 of your opponent's Characters with a cost of 3 or less.",No,https://optcgapi.com/media/static/Card_Images/OP03-080.jpg,,0.41,0.35,2026-09-07,
OP03-123,Charlotte Katakuri (123),OP-03,Pillars of Strength,SEC,Yellow,Character,8,8000,,0,Strike,Big Mom Pirates,[On Play] Add up to 1 Character with a cost of 8 or less to the top or bottom of the owner's Life cards face-up.,No,https://optcgapi.com/media/static/Card_Images/OP03-123.jpg,,2.70,2.70,2026-09-07,
OP03-025,Krieg,OP-03,Pillars of Strength,SR,Green,Character,6,7000,,0,Ranged,Krieg Pirates East Blue,[On Play] You may trash 1 card from your hand: K.O. up to 2 of your opponent's rested Characters with a cost of 4 or less. [DON!! x1] This Character gains [Double Attack]. (This card deals 2 damage.),No,https://optcgapi.com/media/static/Card_Images/OP03-025.jpg,,0.46,0.45,2026-09-07,
OP03-066,Paulie,OP-03,Pillars of Strength,SR,Purple,Character,5,6000,,0,Strike,Galley-La Company Water Seven,"[On Play] (2) (You may rest the specified number of DON!! cards in your cost area.): Add up to 1 DON!! card from your DON!! deck and set it as active. Then, if you have 8 or more DON!! cards on your field, K.O. up to 1 of your opponent's Characters with a cost of 4 or less.",No,https://optcgapi.com/media/static/Card_Images/OP03-066.jpg,,0.42,0.30,2026-09-07,
OP03-041,Usopp,OP-03,Pillars of Strength,SR,Blue,Character,4,5000,,0,Ranged,East Blue,"[Rush] (This card can attack on the turn in which it is played.) [DON!! x1] When this Character's attack deals damage to your opponent's Life, you may trash 7 cards from the top of your deck.",No,https://optcgapi.com/media/static/Card_Images/OP03-041.jpg,,0.91,0.79,2026-09-07,
OP03-122,Sogeking,OP-03,Pillars of Strength,SEC,Blue,Character,7,6000,,1000,Ranged,Sniper Island,"Also treat this card's name as [Usopp] according to the rules. [On Play] Return up to 1 Character with a cost of 6 or less to the owner's hand. Then, draw 2 cards and trash 2 cards from your hand.",No,https://optcgapi.com/media/static/Card_Images/OP03-122.jpg,,15.99,9.00,2026-09-07,
OP03-092,Rob Lucci (092),OP-03,Pillars of Strength,SR,Black,Character,6,7000,,0,Strike,CP9,"[On Play] You may place 2 cards with a type including ""CP"" from your trash at the bottom of your deck in any order: This Character gains [Rush] during this turn. (This card can attack on the turn in which it is played.)",No,https://optcgapi.com/media/static/Card_Images/OP03-092.jpg,,0.45,0.25,2026-09-07,
OP03-081_p1,Kalifa (081) (Alternate Art),OP-03,Pillars of Strength,R,Black,Character,4,4000,,2000,Special,CP9,"[On Play] Draw 2 cards and trash 2 cards from your hand. Then, give up to 1 of your opponent's Characters -2 cost during this turn.",Yes,https://optcgapi.com/media/static/Card_Images/OP03-081_p1.jpg,,14.18,14.06,2026-09-07,
OP03-080_p1,Kaku (080) (Alternate Art),OP-03,Pillars of Strength,SR,Black,Character,5,6000,,1000,Slash,CP9,"[On Play] You may place 2 cards with a type including ""CP"" from your trash at the bottom of your deck in any order: K.O. up to 1 of your opponent's Characters with a cost of 3 or less.",Yes,https://optcgapi.com/media/static/Card_Images/OP03-080_p1.jpg,,3.84,3.15,2026-09-07,
OP03-123_p1,Charlotte Katakuri (123) (Alternate Art),OP-03,Pillars of Strength,SEC,Yellow,Character,8,8000,,0,Strike,Big Mom Pirates,[On Play] Add up to 1 Character with a cost of 8 or less to the top or bottom of the owner's Life cards face-up.,Yes,https://optcgapi.com/media/static/Card_Images/OP03-123_p1.jpg,,18.85,18.00,2026-09-07,
OP03-086_p1,Spandam (Alternate Art),OP-03,Pillars of Strength,R,Black,Character,1,2000,,1000,Slash,CP9,"[On Play] If your Leader's type include ""CP"", look at 3 cards from the top of your deck; reveal up to 1 card with a type including ""CP"" other than [Spandam] and add it to your hand. Then, trash the rest.",Yes,https://optcgapi.com/media/static/Card_Images/OP03-086_p1.jpg,,2.38,2.46,2026-09-07,
OP03-112_p1,Charlotte Pudding (Alternate Art),OP-03,Pillars of Strength,R,Yellow,Character,1,2000,,2000,Wisdom,Big Mom Pirates,"[On Play] Look at 4 cards from the top of your deck; reveal up to 1 [Sanji] or [Big Mom Pirates] type card other than [Charlotte Pudding] and add it to your hand. Then, place the rest at the bottom of your deck in any order.",Yes,https://optcgapi.com/media/static/Card_Images/OP03-112_p1.jpg,,13.92,12.45,2026-09-07,
OP03-078_p1,Issho (Alternate Art),OP-03,Pillars of Strength,SR,Black,Character,8,9000,,0,Slash,Navy,"[DON!! x1] [Your Turn] Give all of your opponent's Characters -3 cost. [On Play] If your opponent has 6 or more cards in their hand, trash 2 cards from your opponent's hand.",Yes,https://optcgapi.com/media/static/Card_Images/OP03-078_p1.jpg,,6.11,5.95,2026-09-07,
OP03-108_p1,Charlotte Cracker (Alternate Art),OP-03,Pillars of Strength,SR,Yellow,Character,4,5000,,1000,Slash,Big Mom Pirates,"[DON!! x1] If you have less Life cards than your opponent, this Character gains [Double Attack] and +1000 power. (This card deals 2 damage.) [Trigger] You may trash 1 card from your hand: Play this card.",Yes,https://optcgapi.com/media/static/Card_Images/OP03-108_p1.jpg,,3.49,2.78,2026-09-07,
OP03-041_p1,Usopp (Alternate Art),OP-03,Pillars of Strength,SR,Blue,Character,4,5000,,0,Ranged,East Blue,"[Rush] (This card can attack on the turn in which it is played.) [DON!! x1] When this Character's attack deals damage to your opponent's Life, you may trash 7 cards from the top of your deck.",Yes,https://optcgapi.com/media/static/Card_Images/OP03-041_p1.jpg,,9.24,9.00,2026-09-07,
OP03-113_p1,Charlotte Perospero (Alternate Art),OP-03,Pillars of Strength,SR,Yellow,Character,3,5000,,0,Special,Big Mom Pirates,"[On K.O.] Look at 3 cards from the top of your deck; reveal up to 1 [Big Mom Pirates] type card and add it to your hand. Then, place the rest at the bottom of your deck in any order. [Trigger] You may trash 1 card from your hand: Play this card.",Yes,https://optcgapi.com/media/static/Card_Images/OP03-113_p1.jpg,,3.82,3.65,2026-09-07,
OP03-013_p1,Marco (Alternate Art),OP-03,Pillars of Strength,SR,Red,Character,5,6000,,1000,Special,Whitebeard Pirates,[Your Turn] [On Play] K.O. up to 1 of your opponent's Characters with 3000 power or less. [On K.O.] You may trash 1 Event from your hand,Yes,https://optcgapi.com/media/static/Card_Images/OP03-013_p1.jpg,,6.13,4.70,2026-09-07,
OP03-025_p1,Krieg (Alternate Art),OP-03,Pillars of Strength,SR,Green,Character,6,7000,,0,Ranged,Krieg Pirates East Blue,[On Play] You may trash 1 card from your hand: K.O. up to 2 of your opponent's rested Characters with a cost of 4 or less. [DON!! x1] This Character gains [Double Attack]. (This card deals 2 damage.),Yes,https://optcgapi.com/media/static/Card_Images/OP03-025_p1.jpg,,3.32,3.25,2026-09-07,
OP03-047_p1,Zeff (Alternate Art),OP-03,Pillars of Strength,R,Blue,Character,5,6000,,1000,Strike,East Blue,"[DON!! x1] When this Character's attack deals damage to your opponent's Life, you may trash 7 cards from the top of your deck. [On Play] Return up to 1 Character with a cost of 3 or less to the owner's hand, and you may trash 2 cards from the top of your deck.  This card has been officially errata'd.",Yes,https://optcgapi.com/media/static/Card_Images/OP03-047_p1.jpg,,6.37,5.29,2026-09-07,
OP03-092_p1,Rob Lucci (092) (Alternate Art),OP-03,Pillars of Strength,SR,Black,Character,6,7000,,0,Strike,CP9,"[On Play] You may place 2 cards with a type including ""CP"" from your trash at the bottom of your deck in any order: This Character gains [Rush] during this turn. (This card can attack on the turn in which it is played.)",Yes,https://optcgapi.com/media/static/Card_Images/OP03-092_p1.jpg,,7.95,8.25,2026-09-07,
OP03-114_p1,Charlotte Linlin (114) (Alternate Art),OP-03,Pillars of Strength,SR,Yellow,Character,10,12000,,0,Special,Big Mom Pirates,"[On Play] If your Leader has the [Big Mom Pirates] type, add up to 1 card from the top of your deck to the top of your Life cards. Then, trash up to 1 card from the top of your opponent's Life cards.",Yes,https://optcgapi.com/media/static/Card_Images/OP03-114_p1.jpg,,8.23,8.07,2026-09-07,
OP03-122_p1,Sogeking (Alternate Art),OP-03,Pillars of Strength,SEC,Blue,Character,7,6000,,1000,Ranged,Sniper Island,"Also treat this card's name as [Usopp] according to the rules. [On Play] Return up to 1 Character with a cost of 6 or less to the owner's hand. Then, draw 2 cards and trash 2 cards from your hand.",Yes,https://optcgapi.com/media/static/Card_Images/OP03-122_p1.jpg,,30.29,18.00,2026-09-07,
OP03-018_p1,Fire Fist (Alternate Art),OP-03,Pillars of Strength,R,Red,Event,3,,,,,Whitebeard Pirates,[Main] You may trash 1 Event from your hand: K.O. up to 1 of your opponent's Characters with 5000 power or less and up to 1 of your opponent's Characters with 4000 power or less. [Trigger] K.O. up to 1 of your opponent's Characters with 5000 power or less.,Yes,https://optcgapi.com/media/static/Card_Images/OP03-018_p1.jpg,,9.86,6.99,2026-09-07,
OP03-024_p1,Gin (Alternate Art),OP-03,Pillars of Strength,R,Green,Character,4,5000,,1000,Strike,Krieg Pirates East Blue,"[On Play] If your Leader has the [East Blue] type, rest up to 2 of your opponent's Characters with a cost of 4 or less.",Yes,https://optcgapi.com/media/static/Card_Images/OP03-024_p1.jpg,,6.16,4.99,2026-09-07,
ST03-009_p1,Donquixote Doflamingo (Wanted Poster),OP-03,Pillars of Strength,SR,Blue,Character,7,7000,,0,Special,Donquixote Pirates The Seven Warlords of the Sea,[On Play] Return up to 1 Character with a cost of 7 or less to the owner's hand.,Yes,https://optcgapi.com/media/static/Card_Images/ST03-009_p1.jpg,,98.49,59.97,2026-09-07,
OP03-066_p1,Paulie (Alternate Art),OP-03,Pillars of Strength,SR,Purple,Character,5,6000,,0,Strike,Galley-La Company Water Seven,"[On Play] (2) (You may rest the specified number of DON!! cards in your cost area.): Add up to 1 DON!! card from your DON!! deck and set it as active. Then, if you have 8 or more DON!! cards on your field, K.O. up to 1 of your opponent's Characters with a cost of 4 or less.",Yes,https://optcgapi.com/media/static/Card_Images/OP03-066_p1.jpg,,4.43,4.43,2026-09-07,
OP01-051_p2,"Eustass""Captain""Kid (Wanted Poster)",OP-03,Pillars of Strength,SR,Green,Character,8,8000,,0,Special,Kid Pirates Supernovas,"[DON!! x1] [Opponent's Turn] If this Character is rested, your opponent cannot attack any card other than the Character [Eustass""Captain""Kid]. [Activate:Main] [Once Per Turn] You may rest this Character: Play up to 1 Character card with a cost of 3 or less from your hand.",Yes,https://optcgapi.com/media/static/Card_Images/OP01-051_p2.jpg,,79.67,69.99,2026-09-07,
ST01-012_p1,Monkey.D.Luffy (Wanted Poster),OP-03,Pillars of Strength,SR,Red,Character,5,6000,,0,Strike,Straw Hat Crew Supernovas,[Rush] (This card can attack on the turn in which it is played.) [DON!! x2] [When Attacking] Your opponent cannot activate [Blocker] during this battle.,Yes,https://optcgapi.com/media/static/Card_Images/ST01-012_p1.jpg,,342.56,319.95,2026-09-07,
ST04-003_p1,Kaido (Wanted Poster),OP-03,Pillars of Strength,SR,Purple,Character,9,10000,,0,Strike,Animal Kingdom Pirates The Four Emperors,[On Play] DON!! -5 (You may return the specified number of DON!! cards from your field to your DON!! deck.): K.O. up to 1 of your opponent's Characters with a cost of 6 or less. This Character gains [Rush] during this turn. (This card can attack on the turn in which it is played.),Yes,https://optcgapi.com/media/static/Card_Images/ST04-003_p1.jpg,,74.73,54.99,2026-09-07,
OP03-122_p2,Sogeking (Alternate Art) (Manga),OP-03,Pillars of Strength,SEC,Blue,Character,7,6000,,1000,Ranged,Sniper Island,"Also treat this card's name as [Usopp] according to the rules. [On Play] Return up to 1 Character with a cost of 6 or less to the owner's hand. Then, draw 2 cards and trash 2 cards from your hand.",Yes,https://optcgapi.com/media/static/Card_Images/OP03-122_p2.jpg,,782.10,617.98,2026-09-07,
OP03-040_p1,Nami (040) (Alternate Art),OP-03,Pillars of Strength,L,Blue,Leader,,5000,5,,Wisdom,East Blue,"When your deck is reduced to 0, you win the game instead of losing, according to the rules. [DON!! x1] When this Leader's attack deals damage to your opponent's Life, you may trash 1 card from the top of your deck.",Yes,https://optcgapi.com/media/static/Card_Images/OP03-040_p1.jpg,,254.54,120.00,2026-09-07,
OP03-022_p1,Arlong (Alternate Art),OP-03,Pillars of Strength,L,Green Yellow,Leader,,5000,4,,Slash,Fish-Man Arlong Pirates East Blue,[DON!! x2] [When Attacking (1) (You may rest the specified number of DON!! cards in your cost area.): Play up to 1 Character card with a cost of 4 or less and a [Trigger] from your hand.,Yes,https://optcgapi.com/media/static/Card_Images/OP03-022_p1.jpg,,39.97,32.00,2026-09-07,
OP03-001_p1,Portgas.D.Ace (Alternate Art),OP-03,Pillars of Strength,L,Red,Leader,,5000,5,,Special,Whitebeard Pirates,"When this Leader attacks or is attacked, you may trash any number of Event or Stage cards from your hand. This Leader gains +1000 power during this battle for every card trashed.",Yes,https://optcgapi.com/media/static/Card_Images/OP03-001_p1.jpg,,80.92,68.95,2026-09-07,
OP03-076_p1,Rob Lucci (076) (Alternate Art),OP-03,Pillars of Strength,L,Black,Leader,,5000,5,,Strike,CP9,"[Your Turn] [Once Per Turn] You may trash 2 cards from your hand: When your opponent's Character is K.O.'d, set this Leader as active.",Yes,https://optcgapi.com/media/static/Card_Images/OP03-076_p1.jpg,,32.35,30.82,2026-09-07,
OP03-077_p1,Charlotte Linlin (077) (Alternate Art),OP-03,Pillars of Strength,L,Yellow Black,Leader,,5000,4,,Special,The Four Emperors Big Mom Pirates,"[DON!! x2] [When Attacking] (2) (You may rest the specified number of DON!! cards in your cost area.) You may trash 1 card from your hand: If you have 1 or less Life cards, add up to 1 card from the top of your deck to the top of your Life cards.",Yes,https://optcgapi.com/media/static/Card_Images/OP03-077_p1.jpg,,28.40,25.00,2026-09-07,
OP03-099_p1,Charlotte Katakuri (099) (Alternate Art),OP-03,Pillars of Strength,L,Yellow,Leader,,5000,5,,Strike,Big Mom Pirates,"[DON!! x1] [When Attacking] Look at up to 1 card from the top of your or your opponent's Life cards, and place it at the top or bottom of the Life cards. Then, this Leader gains +1000 power during this battle.",Yes,https://optcgapi.com/media/static/Card_Images/OP03-099_p1.jpg,,85.07,59.99,2026-09-07,
OP03-058_p1,Iceburg (Alternate Art),OP-03,Pillars of Strength,L,Purple,Leader,,5000,5,,Wisdom,Galley-La Company Water Seven,This Leader cannot attack. [Activate:Main] DON!! -1 (You may return the specified number of DON!! cards from your field to your DON!! deck.) You may rest this Leader: Play up to 1 [Galley-La Company] type Character card with a cost of 5 or less from your hand.,Yes,https://optcgapi.com/media/static/Card_Images/OP03-058_p1.jpg,,30.86,24.99,2026-09-07,
OP03-021_p1,Kuro (Alternate Art),OP-03,Pillars of Strength,L,Green,Leader,,5000,5,,Slash,East Blue Black Cat Pirates,"[Activate:Main] (3) (You may rest the specified number of DON!! cards in your cost area.) You may rest 2 of your [East Blue] type Characters: Set this Leader as active, and rest up to 1 of your opponent's Characters with a cost of 5 or less.",Yes,https://optcgapi.com/media/static/Card_Images/OP03-021_p1.jpg,,25.17,25.17,2026-09-07,
OP04-083,Sabo,OP-04,Kingdoms of Intrigue,SR,Black,Character,5,6000,,1000,Special,Revolutionary Army Dressrosa,"[Blocker] (After your opponent declares an attack, you may rest this card to make it the new target of the attack.) [On Play] None of your Characters can be K.O.'d by effects until the start of your next turn. Then, draw 2 cards and trash 2 cards from your hand.",No,https://optcgapi.com/media/static/Card_Images/OP04-083.jpg,,0.93,0.50,2026-09-07,
OP04-031,Donquixote Doflamingo (031),OP-04,Kingdoms of Intrigue,SR,Green,Character,10,10000,,0,Special,Donquixote Pirates The Seven Warlords of the Sea,[On Play] Up to a total of 3 of your opponent's rested Leader and Character cards will not become active in your opponent's next Refresh Phase.,No,https://optcgapi.com/media/static/Card_Images/OP04-031.jpg,,0.59,0.49,2026-09-07,
OP04-112,Yamato,OP-04,Kingdoms of Intrigue,SR,Yellow,Character,9,9000,,0,Strike,Land of Wano,"[On Play] K.O. up to 1 of your opponent's Characters with a cost equal to or less than the total of your and your opponent's Life cards. Then, if you have 1 or less Life cards, add up to 1 card from the top of your deck to the top of your Life cards.",No,https://optcgapi.com/media/static/Card_Images/OP04-112.jpg,,0.67,0.63,2026-09-07,
OP04-104,Sanji (104),OP-04,Kingdoms of Intrigue,SR,Yellow,Character,3,5000,,1000,Ranged,The Vinsmoke Family,"[Blocker] (After your opponent declares an attack, you may rest this card to make it the new target of the attack.) [Trigger] You may trash 1 card from your hand: Play this card.",No,https://optcgapi.com/media/static/Card_Images/OP04-104.jpg,,0.46,0.34,2026-09-07,
OP04-119,Donquixote Rosinante,OP-04,Kingdoms of Intrigue,SEC,Green,Character,8,8000,,0,Special,Donquixote Pirates Navy,"[Opponent's Turn] If this Character is rested, your active Characters with a base cost of 5 cannot be K.O.'d by effects. [On Play] You may rest this Character: Play up to 1 green Character card with a cost of 5 from your hand.",No,https://optcgapi.com/media/static/Card_Images/OP04-119.jpg,,2.19,1.86,2026-09-07,
OP04-064,Ms. All Sunday,OP-04,Kingdoms of Intrigue,SR,Purple,Character,5,5000,,0,Wisdom,Baroque Works,"[On Play] Add up to 1 DON!! card from your DON!! deck and rest it. Then, if you have 6 or more DON!! cards on your field, draw 1 card. [Trigger] DON!! -2 (You may return the specified number of DON!! cards from your field to your DON!! deck.): Play this card.",No,https://optcgapi.com/media/static/Card_Images/OP04-064.jpg,,2.21,2.00,2026-09-07,
OP04-044,Kaido,OP-04,Kingdoms of Intrigue,SR,Blue,Character,10,12000,,0,Strike,Animal Kingdom Pirates The Four Emperors,[On Play] Return up to 1 Character with a cost of 8 or less and up to 1 Character with a cost of 3 or less to the owner's hand.,No,https://optcgapi.com/media/static/Card_Images/OP04-044.jpg,,0.40,0.32,2026-09-07,
OP04-090,Monkey.D.Luffy (090),OP-04,Kingdoms of Intrigue,SR,Black,Character,7,7000,,0,Strike,Straw Hat Crew Dressrosa,"This Character can also attack active Characters. [Activate:Main] [Once Per Turn] You may return 7 cards from your trash to the bottom of your deck in any order: Set this Character as active. Then, this Character will not become active in your next Refresh Phase.",No,https://optcgapi.com/media/static/Card_Images/OP04-090.jpg,,1.47,1.46,2026-09-07,
OP04-024,Sugar,OP-04,Kingdoms of Intrigue,SR,Green,Character,2,0,,1000,Special,Donquixote Pirates,"[Opponent's Turn] [Once Per Turn] When your opponent plays a Character, if your Leader has the [Donquixote Pirates] type, rest up to 1 of your opponent's Characters. Then, rest this Character. [On Play] Rest up to 1 of your opponent's Characters with a cost of 4 or less.",No,https://optcgapi.com/media/static/Card_Images/OP04-024.jpg,,0.60,0.44,2026-09-07,
OP04-118,Nefeltari Vivi (118),OP-04,Kingdoms of Intrigue,SEC,Red,Character,7,4000,,1000,Wisdom,Alabasta,All of your red Characters with a cost of 3 or more other than this Character gain [Rush]. (This card can attack on the turn in which it is played.,No,https://optcgapi.com/media/static/Card_Images/OP04-118.jpg,,7.43,5.12,2026-09-07,
OP04-013,Pell,OP-04,Kingdoms of Intrigue,SR,Red,Character,5,6000,,0,Slash,Alabasta,[DON!! x1] [When Attacking] K.O. up to 1 of your opponent's Characters with 4000 power or less.,No,https://optcgapi.com/media/static/Card_Images/OP04-013.jpg,,0.41,0.32,2026-09-07,
OP04-060,Crocodile (060),OP-04,Kingdoms of Intrigue,SR,Purple,Character,8,9000,,0,Special,Baroque Works The Seven Warlords of the Sea,"[On Play] DON!! -2 (You may return the specified number of DON!! cards from your field to your DON!! deck.): If your Leader's type includes ""Baroque Works"", add up to 1 card from the top of your deck to the top of your Life cards. [On Your Opponent's Attack] [Once Per Turn] DON!! -1: Draw 1 card and trash 1 card from your hand.",No,https://optcgapi.com/media/static/Card_Images/OP04-060.jpg,,0.41,0.25,2026-09-07,
OP04-119_p1,Donquixote Rosinante (Alternate Art),OP-04,Kingdoms of Intrigue,SEC,Green,Character,8,8000,,0,Special,Donquixote Pirates Navy,"[Opponent's Turn] If this Character is rested, your active Characters with a base cost of 5 cannot be K.O.'d by effects. [On Play] You may rest this Character: Play up to 1 green Character card with a cost of 5 from your hand.",Yes,https://optcgapi.com/media/static/Card_Images/OP04-119_p1.jpg,,7.22,6.21,2026-09-07,
OP04-031_p1,Donquixote Doflamingo (031) (Alternate Art),OP-04,Kingdoms of Intrigue,SR,Green,Character,10,10000,,0,Special,Donquixote Pirates The Seven Warlords of the Sea,[On Play] Up to a total of 3 of your opponent's rested Leader and Character cards will not become active in your opponent's next Refresh Phase.,Yes,https://optcgapi.com/media/static/Card_Images/OP04-031_p1.jpg,,6.45,6.00,2026-09-07,
OP04-100_p1,"Capone""Gang""Bege (Alternate Art)",OP-04,Kingdoms of Intrigue,R,Yellow,Character,3,3000,,2000,Ranged,Firetank Pirates,[Trigger] Up to 1 of your opponent's Leader or Character cards cannot attack during this turn.,Yes,https://optcgapi.com/media/static/Card_Images/OP04-100_p1.jpg,,3.26,2.96,2026-09-07,
OP04-083_p1,Sabo (Alternate Art),OP-04,Kingdoms of Intrigue,SR,Black,Character,5,6000,,1000,Special,Revolutionary Army Dressrosa,"[Blocker] (After your opponent declares an attack, you may rest this card to make it the new target of the attack.) [On Play] None of your Characters can be K.O.'d by effects until the start of your next turn. Then, draw 2 cards and trash 2 cards from your hand.",Yes,https://optcgapi.com/media/static/Card_Images/OP04-083_p1.jpg,,18.47,17.99,2026-09-07,
OP04-104_p1,Sanji (104) (Alternate Art),OP-04,Kingdoms of Intrigue,SR,Yellow,Character,3,3000,,1000,Ranged,The Vinsmoke Family,"[Blocker] (After your opponent declares an attack, you may rest this card to make it the new target of the attack.) [Trigger] You may trash 1 card from your hand: Play this card.",Yes,https://optcgapi.com/media/static/Card_Images/OP04-104_p1.jpg,,8.11,6.99,2026-09-07,
OP04-064_p1,Ms. All Sunday (Alternate Art),OP-04,Kingdoms of Intrigue,SR,Purple,Character,5,5000,,0,Wisdom,Baroque Works,"[On Play] Add up to 1 DON!! card from your DON!! deck and rest it. Then, if you have 6 or more DON!! cards on your field, draw 1 card. [Trigger] DON!! -2 (You may return the specified number of DON!! cards from your field to your DON!! deck.): Play this card.",Yes,https://optcgapi.com/media/static/Card_Images/OP04-064_p1.jpg,,38.24,26.47,2026-09-07,
OP04-112_p1,Yamato (Alternate Art),OP-04,Kingdoms of Intrigue,SR,Yellow,Character,9,9000,,0,Strike,Land of Wano,"[On Play] K.O. up to 1 of your opponent's Characters with a cost equal to or less than the total of your and your opponent's Life cards. Then, if you have 1 or less Life cards, add up to 1 card from the top of your deck to the top of your Life cards.",Yes,https://optcgapi.com/media/static/Card_Images/OP04-112_p1.jpg,,19.25,19.00,2026-09-07,
OP04-024_p1,Sugar (Alternate Art),OP-04,Kingdoms of Intrigue,SR,Green,Character,2,0,,1000,Special,Donquixote Pirates,"[Opponent's Turn] [Once Per Turn] When your opponent plays a Character, if your Leader has the [Donquixote Pirates] type, rest up to 1 of your opponent's Characters. Then, rest this Character. [On Play] Rest up to 1 of your opponent's Characters with a cost of 4 or less.",Yes,https://optcgapi.com/media/static/Card_Images/OP04-024_p1.jpg,,6.67,6.67,2026-09-07,
OP04-044_p1,Kaido (Alternate Art),OP-04,Kingdoms of Intrigue,SR,Blue,Character,10,12000,,0,Strike,Animal Kingdom Pirates The Four Emperors,[On Play] Return up to 1 Character with a cost of 8 or less and up to 1 Character with a cost of 3 or less to the owner's hand.,Yes,https://optcgapi.com/media/static/Card_Images/OP04-044_p1.jpg,,6.69,6.18,2026-09-07,
OP04-090_p1,Monkey.D.Luffy (090) (Alternate Art),OP-04,Kingdoms of Intrigue,SR,Black,Character,7,7000,,0,Strike,Straw Hat Crew Dressrosa,"This Character can also attack active Characters. [Activate:Main] [Once Per Turn] You may return 7 cards from your trash to the bottom of your deck in any order: Set this Character as active. Then, this Character will not become active in your next Refresh Phase.",Yes,https://optcgapi.com/media/static/Card_Images/OP04-090_p1.jpg,,21.89,19.00,2026-09-07,
OP04-051_p1,Who's.Who (Alternate Art),OP-04,Kingdoms of Intrigue,R,Blue,Character,1,2000,,1000,Slash,Animal Kingdom Pirates,"[On Play] Look at 5 cards from the top of your deck; reveal up to 1 [Animal Kingdom Pirates] type card other than [Who's.Who] and add it to your hand. Then, place the rest at the bottom of your deck in any order.",Yes,https://optcgapi.com/media/static/Card_Images/OP04-051_p1.jpg,,2.37,2.00,2026-09-07,
OP04-082_p1,Kyros (Alternate Art),OP-04,Kingdoms of Intrigue,R,Black,Character,3,5000,,0,Slash,Dressrosa,"If this Character would be K.O.'d, you may rest your Leader or 1 [Corrida Coliseum] instead. [On Play] If your Leader is [Rebecca], K.O. up to 1 of your opponent's Characters with a cost of 1 or less. Then, trash 1 card from the top of your deck.",Yes,https://optcgapi.com/media/static/Card_Images/OP04-082_p1.jpg,,2.04,1.25,2026-09-07,
OP04-028_p1,Diamante (Alternate Art),OP-04,Kingdoms of Intrigue,R,Green,Character,5,6000,,1000,Slash,Donquixote Pirates,"[Blocker] (After your opponent declares an attack, you may rest this card to make it the new target of the attack.) [DON!! x1] [End of Your Turn] If you have 2 or more active DON!! cards, set this Character as active.",Yes,https://optcgapi.com/media/static/Card_Images/OP04-028_p1.jpg,,1.75,1.65,2026-09-07,
OP04-118_p1,Nefeltari Vivi (118) (Alternate Art),OP-04,Kingdoms of Intrigue,SEC,Red,Character,7,4000,,1000,Wisdom,Alabasta,All of your red Characters with a cost of 3 or more other than this Character gain [Rush]. (This card can attack on the turn in which it is played.,Yes,https://optcgapi.com/media/static/Card_Images/OP04-118_p1.jpg,,35.66,28.99,2026-09-07,
OP-04-OP03-081_p1,Kalifa (Dash Pack),OP-04,Kingdoms of Intrigue,R,Black,Character,4,4000,,2000,Special,CP9,"[On Play] Draw 2 cards and trash 2 cards from your hand. Then, give up to 1 of your opponent's Characters -2 cost during this turn.",Yes,https://optcgapi.com/media/static/Card_Images/OP03-081_p1_cCn0Rtb.jpg,,0.87,0.84,2026-09-07,
OP04-060_p1,Crocodile (060) (Alternate Art),OP-04,Kingdoms of Intrigue,SR,Purple,Character,8,9000,,0,Special,Baroque Works The Seven Warlords of the Sea,"[On Play] DON!! -2 (You may return the specified number of DON!! cards from your field to your DON!! deck.): If your Leader's type includes ""Baroque Works"", add up to 1 card from the top of your deck to the top of your Life cards. [On Your Opponent's Attack] [Once Per Turn] DON!! -1: Draw 1 card and trash 1 card from your hand.",Yes,https://optcgapi.com/media/static/Card_Images/OP04-060_p1.jpg,,5.01,4.99,2026-09-07,
OP04-040_p1,Queen (040) (Alternate Art),OP-04,Kingdoms of Intrigue,L,Blue Yellow,Leader,,5000,4,,Ranged,Animal Kingdom Pirates,"[DON!! x1] [When Attacking] If you have a total of 4 or less cards in your Life area and hand, draw 1 card. If you have a Character with a cost of 8 or more, you may add up to 1 card from the top of your deck to the top of your Life cards instead of drawing 1 card.",Yes,https://optcgapi.com/media/static/Card_Images/OP04-040_p1.jpg,,15.46,13.95,2026-09-07,
OP04-019_p1,Donquixote Doflamingo (019) (Alternate Art),OP-04,Kingdoms of Intrigue,L,Green Purple,Leader,,5000,4,,Special,Donquixote Pirates The Seven Warlords of the Sea,[End of Your Turn] Set up to 2 of your DON!! cards as active.,Yes,https://optcgapi.com/media/static/Card_Images/OP04-019_p1.jpg,,66.30,37.00,2026-09-07,
OP04-030_p1,Trebol (Alternate Art),OP-04,Kingdoms of Intrigue,R,Green,Character,6,6000,,0,Special,Donquixote Pirates,[On Play] K.O. up to 1 of your opponent's rested Characters with a cost of 5 or less. [On Your Opponent's Attack] (2) (You may rest the specified number of DON!! cards in your cost area.): Rest up to 1 of your opponent's Characters with a cost of 4 or less.,Yes,https://optcgapi.com/media/static/Card_Images/OP04-030_p1.jpg,,4.38,3.46,2026-09-07,
OP01-047_p2,Trafalgar Law (SP),OP-04,Kingdoms of Intrigue,SR,Green,Character,5,6000,,0,Slash,Heart Pirates Supernovas,"[Blocker] (After your opponent declares an attack, you may rest this card to make it the new target of the attack.) [On Play] You may return 1 of your Characters to the owner's hand: Play up to 1 Character card with a cost of 3 or less from your hand.",Yes,https://optcgapi.com/media/static/Card_Images/OP01-047_p2.jpg,,235.33,200.00,2026-09-07,
OP04-020_p1,Issho (Alternate Art),OP-04,Kingdoms of Intrigue,L,Green Black,Leader,,5000,4,,Special,Navy,[DON!! x1] [Your Turn] Give all of your opponent's Characters -1 cost. [End of Your Turn] (1) (You may rest the specified number of DON!! cards in your cost area.): Set up to 1 of your Characters with a cost of 5 or less as active.,Yes,https://optcgapi.com/media/static/Card_Images/OP04-020_p1.jpg,,18.29,17.42,2026-09-07,
OP02-004_p2,Edward.Newgate (SP),OP-04,Kingdoms of Intrigue,SR,Red,Character,9,10000,,0,Special,The Four Emperors Whitebeard Pirates,"[On Play] Up to 1 of your Leader gains +2000 power until the start of your next turn. Then, you cannot add Life cards to your hand using your own effects during this turn. [DON!! x2] [When Attacking] K.O. up to 1 of your opponent's Characters with 3000 power or less.",Yes,https://optcgapi.com/media/static/Card_Images/OP02-004_p2.jpg,,143.46,73.12,2026-09-07,
OP04-058_p1,Crocodile (058) (Alternate Art),OP-04,Kingdoms of Intrigue,L,Purple Yellow,Leader,,5000,4,,Special,Baroque Works The Seven Warlords of the Sea,"[Opponent's Turn] [Once Per Turn] When a DON!! card on your field is returned to your DON!! deck by your effect, add up to 1 DON!! card from your DON!! deck and set it as active.",Yes,https://optcgapi.com/media/static/Card_Images/OP04-058_p1.jpg,,48.08,38.40,2026-09-07,
OP04-072_p1,Mr.5 (Gem) (Alternate Art),OP-04,Kingdoms of Intrigue,R,Purple,Character,7,8000,,0,Special,Baroque Works,[On Your Opponent's Attack] [Once Per Turn] DON!! -2 (You may return the specified number of DON!! cards from your field to your DON!! deck.) You may rest this Character: K.O. up to 1 of your opponent's Characters with a cost of 4 or less.,Yes,https://optcgapi.com/media/static/Card_Images/OP04-072_p1.jpg,,3.34,3.00,2026-09-07,
OP04-013_p1,Pell (Alternate Art),OP-04,Kingdoms of Intrigue,SR,Red,Character,5,6000,,0,Slash,Alabasta,[DON!! x1] [When Attacking] K.O. up to 1 of your opponent's Characters with 4000 power or less.,Yes,https://optcgapi.com/media/static/Card_Images/OP04-013_p1.jpg,,3.00,2.95,2026-09-07,
OP04-001_p1,Nefeltari Vivi (001) (Alternate Art),OP-04,Kingdoms of Intrigue,L,Blue Red,Leader,,5000,5,,Slash,Alabasta,This Leader cannot attack. [Activate:Main] [Once Per Turn] (2) (You may rest the specified number of DON!! cards in your cost area.): Draw 1 card and up to 1 of your Characters gains [Rush] during this turn. (This card can attack on the turn in which it is played.),Yes,https://optcgapi.com/media/static/Card_Images/OP04-001_p1.jpg,,141.22,99.99,2026-09-07,
OP04-039_p1,Rebecca (039) (Alternate Art),OP-04,Kingdoms of Intrigue,L,Blue Black,Leader,,5000,5,,Slash,Dressrosa,"This Leader cannot attack. [Activate:Main] [Once Per Turn] (1) (You may rest the specified number of DON!! cards in your cost area.): If you have 6 or less cards in your hand, look at 2 cards from the top of your deck; reveal up to 1 [Dressrosa] type card and add it to your hand. Then, trash the rest.",Yes,https://optcgapi.com/media/static/Card_Images/OP04-039_p1.jpg,,44.54,41.99,2026-09-07,
OP01-078_p2,Boa Hancock (SP),OP-04,Kingdoms of Intrigue,SR,Blue,Character,4,5000,,1000,Special,Kuja Pirates The Seven Warlords of the Sea,"[Blocker] (After your opponent declares an attack, you may rest this card to make it the new target of the attack.) [DON!! x1] [When Attacking] / [On Block] Draw 1 card if you have 5 or less cards in your hand.",Yes,https://optcgapi.com/media/static/Card_Images/OP01-078_p2.jpg,,995.56,1550.00,2026-09-07,
OP02-099_p2,Sakazuki (SP),OP-04,Kingdoms of Intrigue,SR,Black,Character,6,7000,,0,Special,Navy,[On Play] You may trash 1 card from your hand: K.O. up to 1 of your opponent's Characters with a cost of 5 or less.,Yes,https://optcgapi.com/media/static/Card_Images/OP02-099_p2.jpg,,79.25,67.90,2026-09-07,
OP02-085_p2,Magellan (SP),OP-04,Kingdoms of Intrigue,SR,Purple,Character,5,6000,,0,Special,Impel Down,"[On Play] DON!! -1 (You may return the specified number of DON!! cards from your field to your DON!! deck.): Your opponent returns 1 DON!! card from their field to their DON!! deck. [Opponent's Turn] When this Character is K.O.'d, your opponent returns 2 DON!! cards from their field to their DON!! deck.",Yes,https://optcgapi.com/media/static/Card_Images/OP02-085_p2.jpg,,48.88,35.00,2026-09-07,
OP04-083_p2,Sabo (Alternate Art) (Manga),OP-04,Kingdoms of Intrigue,SR,Black,Character,5,6000,,1000,Special,Revolutionary Army Dressrosa,"[Blocker] (After your opponent declares an attack, you may rest this card to make it the new target of the attack.) [On Play] None of your Characters can be K.O.'d by effects until the start of your next turn. Then, draw 2 cards and trash 2 cards from your hand.",Yes,https://optcgapi.com/media/static/Card_Images/OP04-083_p2.jpg,,836.99,734.99,2026-09-07,
OP05-091,Rebecca,OP-05,Awakening of the New Era,SR,Black,Character,4,0,,1000,Wisdom,Dressrosa,"[Blocker] [On Play] Add up to 1 black Character card with a cost of 3 to 7 other than [Rebecca] from your trash to your hand. Then, play up to 1 black Character card with a cost of 3 or less from your hand rested.",No,https://optcgapi.com/media/static/Card_Images/OP05-091.jpg,,1.28,1.00,2026-09-07,
OP05-074,"Eustass""Captain""Kid",OP-05,Awakening of the New Era,SR,Purple,Character,5,6000,,1000,Special,Kid Pirates,"[Blocker] [Your Turn][Once Per Turn] When a DON!! card on your field is returned to your DON!! deck, add up to 1 DON!! card from your DON!! deck and set it as active.",No,https://optcgapi.com/media/static/Card_Images/OP05-074.jpg,,0.46,0.40,2026-09-07,
OP05-006,Koala,OP-05,Awakening of the New Era,SR,Red,Character,2,3000,,2000,Strike,Revolutionary Army,"[On Play] If your Leader has the [Revolutionary Army] type, give up to 1 of your opponent's Characters -3000 power during this turn.",No,https://optcgapi.com/media/static/Card_Images/OP05-006.jpg,,0.80,0.69,2026-09-07,
OP05-093,Rob Lucci (093),OP-05,Awakening of the New Era,SR,Black,Character,4,6000,,0,Strike,CP0,[On Play] You may place 3 cards from your trash at the bottom of your deck in any order: K.O. up to 1 of your opponent's Characters with a cost of 2 or less and up to 1 of your opponent's Characters with a cost of 1 or less.,No,https://optcgapi.com/media/static/Card_Images/OP05-093.jpg,,0.47,0.39,2026-09-07,
OP05-069,Trafalgar Law (069),OP-05,Awakening of the New Era,SR,Purple,Character,3,5000,,0,Slash,Heart Pirates,"[When Attacking] If your opponent has more DON!! cards on their field than you, look at 5 cards from the top of your deck; reveal up to 1 [Heart Pirates] type card and add it to your hand. Then, place the rest at the bottom of your deck in any order.",No,https://optcgapi.com/media/static/Card_Images/OP05-069.jpg,,0.68,0.40,2026-09-07,
OP05-118,Kaido (118),OP-05,Awakening of the New Era,SEC,Blue,Character,10,12000,,0,Special,Animal Kingdom Pirates The Four Emperors,[On Play] Draw 4 cards if your opponent has 3 or less Life cards.,No,https://optcgapi.com/media/static/Card_Images/OP05-118.jpg,,1.41,1.00,2026-09-07,
OP05-100,Enel (100),OP-05,Awakening of the New Era,SR,Yellow,Character,7,7000,,0,Special,Sky Island,"[Rush] [Once Per Turn] If this Character would leave the field, you may trash 1 card from the top of your Life cards instead. If there is a [Monkey.D.Luffy] Character, this effect is negated.",No,https://optcgapi.com/media/static/Card_Images/OP05-100.jpg,,0.54,0.30,2026-09-07,
OP05-051,Borsalino,OP-05,Awakening of the New Era,SR,Blue,Character,7,8000,,0,Special,Navy,[On Play] Place up to 1 Character with a cost of 4 or less at the bottom of the owner's deck.,No,https://optcgapi.com/media/static/Card_Images/OP05-051.jpg,,0.48,0.30,2026-09-07,
OP05-043,Ulti,OP-05,Awakening of the New Era,SR,Blue,Character,4,5000,,1000,Strike,Animal Kingdom Pirates,"[On Play] If your Leader is multicolored, look at 3 cards from the top of your deck and add up to 1 card to your hand. Then, place the rest at the top or bottom of the deck in any order.",No,https://optcgapi.com/media/static/Card_Images/OP05-043.jpg,,0.47,0.29,2026-09-07,
OP05-119,Monkey.D.Luffy (119),OP-05,Awakening of the New Era,SEC,Purple,Character,10,12000,,0,Strike,Straw Hat Crew The Four Emperors,"[On Play] DON!! -10: Place all of your Characters except this Character at the bottom of your deck in any order. Then, take an extra turn after this one. [Activate:Main][Once Per Turn] (1): Add up to 1 DON!! card from your DON!! deck and set it as active.",No,https://optcgapi.com/media/static/Card_Images/OP05-119.jpg,,9.26,7.00,2026-09-07,
OP05-007,Sabo (007),OP-05,Awakening of the New Era,SR,Red,Character,6,7000,,0,Special,Revolutionary Army,[On Play] K.O. up to 2 of your opponent's Characters with a total power of 4000 or less.,No,https://optcgapi.com/media/static/Card_Images/OP05-007.jpg,,0.45,0.08,2026-09-07,
ST01-012_p2,Monkey.D.Luffy (012) (Alternate Art),OP-05,Awakening of the New Era,SR,Red,Character,5,6000,,0,Strike,Straw Hat Crew Supernovas,[Rush] (This card can attack on the turn in which it is played.) [DON!! x2][When Attacking] Your opponent cannot activate [Blocker] during this battle.,Yes,https://optcgapi.com/media/static/Card_Images/ST01-012_p2.jpg,,57.67,42.00,2026-09-07,
OP05-006_p1,Koala (Alternate Art),OP-05,Awakening of the New Era,SR,Red,Character,2,3000,,2000,Strike,Revolutionary Army,"[On Play] If your Leader has the [Revolutionary Army] type, give up to 1 of your opponent's Characters -3000 power during this turn.",Yes,https://optcgapi.com/media/static/Card_Images/OP05-006_p1.jpg,,5.41,5.65,2026-09-07,
OP05-032,Pica,OP-05,Awakening of the New Era,SR,Green,Character,4,6000,,0,Strike,Donquixote Pirates,"[End of Your Turn] (1): Set this Character as active. [Once Per Turn] If this Character would be K.O.'d, you may rest up to 1 of your Characters with a cost of 3 or more other than [Pica] instead.",No,https://optcgapi.com/media/static/Card_Images/OP05-032.jpg,,0.35,0.18,2026-09-07,
OP05-091_p1,Rebecca (Alternate Art),OP-05,Awakening of the New Era,SR,Black,Character,4,0,,1000,Wisdom,Dressrosa,"[Blocker] [On Play] Add up to 1 black Character card with a cost of 3 to 7 other than [Rebecca] from your trash to your hand. Then, play up to 1 black Character card with a cost of 3 or less from your hand rested.",Yes,https://optcgapi.com/media/static/Card_Images/OP05-091_p1.jpg,,16.26,17.92,2026-09-07,
OP05-067_p1,Zoro-Juurou (Alternate Art),OP-05,Awakening of the New Era,R,Purple,Character,3,4000,,1000,Slash,Straw Hat Crew,"[When Attacking] If you have 3 or less Life cards, add up to 1 DON!! card from your DON!! deck and set it as active.",Yes,https://optcgapi.com/media/static/Card_Images/OP05-067_p1.jpg,,37.28,34.90,2026-09-07,
OP05-093_p1,Rob Lucci (093) (Alternate Art),OP-05,Awakening of the New Era,SR,Black,Character,4,6000,,0,Strike,CP0,[On Play] You may place 3 cards from your trash at the bottom of your deck in any order: K.O. up to 1 of your opponent's Characters with a cost of 2 or less and up to 1 of your opponent's Characters with a cost of 1 or less.,Yes,https://optcgapi.com/media/static/Card_Images/OP05-093_p1.jpg,,4.90,4.90,2026-09-07,
OP05-015_p1,Belo Betty (015) (Alternate Art),OP-05,Awakening of the New Era,R,Red,Character,1,2000,,1000,Special,Revolutionary Army,"[On Play] Look at 5 cards from the top of your deck; reveal up to 1 [Revolutionary Army] type card other than [Belo Betty] and add it to your hand. Then, place the rest at the bottom of your deck in any order.",Yes,https://optcgapi.com/media/static/Card_Images/OP05-015_p1.jpg,,7.94,7.79,2026-09-07,
OP05-102_p1,Gedatsu (Alternate Art),OP-05,Awakening of the New Era,R,Yellow,Character,5,6000,,1000,Strike,Sky Island Vassals,[On Play] K.O. up to 1 of your opponent's Characters with a cost equal to or less than the number of your opponent's Life cards.,Yes,https://optcgapi.com/media/static/Card_Images/OP05-102_p1.jpg,,2.38,1.95,2026-09-07,
OP05-002_p1,Belo Betty (002) (Alternate Art),OP-05,Awakening of the New Era,L,Red Yellow,Leader,,5000,4,,Special,Revolutionary Army,"[Activate:Main][Once Per Turn] You may trash 1 ""Revolutionary Army"" type card from your hand: Up to 3 of your ""Revolutionary Army"" type Characters or Characters with a [Trigger] gain +3000 power during this turn.",Yes,https://optcgapi.com/media/static/Card_Images/OP05-002_p1.jpg,,44.77,24.00,2026-09-07,
OP05-034_p1,Baby 5 (034) (Alternate Art),OP-05,Awakening of the New Era,R,Green,Character,1,1000,,1000,Special,Donquixote Pirates,"[Activate:Main] (1) (You may rest the specified number of DON!! cards in your cost area.) You may rest this Character: Look at 5 cards from the top of your deck; reveal up to 1 [Donquixote Pirates] type card and add it to your hand. Then, place the rest at the bottom of your deck in any order.",Yes,https://optcgapi.com/media/static/Card_Images/OP05-034_p1.jpg,,3.25,2.99,2026-09-07,
OP05-118_p1,Kaido (118) (Alternate Art),OP-05,Awakening of the New Era,SEC,Blue,Character,10,12000,,0,Special,Animal Kingdom Pirates The Four Emperors,[On Play] Draw 4 cards if your opponent has 3 or less Life cards.,Yes,https://optcgapi.com/media/static/Card_Images/OP05-118_p1.jpg,,13.41,11.99,2026-09-07,
OP05-100_p1,Enel (100) (Alternate Art),OP-05,Awakening of the New Era,SR,Yellow,Character,7,7000,,0,Special,Sky Island,"[Rush] [Once Per Turn] If this Character would leave the field, you may trash 1 card from the top of your Life cards instead. If there is a [Monkey.D.Luffy] Character, this effect is negated.",Yes,https://optcgapi.com/media/static/Card_Images/OP05-100_p1.jpg,,5.11,5.11,2026-09-07,
OP05-043_p1,Ulti (Alternate Art),OP-05,Awakening of the New Era,SR,Blue,Character,4,5000,,1000,Strike,Animal Kingdom Pirates,"[On Play] If your Leader is multicolored, look at 3 cards from the top of your deck and add up to 1 card to your hand. Then, place the rest at the top or bottom of the deck in any order.",Yes,https://optcgapi.com/media/static/Card_Images/OP05-043_p1.jpg,,3.61,3.99,2026-09-07,
OP05-060_p1,Monkey.D.Luffy (060) (Alternate Art),OP-05,Awakening of the New Era,L,Purple,Leader,,5000,5,,Strike,Straw Hat Crew,"[Activate:Main][Once Per Turn] You may add 1 card from the top of your Life cards to your hand: If you have 0 or 3 or more DON!! cards on your field, add up to 1 DON!! card from your DON!! deck and set it as active.",Yes,https://optcgapi.com/media/static/Card_Images/OP05-060_p1.jpg,,107.40,45.00,2026-09-07,
OP05-119_p1,Monkey.D.Luffy (119) (Alternate Art),OP-05,Awakening of the New Era,SEC,Purple,Character,10,12000,,0,Strike,Straw Hat Crew The Four Emperors,"[On Play] DON!! -10: Place all of your Characters except this Character at the bottom of your deck in any order. Then, take an extra turn after this one. [Activate:Main][Once Per Turn] (1): Add up to 1 DON!! card from your DON!! deck and set it as active.",Yes,https://optcgapi.com/media/static/Card_Images/OP05-119_p1.jpg,,201.18,152.12,2026-09-07,
OP05-051_p1,Borsalino (Alternate Art),OP-05,Awakening of the New Era,SR,Blue,Character,7,8000,,0,Special,Navy,[On Play] Place up to 1 Character with a cost of 4 or less at the bottom of the owner's deck.,Yes,https://optcgapi.com/media/static/Card_Images/OP05-051_p1.jpg,,5.06,3.42,2026-09-07,
OP05-098_p1,Enel (098) (Alternate Art),OP-05,Awakening of the New Era,L,Yellow,Leader,,5000,4,,Special,Sky Island,"[Opponent's Turn][Once Per Turn] When your number of Life cards becomes 0, add 1 card from the top of your deck to the top of your Life cards. Then, trash 1 card from your hand.",Yes,https://optcgapi.com/media/static/Card_Images/OP05-098_p1.jpg,,36.09,25.00,2026-09-07,
OP05-032_p1,Pica (Alternate Art),OP-05,Awakening of the New Era,SR,Green,Character,4,6000,,0,Strike,Donquixote Pirates,"[End of Your Turn] (1): Set this Character as active. [Once Per Turn] If this Character would be K.O.'d, you may rest up to 1 of your Characters with a cost of 3 or more other than [Pica] instead.",Yes,https://optcgapi.com/media/static/Card_Images/OP05-032_p1.jpg,,1.98,2.00,2026-09-07,
OP05-007_p1,Sabo (007) (Alternate Art),OP-05,Awakening of the New Era,SR,Red,Character,6,7000,,0,Special,Revolutionary Army,[On Play] K.O. up to 2 of your opponent's Characters with a total power of 4000 or less.,Yes,https://optcgapi.com/media/static/Card_Images/OP05-007_p1.jpg,,3.55,3.50,2026-09-07,
OP05-069_p1,Trafalgar Law (Alternate Art) (069),OP-05,Awakening of the New Era,SR,Purple,Character,3,5000,,0,Slash,Heart Pirates,"[When Attacking] If your opponent has more DON!! cards on their field than you, look at 5 cards from the top of your deck; reveal up to 1 [Heart Pirates] type card and add it to your hand. Then, place the rest at the bottom of your deck in any order.",Yes,https://optcgapi.com/media/static/Card_Images/OP05-069_p1.jpg,,14.80,11.45,2026-09-07,
OP05-022_p1,Donquixote Rosinante (022) (Alternate Art),OP-05,Awakening of the New Era,L,Blue Green,Leader,,5000,4,,Special,Donquixote Pirates Navy,"[Blocker] (After your opponent declares an attack, you may rest this card to make it the new target of the attack.) [End of Your Turn] If you have 6 or less cards in your hand, set this Leader as active.",Yes,https://optcgapi.com/media/static/Card_Images/OP05-022_p1.jpg,,20.12,16.00,2026-09-07,
OP05-055_p1,X.Drake (Alternate Art),OP-05,Awakening of the New Era,R,Blue,Character,5,6000,,1000,Slash,Animal Kingdom Pirates Drake Pirates Navy,"[Blocker] (After your opponent declares an attack, you may rest this card to make it the new target of the attack.) [On Play] Look at 5 cards from the top of your deck and place them at the top or bottom of the deck in any order.",Yes,https://optcgapi.com/media/static/Card_Images/OP05-055_p1.jpg,,1.48,1.19,2026-09-07,
OP05-001_p1,Sabo (001) (Alternate Art),OP-05,Awakening of the New Era,L,Red Black,Leader,,5000,4,,Special,Revolutionary Army,"[DON!! x1][Opponent's Turn][Once Per Turn] If your Character with 5000 power or more would be K.O.'d, you may give that Character -1000 power during this turn instead of that Character being K.O.'d",Yes,https://optcgapi.com/media/static/Card_Images/OP05-001_p1.jpg,,14.62,14.10,2026-09-07,
OP05-041_p1,Sakazuki (Alternate Art),OP-05,Awakening of the New Era,L,Blue Black,Leader,,5000,4,,Special,Navy,[Activate:Main][Once Per Turn] You may trash 1 card from your hand: Draw 1 card. [When Attacking] Give up to 1 of your opponent's Characters -1 cost during this turn.,Yes,https://optcgapi.com/media/static/Card_Images/OP05-041_p1.jpg,,23.80,11.00,2026-09-07,
OP03-092_p2,Rob Lucci (092) (SP),OP-05,Awakening of the New Era,SR,Black,Character,6,7000,,0,Strike,CP9,"[On Play] You may place 2 cards with a type including ""CP"" from your trash at the bottom of your deck in any order: This Character gains [Rush] during this turn. (This card can attack on the turn in which it is played.)",Yes,https://optcgapi.com/media/static/Card_Images/OP03-092_p2.jpg,,63.15,54.99,2026-09-07,
OP01-121_p2,Yamato (SP),OP-05,Awakening of the New Era,SEC,Green,Character,5,5000,,1000,Strike,Land of Wano,"Also treat this card's name as [Kouzuki Oden] according to the rules. [Double Attack] (This card deals 2 damage.) [Banish] (When this card deals damage, the target card is trashed without activating its Trigger.)",Yes,https://optcgapi.com/media/static/Card_Images/OP01-121_p2.jpg,,205.84,83.00,2026-09-07,
OP04-044_p2,Kaido (044) (SP),OP-05,Awakening of the New Era,SR,Blue,Character,10,12000,,0,Strike,Animal Kingdom Pirates The Four Emperors,[On Play] Return up to 1 Character with a cost of 8 or less and up to 1 Character with a cost of 3 or less to the owner's hand.,Yes,https://optcgapi.com/media/static/Card_Images/OP04-044_p2.jpg,,148.23,119.99,2026-09-07,
OP01-016_p2,Nami (SP),OP-05,Awakening of the New Era,R,Red,Character,1,2000,,1000,Special,Straw Hat Crew,"[On Play] Look at 5 cards from the top of your deck; reveal up to 1 [Straw Hat Crew] type card other than [Nami] and add it to your hand. Then, place the rest at the bottom of your deck in any order.",Yes,https://optcgapi.com/media/static/Card_Images/OP01-016_p2.jpg,,542.88,198.12,2026-09-07,
OP02-120_p2,Uta (SP),OP-05,Awakening of the New Era,SEC,Purple,Character,8,8000,,0,Special,FILM,[On Play] DON!! -2 (You may return the specified number of DON!! cards from your field to your DON!! deck.): Your Leader and all of your Characters gain +1000 power until the start of your next turn.,Yes,https://optcgapi.com/media/static/Card_Images/OP02-120_p2.jpg,,218.11,144.99,2026-09-07,
OP05-100_p2,Enel (100) (SP),OP-05,Awakening of the New Era,SR,Yellow,Character,7,7000,,0,Special,Sky Island,"[Rush] [Once Per Turn] If this Character would leave the field, you may trash 1 card from the top of your Life cards instead. If there is a [Monkey.D.Luffy] Character, this effect is negated.",Yes,https://optcgapi.com/media/static/Card_Images/OP05-100_p2.jpg,,131.05,93.85,2026-09-07,
OP05-069_p2,Trafalgar Law (069) (Alternate Art) (Manga),OP-05,Awakening of the New Era,SR,Purple,Character,3,5000,,0,Slash,Heart Pirates,"[When Attacking] If your opponent has more DON!! cards on their field than you, look at 5 cards from the top of your deck; reveal up to 1 [Heart Pirates] type card and add it to your hand. Then, place the rest at the bottom of your deck in any order.",Yes,https://optcgapi.com/media/static/Card_Images/OP05-069_p2.jpg,,1003.19,818.98,2026-09-07,
OP05-074_p2,"Eustass""Captain""Kid (Alternate Art) (Manga)",OP-05,Awakening of the New Era,SR,Purple,Character,5,6000,,1000,Special,Kid Pirates,"[Blocker] [Your Turn][Once Per Turn] When a DON!! card on your field is returned to your DON!! deck, add up to 1 DON!! card from your DON!! deck and set it as active.",Yes,https://optcgapi.com/media/static/Card_Images/OP05-074_p2.jpg,,620.75,1188.69,2026-09-07,
ST01-012_p3,Monkey.D.Luffy (012) (Alternate Art) (Gold-Stamped Signature),OP-05,Awakening of the New Era,SR,Red,Character,5,6000,,0,Strike,Straw Hat Crew Supernovas,[Rush] (This card can attack on the turn in which it is played.) [DON!! x2][When Attacking] Your opponent cannot activate [Blocker] during this battle.,Yes,https://optcgapi.com/media/static/Card_Images/ST01-012_p3.jpg,,3282.21,4500.00,2026-09-07,
OP05-119_p2,Monkey.D.Luffy (119) (Alternate Art) (Manga),OP-05,Awakening of the New Era,SEC,Purple,Character,10,12000,,0,Strike,Straw Hat Crew The Four Emperors,"[On Play] DON!! -10: Place all of your Characters except this Character at the bottom of your deck in any order. Then, take an extra turn after this one. [Activate:Main][Once Per Turn] (1): Add up to 1 DON!! card from your DON!! deck and set it as active.",Yes,https://optcgapi.com/media/static/Card_Images/OP05-119_p2.jpg,,3915.86,6400.00,2026-09-07,
OP05-088_p1,Mansherry (Alternate Art),OP-05,Awakening of the New Era,R,Black,Character,1,0,,1000,Special,Dressrosa The Tontattas,[Activate:Main] (1) (You may rest the specified number of DON!! cards in your cost area.) You may rest this Character and place 2 cards from your trash at the bottom of your deck in any order: Add up to 1 black Character card with a cost of 3 to 5 from your trash to your hand.,Yes,https://optcgapi.com/media/static/Card_Images/OP05-088_p1.jpg,,5.99,7.07,2026-09-07,
OP05-074_p1,"Eustass""Captain""Kid (Alternate Art)",OP-05,Awakening of the New Era,SR,Purple,Character,5,6000,,1000,Special,Kid Pirates,"[Blocker] [Your Turn][Once Per Turn] When a DON!! card on your field is returned to your DON!! deck, add up to 1 DON!! card from your DON!! deck and set it as active.",Yes,https://optcgapi.com/media/static/Card_Images/OP05-074_p1.jpg,,5.59,5.00,2026-09-07,
OP06-035,Hody Jones (035),OP-06,Wings of the Captain,SR,Green,Character,7,8000,,0,Strike,Fish-Man New Fish-Man Pirates,"[Rush] (This card can attack on the turn in which it is played.)
[On Play] Rest up to a total of 2 of your opponent's Characters or DON!! cards. Then, add 1 card from the top of your Life cards to your hand.",No,https://optcgapi.com/media/static/Card_Images/OP06-035.jpg,,5.54,3.99,2026-09-07,
OP06-069,Vinsmoke Reiju (069),OP-06,Wings of the Captain,SR,Purple,Character,4,5000,,1000,Special,The Vinsmoke Family GERMA 66,"[On Play] If the number of DON!! cards on your field is equal to or less than the number on your opponent's field and you have 5 or less cards in your hand, draw 2 cards.",No,https://optcgapi.com/media/static/Card_Images/OP06-069.jpg,,0.79,0.50,2026-09-07,
OP06-106,Kouzuki Hiyori,OP-06,Wings of the Captain,SR,Yellow,Character,2,0,,2000,Wisdom,Land of Wano Kouzuki Clan,[On Play] You may add 1 card from the top or bottom of your Life cards to your hand: Add up to 1 card from your hand to the top of your Life cards.,No,https://optcgapi.com/media/static/Card_Images/OP06-106.jpg,,3.66,3.00,2026-09-07,
OP06-119,Sanji,OP-06,Wings of the Captain,SEC,Blue,Character,9,9000,,0,Strike,Straw Hat Crew,"[On Play] Reveal 1 card from the top of your deck and play up to 1 Character with a cost of 9 or less other than [Sanji]. Then, place the rest at the bottom of your deck.",No,https://optcgapi.com/media/static/Card_Images/OP06-119.jpg,,6.24,6.00,2026-09-07,
OP06-043,Aramaki,OP-06,Wings of the Captain,SR,Blue,Character,8,8000,,0,Special,Navy,"[Blocker] (After your opponent declares an attack, you may rest this card to make it the new target of the attack.)
[Activate:Main] [Once Per Turn] You may trash 1 card from your hand and place 1 Character with a cost of 2 or less at the bottom of the owner's deck: This Character gains +3000 power during this turn.",No,https://optcgapi.com/media/static/Card_Images/OP06-043.jpg,,2.69,2.44,2026-09-07,
OP06-007,Shanks,OP-06,Wings of the Captain,SR,Red,Character,10,12000,,0,Slash,FILM The Four Emperors Red-Haired Pirates,[On play] K.O. up to 1 of your opponent's Characters with 10000 power or less.,No,https://optcgapi.com/media/static/Card_Images/OP06-007.jpg,,1.59,1.55,2026-09-07,
OP06-118,Roronoa Zoro,OP-06,Wings of the Captain,SEC,Green,Character,9,9000,,0,Slash,Straw Hat Crew,"[When Attacking][Once Per Turn](1)(You may rest the specified number of DON!! cards in your cost area.): Set this Character as active.
[Activate:Main][Once Per Turn](2)(You may rest the specified number of DON!! cards in your cost area.): Set this Character as active.",No,https://optcgapi.com/media/static/Card_Images/OP06-118.jpg,,8.11,8.05,2026-09-07,
OP06-086,Gecko Moria (086),OP-06,Wings of the Captain,SR,Black,Character,8,9000,,0,Special,The Seven Warlords of the Sea Thriller Bark Pirates,[On Play] Choose up to 1 Character card with a cost of 4 or less and up to 1 Character card with a cost of 2 or less from your trash. Play 1 card and play the other card rested.,No,https://optcgapi.com/media/static/Card_Images/OP06-086.jpg,,0.47,0.25,2026-09-07,
OP06-107,Kouzuki Momonosuke,OP-06,Wings of the Captain,SR,Yellow,Character,5,6000,,0,Wisdom,Land of Wano Kouzuki Clan,"[Blocker] (After your opponent declares an attack, you may rest this card to make it the new target of the attack.)
[On Play] Add up to 1 of your ""Land of Wano"" type Characters other than [Kouzuki Momonosuke] to the top or bottom of the owner's Life cards face-up.",No,https://optcgapi.com/media/static/Card_Images/OP06-107.jpg,,0.49,0.33,2026-09-07,
OP06-093,Perona (093),OP-06,Wings of the Captain,SR,Black,Character,4,5000,,2000,Special,Thriller Bark Pirates,"[On Play] If your opponent has 5 or more cards in their hand, choose one:
• Your opponent trashes 1 card from their hand.
• Give up to 1 of your opponent's Characters -3 cost during this turn.",No,https://optcgapi.com/media/static/Card_Images/OP06-093.jpg,,1.89,1.18,2026-09-07,
OP06-062,Vinsmoke Judge,OP-06,Wings of the Captain,SR,Purple,Character,8,8000,,0,Slash,The Vinsmoke Family GERMA 66,"[On Play] DON!! -1 (You may return the specified number of DON!! cards from your field to your DON!! deck.) You may trash 2 cards from your hand: Play up to 4 ""GERMA 66"" type Character cards with different card names and 4000 power or less from your trash.
[Activate:Main] [Once Per Turn] DON!! -1: Rest up to 1 of your opponent's DON!! cards.",No,https://optcgapi.com/media/static/Card_Images/OP06-062.jpg,,0.40,0.20,2026-09-07,
OP06-009,Shuraiya,OP-06,Wings of the Captain,SR,Red,Character,3,4000,,1000,Strike,FILM Shipbuilding Town,"[Blocker] (After your opponent declares an attack, you may rest this card to make it the new target of the attack.)
[When Attacking] / [On Block] [Once Per Turn] This Character's base power becomes the same as your opponent's Leader until the start of your next turn.",No,https://optcgapi.com/media/static/Card_Images/OP06-009.jpg,,0.38,0.25,2026-09-07,
OP06-043_p1,Aramaki (Alternate Art),OP-06,Wings of the Captain,SR,Blue,Character,8,8000,,0,Special,Navy,"[Blocker] (After your opponent declares an attack, you may rest this card to make it the new target of the attack.)
[Activate:Main] [Once Per Turn] You may trash 1 card from your hand and place 1 Character with a cost of 2 or less at the bottom of the owner's deck: This Character gains +3000 power during this turn.",Yes,https://optcgapi.com/media/static/Card_Images/OP06-043_p1.jpg,,9.69,5.00,2026-09-07,
OP06-050_p1,Tashigi (Alternate Art),OP-06,Wings of the Captain,R,Blue,Character,1,2000,,1000,Slash,Navy,"[On Play] Look at 5 cards from the top of your deck; reveal up to 1 ""Navy"" type card other than [Tashigi] and add it to your hand. Then, place the rest at the bottom of your deck in any order.",Yes,https://optcgapi.com/media/static/Card_Images/OP06-050_p1.jpg,,12.92,10.00,2026-09-07,
OP06-035_p1,Hody Jones (035) (Alternate Art),OP-06,Wings of the Captain,SR,Green,Character,7,8000,,0,Strike,Fish-Man New Fish-Man Pirates,"[Rush] (This card can attack on the turn in which it is played.)
[On Play] Rest up to a total of 2 of your opponent's Characters or DON!! cards. Then, add 1 card from the top of your Life cards to your hand.",Yes,https://optcgapi.com/media/static/Card_Images/OP06-035_p1.jpg,,15.28,12.79,2026-09-07,
OP06-107_p1,Kouzuki Momonosuke (Alternate Art),OP-06,Wings of the Captain,SR,Yellow,Character,5,6000,,0,Wisdom,Land of Wano Kouzuki Clan,"[Blocker] (After your opponent declares an attack, you may rest this card to make it the new target of the attack.)
[On Play] Add up to 1 of your ""Land of Wano"" type Characters other than [Kouzuki Momonosuke] to the top or bottom of the owner's Life cards face-up.",Yes,https://optcgapi.com/media/static/Card_Images/OP06-107_p1.jpg,,5.36,4.51,2026-09-07,
OP06-106_p1,Kouzuki Hiyori (Alternate Art),OP-06,Wings of the Captain,SR,Yellow,Character,2,0,,2000,Wisdom,Land of Wano Kouzuki Clan,[On Play] You may add 1 card from the top or bottom of your Life cards to your hand: Add up to 1 card from your hand to the top of your Life cards.,Yes,https://optcgapi.com/media/static/Card_Images/OP06-106_p1.jpg,,19.74,17.99,2026-09-07,
OP06-081_p1,Absalom (Alternate Art),OP-06,Wings of the Captain,R,Black,Character,4,5000,,1000,Ranged,Thriller Bark Pirates,[On Play] You may return 2 cards from your trash to the bottom of your deck in any order: K.O. up to 1 Character with a cost of 2 or less.,Yes,https://optcgapi.com/media/static/Card_Images/OP06-081_p1.jpg,,1.61,1.75,2026-09-07,
OP06-025_p1,Camie (Alternate Art),OP-06,Wings of the Captain,R,Green,Character,1,2000,,1000,Wisdom,Merfolk,"[On Play] Look at 4 cards from the top of your deck; reveal up to 1 ""Fish-Man"" or ""Merfolk"" type card other than [Camie] and add it to your hand. Then, place the rest at the bottom of your deck in any order.",Yes,https://optcgapi.com/media/static/Card_Images/OP06-025_p1.jpg,,3.80,3.45,2026-09-07,
OP06-009_p1,Shuraiya (Alternate Art),OP-06,Wings of the Captain,SR,Red,Character,3,4000,,1000,Strike,FILM Shipbuilding Town,"[Blocker] (After your opponent declares an attack, you may rest this card to make it the new target of the attack.)
[When Attacking] / [On Block] [Once Per Turn] This Character's base power becomes the same as your opponent's Leader until the start of your next turn.",Yes,https://optcgapi.com/media/static/Card_Images/OP06-009_p1.jpg,,1.93,1.92,2026-09-07,
OP06-013_p1,Monkey.D.Luffy (Alternate Art),OP-06,Wings of the Captain,R,Red,Character,3,3000,,1000,Strike,FILM Straw Hat Crew,"[On Play] Look at 3 cards from the top of your deck; reveal up to 1 ""FILM"" type card and add it to your hand. Then, place the rest at the bottom of your deck in any order.
[Trigger] Activate this card's [On Play] effect.",Yes,https://optcgapi.com/media/static/Card_Images/OP06-013_p1.jpg,,15.32,12.75,2026-09-07,
OP06-101_p1,O-Nami (Alternate Art),OP-06,Wings of the Captain,R,Yellow,Character,2,3000,,1000,Special,Straw Hat Crew,"[On Play] Up to 1 of your Leader or Character cards gains [Banish] during this turn.
(When this card deals damage, the target card is trashed without activating its Trigger.)
[Trigger] K.O. up to 1 of your opponent's Characters with a cost of 5 or less.",Yes,https://optcgapi.com/media/static/Card_Images/OP06-101_p1.jpg,,24.68,18.45,2026-09-07,
OP06-007_p1,Shanks (Alternate Art),OP-06,Wings of the Captain,SR,Red,Character,10,12000,,0,Slash,FILM The Four Emperors Red-Haired Pirates,[On play] K.O. up to 1 of your opponent's Characters with 10000 power or less.,Yes,https://optcgapi.com/media/static/Card_Images/OP06-007_p1.jpg,,20.18,19.78,2026-09-07,
OP06-119_p1,Sanji (Alternate Art),OP-06,Wings of the Captain,SEC,Blue,Character,9,9000,,0,Strike,Straw Hat Crew,"[On Play] Reveal 1 card from the top of your deck and play up to 1 Character with a cost of 9 or less other than [Sanji]. Then, place the rest at the bottom of your deck.",Yes,https://optcgapi.com/media/static/Card_Images/OP06-119_p1.jpg,,35.19,25.00,2026-09-07,
OP06-062_p1,Vinsmoke Judge (Alternate Art),OP-06,Wings of the Captain,SR,Purple,Character,8,8000,,0,Slash,The Vinsmoke Family GERMA 66,"[On Play] DON!! -1 (You may return the specified number of DON!! cards from your field to your DON!! deck.) You may trash 2 cards from your hand: Play up to 4 ""GERMA 66"" type Character cards with different card names and 4000 power or less from your trash.
[Activate:Main] [Once Per Turn] DON!! -1: Rest up to 1 of your opponent's DON!! cards.",Yes,https://optcgapi.com/media/static/Card_Images/OP06-062_p1.jpg,,2.42,1.74,2026-09-07,
OP06-020_p1,Hody Jones (020) (Alternate Art),OP-06,Wings of the Captain,L,Green,Leader,,5000,5,,Strike,Fish-Man New Fish-Man Pirates,"[Activate:Main] You may rest this Leader: Rest up to 1 of your opponent's DON!! cards or Characters with a cost of 3 or less. Then, you cannot add Life cards to your hand using your own effects during this turn.",Yes,https://optcgapi.com/media/static/Card_Images/OP06-020_p1.jpg,,8.40,8.30,2026-09-07,
OP06-069_p1,Vinsmoke Reiju (069) (Alternate Art),OP-06,Wings of the Captain,SR,Purple,Character,4,5000,,1000,Special,The Vinsmoke Family GERMA 66,"[On Play] If the number of DON!! cards on your field is equal to or less than the number on your opponent's field and you have 5 or less cards in your hand, draw 2 cards.",Yes,https://optcgapi.com/media/static/Card_Images/OP06-069_p1.jpg,,11.68,10.42,2026-09-07,
OP06-061_p1,Vinsmoke Ichiji (061) (Alternate Art),OP-06,Wings of the Captain,R,Purple,Character,7,7000,,0,Strike,The Vinsmoke Family GERMA 66,"[On Play] If the number of DON!! cards on your field is equal to or less than the number on your opponent's field, give up to 1 of your opponent's Characters -2000 power during this turn and this Character gains [Rush]. (This card can attack on the turn in which it is played.)",Yes,https://optcgapi.com/media/static/Card_Images/OP06-061_p1.jpg,,4.10,3.49,2026-09-07,
OP06-093_p1,Perona (093) (Alternate Art),OP-06,Wings of the Captain,SR,Black,Character,4,5000,,2000,Special,Thriller Bark Pirates,"[On Play] If your opponent has 5 or more cards in their hand, choose one:
• Your opponent trashes 1 card from their hand.
• Give up to 1 of your opponent's Characters -3 cost during this turn.",Yes,https://optcgapi.com/media/static/Card_Images/OP06-093_p1.jpg,,37.11,34.50,2026-09-07,
OP05-091_p2,Rebecca (SP),OP-06,Wings of the Captain,SR,Black,Character,4,0,,1000,Wisdom,Dressrosa,"[Blocker] (After your opponent declares an attack, you may rest this card to make it the new target of the attack.)
[On Play] Add up to 1 black Character card with a cost of 3 to 7 other than [Rebecca] from your trash to your hand. Then, play up to 1 black Character card with a cost of 3 or less from your hand rested.",Yes,https://optcgapi.com/media/static/Card_Images/OP05-091_p2.jpg,,148.76,129.98,2026-09-07,
OP06-080_p1,Gecko Moria (080) (Alternate Art),OP-06,Wings of the Captain,L,Black,Leader,,5000,5,,Special,The Seven Warlords of the Sea Thriller Bark Pirates,"[DON!!×1] [When Attacking] 2 (You may rest the specified number of DON!! cards in your cost area.) You may trash 1 card from your hand: Trash 2 cards from the top of your deck and play up to 1 ""Thriller Bark Pirates"" type Character card with a cost of 4 or less from your trash.",Yes,https://optcgapi.com/media/static/Card_Images/OP06-080_p1.jpg,,11.05,10.62,2026-09-07,
OP06-022_p1,Yamato (Alternate Art),OP-06,Wings of the Captain,L,Green Yellow,Leader,,5000,4,,Strike,Land of Wano,"[Double Attack] (This card deals 2 damage.)
[Activate:Main] [Once Per Turn] If your opponent has 3 or less Life cards, give up to 2 rested DON!! cards to 1 of your Characters.",Yes,https://optcgapi.com/media/static/Card_Images/OP06-022_p1.jpg,,70.60,39.89,2026-09-07,
OP06-042_p1,Vinsmoke Reiju (042) (Alternate Art),OP-06,Wings of the Captain,L,Blue Purple,Leader,,5000,4,,Special,The Vinsmoke Family GERMA 66,"[Your Turn] [Once Per Turn] When a DON!! card on your field is returned to your DON!! deck, draw 1 card.",Yes,https://optcgapi.com/media/static/Card_Images/OP06-042_p1.jpg,,33.53,19.99,2026-09-07,
OP06-086_p1,Gecko Moria (086) (Alternate Art),OP-06,Wings of the Captain,SR,Black,Character,8,9000,,0,Special,The Seven Warlords of the Sea Thriller Bark Pirates,[On Play] Choose up to 1 Character card with a cost of 4 or less and up to 1 Character card with a cost of 2 or less from your trash. Play 1 card and play the other card rested.,Yes,https://optcgapi.com/media/static/Card_Images/OP06-086_p1.jpg,,9.21,7.38,2026-09-07,
OP05-051_p2,Borsalino (SP),OP-06,Wings of the Captain,SR,Blue,Character,7,8000,,0,Special,Navy,[On Play] Place up to 1 Character with a cost of 4 or less at the bottom of the owner's deck.,Yes,https://optcgapi.com/media/static/Card_Images/OP05-051_p2.jpg,,51.97,44.69,2026-09-07,
OP06-021_p1,Perona (021) (Alternate Art),OP-06,Wings of the Captain,L,Green Black,Leader,,5000,4,,Special,Thriller Bark Pirates,"[Activate:Main] [Once Per Turn] Choose one:
• Rest up to 1 of your opponent's Characters with a cost of 4 or less.
• Give up to 1 of your opponent's Characters -1 cost tot your opponent's during this turn.",Yes,https://optcgapi.com/media/static/Card_Images/OP06-021_p1.jpg,,53.90,43.00,2026-09-07,
OP03-114_p2,Charlotte Linlin (SP),OP-06,Wings of the Captain,SR,Yellow,Character,10,12000,,0,Special,The Four Emperors Big Mom Pirates,"[On Play] If your Leader has the [Big Mom Pirates] type, add up to 1 card from the top of your deck to the top of your Life cards. Then, trash up to 1 card from the top of your opponent's Life cards.",Yes,https://optcgapi.com/media/static/Card_Images/OP03-114_p2.jpg,,89.17,50.00,2026-09-07,
ST01-007_p3,Nami (TR),OP-06,Wings of the Captain,TR,Red,Character,1,1000,,1000,Special,Straw Hat Crew,[Activate:Main][Once Per Turn] Give up to 1 rested DON!! card to your Leader or 1 of your Characters.,Yes,https://optcgapi.com/media/static/Card_Images/ST01-007_p3.jpg,,271.21,149.99,2026-09-07,
OP04-024_p2,Sugar (SP),OP-06,Wings of the Captain,SR,Green,Character,2,0,,1000,Special,Donquixote Pirates,"[Opponent's Turn][Once Per Turn] When your opponent plays a Character, if your Leader has the [Donquixote Pirates] type, rest up to 1 of your opponent's Characters. Then, rest this Character.
[On Play] Rest up to 1 of your opponent's Characters with a cost of 4 or less.",Yes,https://optcgapi.com/media/static/Card_Images/OP04-024_p2.jpg,,66.73,54.95,2026-09-07,
OP04-064_p2,Ms. All Sunday (SP),OP-06,Wings of the Captain,SR,Purple,Character,5,5000,,0,Wisdom,Baroque Works,"[On Play] Add up to 1 DON!! card from your DON!! deck and rest it. Then, if you have 6 or more DON!! cards on your field, draw 1 card.
[Trigger] DON!! -2 (You may return the specified number of DON!! cards from your field to your DON!! deck.): Play this card.",Yes,https://optcgapi.com/media/static/Card_Images/OP04-064_p2.jpg,,322.42,185.00,2026-09-07,
OP03-008_p1,Buggy (SP),OP-06,Wings of the Captain,UC,Red,Character,1,3000,,0,Slash,Buggy Pirates,"This Character cannot be K.O.'d in battle by ""Slash"" attribute cards.
[On Play] Look at 5 cards from the top of your deck; reveal up to 1 red Event and add it to your hand. Then, place the rest at the bottom of your deck in any order.",Yes,https://optcgapi.com/media/static/Card_Images/OP03-008_p1.jpg,,144.15,100.00,2026-09-07,
OP06-118_p1,Roronoa Zoro (Alternate Art),OP-06,Wings of the Captain,SEC,Green,Character,9,9000,,0,Slash,Straw Hat Crew,"[When Attacking][Once Per Turn](1)(You may rest the specified number of DON!! cards in your cost area.): Set this Character as active.
[Activate:Main][Once Per Turn](2)(You may rest the specified number of DON!! cards in your cost area.): Set this Character as active.",Yes,https://optcgapi.com/media/static/Card_Images/OP06-118_p1.jpg,,128.66,85.12,2026-09-07,
OP06-001_p1,Uta (Alternate Art),OP-06,Wings of the Captain,L,Purple Red,Leader,,5000,4,,Special,FILM,"[When Attacking] You may trash 1 ""FILM"" type card from your hand: Give up to 1 of your opponent's Characters -2000 power during this turn. Then, add up to 1 DON!! card from your DON!! deck and rest it.",Yes,https://optcgapi.com/media/static/Card_Images/OP06-001_p1.jpg,,34.84,30.00,2026-09-07,
OP06-118_p2,Roronoa Zoro (Alternate Art) (Manga),OP-06,Wings of the Captain,SEC,Green,Character,9,9000,,0,Slash,Straw Hat Crew,"[When Attacking][Once Per Turn](1)(You may rest the specified number of DON!! cards in your cost area.): Set this Character as active.
[Activate:Main][Once Per Turn](2)(You may rest the specified number of DON!! cards in your cost area.): Set this Character as active.",Yes,https://optcgapi.com/media/static/Card_Images/OP06-118_p2.jpg,,1875.75,1200.00,2026-09-07,
OP07-015,Monkey.D.Dragon (015),OP-07,500 Years in the Future,SR,Red,Character,8,9000,,0,Special,Revolutionary Army,[Rush](This card can attack on the turn in which it is played.) [On Play] Give up to 2 rested DON!! cards to your Leader or 1 of your Characters.,No,https://optcgapi.com/media/static/Card_Images/OP07-015.jpg,,0.41,0.35,2026-09-07,
OP07-045,Jinbe (045),OP-07,500 Years in the Future,SR,Blue,Character,4,5000,,1000,Strike,Fish-Man The Seven Warlords of the Sea The Sun Pirates,[On Play] Play up to 1 [The Seven Warlords of the Sea] type Character card with a cost of 4 or less other than [Jinbe] from your hand.,No,https://optcgapi.com/media/static/Card_Images/OP07-045.jpg,,0.61,0.30,2026-09-07,
OP07-064,Sanji,OP-07,500 Years in the Future,SR,Purple,Character,6,6000,,2000,Strike,Straw Hat Crew,"If the number of DON!! cards on your field is at least 2 less than the number on your opponent's field, give this card in your hand -3 cost. [Blocker] (After your opponent declares an attack, you may rest this card to make it the new target of the attack.)",No,https://optcgapi.com/media/static/Card_Images/OP07-064.jpg,,1.45,1.43,2026-09-07,
OP07-109,Monkey.D.Luffy (109),OP-07,500 Years in the Future,SR,Yellow,Character,5,6000,,1000,Strike,Straw Hat Crew The Four Emperors Egghead,"[Activate: Main]You may trash this Character: If you have 2 or less Life cards, K.O. up to 1 of your opponent's Characters with a cost of 4 or less. Then, draw 1 card. [Trigger] K.O. up to 1 of your opponent's Characters with a cost of 4 or less.",No,https://optcgapi.com/media/static/Card_Images/OP07-109.jpg,,1.58,1.47,2026-09-07,
OP07-072,Porche,OP-07,500 Years in the Future,SR,Purple,Character,3,5000,,0,Wisdom,Foxy Pirates,"[On Play] DON!! -1 (You may return the specified number of DON!! cards from your field to your DON!! deck.): Look at 5 cards from the top of your deck; reveal up to 1 [Foxy Pirates] type card and add it to your hand. Then, place the rest at the bottom of your deck in any order and play up to 1 purple Character card with 4000 power or less from your hand.",No,https://optcgapi.com/media/static/Card_Images/OP07-072.jpg,,1.83,0.75,2026-09-07,
OP07-051,Boa Hancock (051),OP-07,500 Years in the Future,SR,Blue,Character,6,8000,,0,Special,Kuja Pirates The Seven Warlords of the Sea,"[On Play] Up to 1 of your opponent's Characters other than [Monkey.D.Luffy] cannot attack until the end of your opponent's next turn. Then, place up to 1 Character with a cost of 1 or less at the bottom of the owner's deck.",No,https://optcgapi.com/media/static/Card_Images/OP07-051.jpg,,4.21,3.75,2026-09-07,
OP07-026,Jewelry Bonney (026),OP-07,500 Years in the Future,SR,Green,Character,5,6000,,1000,Special,Bonney Pirates Supernovas,[On Play] Up to 1 of your opponent's rested Character or DON!! cards will not become active in your opponent's next Refresh Phase.,No,https://optcgapi.com/media/static/Card_Images/OP07-026.jpg,,2.41,2.10,2026-09-07,
OP07-085,Stussy,OP-07,500 Years in the Future,SR,Black,Character,9,9000,,0,Special,CP0,[On Play]You may trash 1 of your Characters: K.O. up to 1 of your opponent's Characters.,No,https://optcgapi.com/media/static/Card_Images/OP07-085.jpg,,2.38,2.24,2026-09-07,
OP07-111,Lilith,OP-07,500 Years in the Future,SR,Yellow,Character,3,5000,,0,Wisdom,Scientist Egghead,"[On Play] Look at 5 cards from the top of your deck; reveal up to 1 [Egghead] type card other than [Lilith] and add it to your hand. Then, place the rest at the bottom of your deck in any order. [Trigger] If your Leader is [Vegapunk], play this card.",No,https://optcgapi.com/media/static/Card_Images/OP07-111.jpg,,1.26,1.06,2026-09-07,
OP07-029,Basil Hawkins,OP-07,500 Years in the Future,SR,Green,Character,6,7000,,0,Slash,Hawkins Pirates Supernovas,"If your Leader has the [Supernovas] type, this Character gains [Blocker]. (After your opponent declares an attack, you may rest this card to make it the new target of the attack.) [Once Per Turn] If this Character would be removed from the field by your opponent's effect, you may rest 1 of your opponent's Characters instead.",No,https://optcgapi.com/media/static/Card_Images/OP07-029.jpg,,0.26,0.20,2026-09-07,
OP07-119,Portgas.D.Ace (119),OP-07,500 Years in the Future,SEC,Yellow,Character,10,10000,,0,Special,Whitebeard Pirates,"[On Play] Add up to 1 card from the top of your deck to the top of your Life cards. Then, if you have 2 or less Life cards, this Character gains [Rush] during this turn. (This card can attack on the turn in which it is played.)",No,https://optcgapi.com/media/static/Card_Images/OP07-119.jpg,,1.84,1.63,2026-09-07,
OP07-118,Sabo,OP-07,500 Years in the Future,SEC,Black,Character,8,9000,,0,Special,Revolutionary Army,[On Play] You may trash 1 card from your hand: K.O. up to 1 of your opponent's Characters with a cost of 5 or less and up to 1 of your opponent's Characters with a cost of 3 or less.,No,https://optcgapi.com/media/static/Card_Images/OP07-118.jpg,,1.31,1.34,2026-09-07,
OP07-064_p1,Sanji (Parallel),OP-07,500 Years in the Future,SR,Purple,Character,6,6000,,2000,Strike,Straw Hat Crew,"If the number of DON!! cards on your field is at least 2 less than the number on your opponent's field, give this card in your hand -3 cost. [Blocker] (After your opponent declares an attack, you may rest this card to make it the new target of the attack.)",Yes,https://optcgapi.com/media/static/Card_Images/OP07-064_p1.jpg,,15.63,15.00,2026-09-07,
OP07-085_p1,Stussy (Parallel),OP-07,500 Years in the Future,SR,Black,Character,9,9000,,0,Special,CP0,[On Play]You may trash 1 of your Characters: K.O. up to 1 of your opponent's Characters.,Yes,https://optcgapi.com/media/static/Card_Images/OP07-085_p1.jpg,,14.76,15.88,2026-09-07,
OP07-046_p1,Sengoku (Parallel),OP-07,500 Years in the Future,R,Blue,Character,1,2000,,1000,Wisdom,Navy,"[On Play] Look at 5 cards from the top of your deck; reveal up to 1 [The Seven Warlords of the Sea] type card and add it to your hand. Then, place the rest at the bottom of your deck in any order.",Yes,https://optcgapi.com/media/static/Card_Images/OP07-046_p1.jpg,,4.31,3.24,2026-09-07,
OP07-026_p1,Jewelry Bonney (026) (Parallel),OP-07,500 Years in the Future,SR,Green,Character,5,6000,,1000,Special,Bonney Pirates Supernovas,[On Play] Up to 1 of your opponent's rested Character or DON!! cards will not become active in your opponent's next Refresh Phase.,Yes,https://optcgapi.com/media/static/Card_Images/OP07-026_p1.jpg,,25.63,20.00,2026-09-07,
OP07-015_p1,Monkey.D.Dragon (015) (Parallel),OP-07,500 Years in the Future,SR,Red,Character,8,9000,,0,Special,Revolutionary Army,[Rush](This card can attack on the turn in which it is played.) [On Play] Give up to 2 rested DON!! cards to your Leader or 1 of your Characters.,Yes,https://optcgapi.com/media/static/Card_Images/OP07-015_p1.jpg,,10.43,9.50,2026-09-07,
OP07-022_p1,Otama (Parallel),OP-07,500 Years in the Future,R,Green,Character,1,0,,2000,Special,Land of Wano,"[On Play] Look at 5 cards from the top of your deck; reveal up to 1 green [Land of Wano] type card other than [Otama] and add it to your hand. Then, place the rest at the bottom of your deck in any order.",Yes,https://optcgapi.com/media/static/Card_Images/OP07-022_p1.jpg,,32.93,16.00,2026-09-07,
OP07-045_p1,Jinbe (045) (Parallel),OP-07,500 Years in the Future,SR,Blue,Character,4,5000,,1000,Strike,Fish-Man The Seven Warlords of the Sea The Sun Pirates,[On Play] Play up to 1 [The Seven Warlords of the Sea] type Character card with a cost of 4 or less other than [Jinbe] from your hand.,Yes,https://optcgapi.com/media/static/Card_Images/OP07-045_p1.jpg,,5.25,3.78,2026-09-07,
OP07-072_p1,Porche (Parallel),OP-07,500 Years in the Future,SR,Purple,Character,3,5000,,0,Wisdom,Foxy Pirates,"[On Play] DON!! -1 (You may return the specified number of DON!! cards from your field to your DON!! deck.): Look at 5 cards from the top of your deck; reveal up to 1 [Foxy Pirates] type card and add it to your hand. Then, place the rest at the bottom of your deck in any order and play up to 1 purple Character card with 4000 power or less from your hand.",Yes,https://optcgapi.com/media/static/Card_Images/OP07-072_p1.jpg,,9.81,9.48,2026-09-07,
OP07-111_p1,Lilith (Parallel),OP-07,500 Years in the Future,SR,Yellow,Character,3,5000,,0,Wisdom,Scientist Egghead,"[On Play] Look at 5 cards from the top of your deck; reveal up to 1 [Egghead] type card other than [Lilith] and add it to your hand. Then, place the rest at the bottom of your deck in any order. [Trigger] If your Leader is [Vegapunk], play this card.",Yes,https://optcgapi.com/media/static/Card_Images/OP07-111_p1.jpg,,6.60,6.99,2026-09-07,
OP07-107_p1,Franky (Parallel),OP-07,500 Years in the Future,R,Yellow,Character,4,5000,,2000,Strike,Straw Hat Crew Egghead,"[Trigger] Draw 1 card. Then, if you have 1 or less Life cards, play this card.",Yes,https://optcgapi.com/media/static/Card_Images/OP07-107_p1.jpg,,5.98,4.75,2026-09-07,
OP07-029_p1,Basil Hawkins (Parallel),OP-07,500 Years in the Future,SR,Green,Character,6,7000,,0,Slash,Hawkins Pirates Supernovas,"If your Leader has the [Supernovas] type, this Character gains [Blocker]. (After your opponent declares an attack, you may rest this card to make it the new target of the attack.) [Once Per Turn] If this Character would be removed from the field by your opponent's effect, you may rest 1 of your opponent's Characters instead.",Yes,https://optcgapi.com/media/static/Card_Images/OP07-029_p1.jpg,,2.66,2.00,2026-09-07,
OP07-005_p1,Carina (Parallel),OP-07,500 Years in the Future,R,Red,Character,3,0,,1000,Wisdom,FILM Grantesoro,"[Blocker] (After your opponent declares an attack, you may rest this card to make it the new target of the attack.) [On Play] Give up to 1 of your opponent's Characters -2000 power during this turn.",Yes,https://optcgapi.com/media/static/Card_Images/OP07-005_p1.jpg,,4.65,4.00,2026-09-07,
OP07-079_p1,Rob Lucci (079) (Parallel),OP-07,500 Years in the Future,L,Black,Leader,,5000,5,,Strike,CP0,[When Attacking] You may trash 2 cards from the top of your deck: Give up to 1 of your opponent's Characters -1 cost during this turn.,Yes,https://optcgapi.com/media/static/Card_Images/OP07-079_p1.jpg,,19.58,13.44,2026-09-07,
OP07-071_p1,Foxy (071) (Parallel),OP-07,500 Years in the Future,R,Purple,Character,7,7000,,0,Special,Foxy Pirates,"[Opponent's Turn] If your Leader has the [Foxy Pirates] type, give all of your opponent's Characters -1000 power. [Activate: Main] [Once Per Turn] Add up to 1 DON!! card from your DON!! deck and rest it.",Yes,https://optcgapi.com/media/static/Card_Images/OP07-071_p1.jpg,,10.42,3.15,2026-09-07,
OP07-019_p1,Jewelry Bonney (019) (Parallel),OP-07,500 Years in the Future,L,Green,Leader,,5000,5,,Special,Bonney Pirates Supernovas,[On Your Opponent's Attack] [Once Per Turn] (1) (You may rest the specified number of DON!! cards in your cost area.): Rest up to 1 of your opponent's Leader or Character cards.,Yes,https://optcgapi.com/media/static/Card_Images/OP07-019_p1.jpg,,40.48,37.51,2026-09-07,
OP07-047_p1,Trafalgar Law (047) (Parallel),OP-07,500 Years in the Future,R,Blue,Character,4,4000,,2000,Slash,Heart Pirates The Seven Warlords of the Sea,"[Activate: Main] You may return this Character to the owner's hand: If your opponent has 6 or more cards in their hand, your opponent places 1 card from their hand at the bottom of their deck.",Yes,https://optcgapi.com/media/static/Card_Images/OP07-047_p1.jpg,,5.54,5.54,2026-09-07,
OP07-038_p1,Boa Hancock (038) (Parallel),OP-07,500 Years in the Future,L,Blue,Leader,,5000,5,,Special,Kuja Pirates The Seven Warlords of the Sea,"[Your Turn] [Once Per Turn] This effect can be activated when a Character is removed from the field by your effect. If you have 5 or less cards in your hand, draw 1 card.",Yes,https://optcgapi.com/media/static/Card_Images/OP07-038_p1.jpg,,111.59,80.00,2026-09-07,
ST10-010_p2,Trafalgar Law (010) (TR),OP-07,500 Years in the Future,SR,Purple,Character,4,5000,,1000,Slash,Heart Pirates,"[Blocker] (After your opponent declares an attack, you may rest this card to make it the new target of the attack.) [On Play] DON!! -1 (You may return the specified number of DON!! cards from your field to your DON!! deck.): If your opponent has 7 or more cards in their hand, trash 2 cards from your opponent's hand.",Yes,https://optcgapi.com/media/static/Card_Images/ST10-010_p2.jpg,,100.70,100.81,2026-09-07,
OP07-097_p1,Vegapunk (Parallel),OP-07,500 Years in the Future,L,Yellow,Leader,,5000,2,,Wisdom,Scientist Egghead,This Leader cannot attack. [Activate: Main][Once Per Turn] (1) (You may rest the specified number of DON!! cards in your cost area.): Select up to 1 [Egghead] type card with a cost of 5 or less from your hand and play it or add it to the top of your Life cards face-up.,Yes,https://optcgapi.com/media/static/Card_Images/OP07-097_p1.jpg,,40.75,40.00,2026-09-07,
OP07-119_p1,Portgas.D.Ace (119) (Parallel),OP-07,500 Years in the Future,SEC,Yellow,Character,10,10000,,0,Special,Whitebeard Pirates,"[On Play] Add up to 1 card from the top of your deck to the top of your Life cards. Then, if you have 2 or less Life cards, this Character gains [Rush] during this turn. (This card can attack on the turn in which it is played.)",Yes,https://optcgapi.com/media/static/Card_Images/OP07-119_p1.jpg,,16.90,14.99,2026-09-07,
OP07-118_p1,Sabo (Parallel),OP-07,500 Years in the Future,SEC,Black,Character,8,9000,,0,Special,Revolutionary Army,[On Play] You may trash 1 card from your hand: K.O. up to 1 of your opponent's Characters with a cost of 5 or less and up to 1 of your opponent's Characters with a cost of 3 or less.,Yes,https://optcgapi.com/media/static/Card_Images/OP07-118_p1.jpg,,9.72,9.25,2026-09-07,
OP07-109_p1,Monkey.D.Luffy (109) (Parallel),OP-07,500 Years in the Future,SR,Yellow,Character,5,6000,,1000,Strike,Straw Hat Crew The Four Emperors Egghead,"[Activate: Main]You may trash this Character: If you have 2 or less Life cards, K.O. up to 1 of your opponent's Characters with a cost of 4 or less. Then, draw 1 card. [Trigger] K.O. up to 1 of your opponent's Characters with a cost of 4 or less.",Yes,https://optcgapi.com/media/static/Card_Images/OP07-109_p1.jpg,,44.34,32.00,2026-09-07,
OP07-059_p1,Foxy (059) (Parallel),OP-07,500 Years in the Future,L,Purple,Leader,,5000,5,,Special,Foxy Pirates,"[When Attacking] DON!! -3 (You may return the specified number of DON!! cards from your field to your DON!! deck.): If you have 3 or more [Foxy Pirates] type Characters, select your opponent's rested Leader and up to 1 Character card. The selected cards will not become active in your opponent's next Refresh Phase.",Yes,https://optcgapi.com/media/static/Card_Images/OP07-059_p1.jpg,,31.95,32.00,2026-09-07,
OP07-051_p1,Boa Hancock (051) (Parallel),OP-07,500 Years in the Future,SR,Blue,Character,6,8000,,0,Special,Kuja Pirates The Seven Warlords of the Sea,"[On Play] Up to 1 of your opponent's Characters other than [Monkey.D.Luffy] cannot attack until the end of your opponent's next turn. Then, place up to 1 Character with a cost of 1 or less at the bottom of the owner's deck.",Yes,https://optcgapi.com/media/static/Card_Images/OP07-051_p1.jpg,,45.37,38.00,2026-09-07,
OP07-001_p1,Monkey.D.Dragon (001) (Parallel),OP-07,500 Years in the Future,L,Red,Leader,,5000,5,,Special,Revolutionary Army,[Activate:Main][Once Per Turn]Give up to 2 total of your currently given DON!! cards to 1 of your Characters.,Yes,https://optcgapi.com/media/static/Card_Images/OP07-001_p1.jpg,,19.99,13.00,2026-09-07,
OP03-003_p1,Izo (SP),OP-07,500 Years in the Future,R,Red,Character,1,2000,,1000,Ranged,Land of Wano Whitebeard Pirates,"[On Play] Look at 5 cards from the top of your deck; reveal up to 1 card with a type including ""Whitebeard Pirates"" other than [Izo] and add it to your hand. Then, place the rest at the bottom of your deck in any order.",Yes,https://optcgapi.com/media/static/Card_Images/OP03-003_p1.jpg,,41.32,39.46,2026-09-07,
OP05-074_p3,"Eustass""Captain""Kid (SP)",OP-07,500 Years in the Future,SR,Purple,Character,5,6000,,1000,Special,Kid Pirates,"[Blocker] (After your opponent declares an attack, you may rest this card to make it the new target of the attack.) [Your Turn] [Once Per Turn] When a DON!! card on your field is returned to your DON!! deck, add up to 1 DON!! card from your DON!! deck and set it as active.",Yes,https://optcgapi.com/media/static/Card_Images/OP05-074_p3.jpg,,69.79,45.00,2026-09-07,
OP03-078_p2,Issho (SP),OP-07,500 Years in the Future,SR,Black,Character,8,9000,,0,Slash,Navy,"[DON!! x1][Your Turn] Give all of your opponent's Characters -3 cost. [On Play] If your opponent has 6 or more cards in their hand, trash 2 cards from your opponent's hand.",Yes,https://optcgapi.com/media/static/Card_Images/OP03-078_p2.jpg,,40.25,39.99,2026-09-07,
OP06-101_p2,O-Nami (SP),OP-07,500 Years in the Future,R,Yellow,Character,2,3000,,1000,Special,Straw Hat Crew,"[On Play] Up to 1 of your Leader or Character cards gains [Banish] during this turn. (When this card deals damage, the target card is trashed without activating its Trigger.) [Trigger] K.O. up to 1 of your opponent's Characters with a cost of 5 or less.",Yes,https://optcgapi.com/media/static/Card_Images/OP06-101_p2.jpg,,438.11,386.66,2026-09-07,
OP01-035_p2,Okiku (SP),OP-07,500 Years in the Future,R,Green,Character,3,5000,,0,Slash,Land of Wano The Akazaya Nine,[DON!! x1][When Attacking][Once Per Turn] Rest up to 1 of your opponent's Characters with a cost of 5 or less.,Yes,https://optcgapi.com/media/static/Card_Images/OP01-035_p2.jpg,,43.18,34.95,2026-09-07,
OP01-073_p2,Donquixote Doflamingo (SP),OP-07,500 Years in the Future,R,Blue,Character,3,4000,,1000,Special,Donquixote Pirates The Seven Warlords of the Sea,"[Blocker] (After your opponent declares an attack, you may rest this card to make it the new target of the attack.) [On Play] Look at 5 cards from the top of your deck and place them at the top or bottom of the deck in any order.",Yes,https://optcgapi.com/media/static/Card_Images/OP01-073_p2.jpg,,86.16,53.29,2026-09-07,
OP07-051_p2,Boa Hancock (051) (Parallel) (Manga),OP-07,500 Years in the Future,SR,Blue,Character,6,8000,,0,Special,Kuja Pirates The Seven Warlords of the Sea,"[On Play] Up to 1 of your opponent's Characters other than [Monkey.D.Luffy] cannot attack until the end of your opponent's next turn. Then, place up to 1 Character with a cost of 1 or less at the bottom of the owner's deck.",Yes,https://optcgapi.com/media/static/Card_Images/OP07-051_p2.jpg,,1687.53,900.00,2026-09-07,
EB01-012,Cavendish,EB-01,Extra Booster: Memorial Collection,SR,Green,Character,5,6000,,1000,Slash,Beautiful Pirates Supernovas,"[On Play]/[When Attacking] If your Leader has the [Supernovas] type and you have no other [Cavendish] Characters, set up to 2 of your DON!! cards as active.",No,https://optcgapi.com/media/static/Card_Images/EB01-012.jpg,,3.85,3.66,2026-09-07,
EB01-061,Mr.2.Bon.Kurei (Bentham),EB-01,Extra Booster: Memorial Collection,SEC,Purple,Character,4,1000,,1000,Special,Former Baroque Works,[On Play] Add up to 1 DON!! card from your DON!! deck and set it as active.[When Attacking] Select up to 1 of your opponent's Characters. This Character's base power becomes the same as the selected Character's power during this turn.,No,https://optcgapi.com/media/static/Card_Images/EB01-061.jpg,,18.63,9.00,2026-09-07,
EB01-006,Tony Tony.Chopper,EB-01,Extra Booster: Memorial Collection,SR,Red,Character,3,4000,,1000,Strike,Animal Straw Hat Crew,"[Blocker] (After your opponent declares an attack, you may rest this card to make it the new target of the attack.)[DON!! x2][When Attacking] Give up to 1 of your opponent's Characters -3000 power during this turn.",No,https://optcgapi.com/media/static/Card_Images/EB01-006.jpg,,23.43,20.00,2026-09-07,
EB01-048,Laboon (048),EB-01,Extra Booster: Memorial Collection,SR,Black,Character,4,5000,,1000,Strike,Animal,[Activate:Main]You may rest this Character: Give up to 1 of your opponent's Characters -4 cost during this turn.,No,https://optcgapi.com/media/static/Card_Images/EB01-048.jpg,,5.94,5.92,2026-09-07,
EB01-046,Brook (046),EB-01,Extra Booster: Memorial Collection,SR,Black,Character,3,4000,,1000,Slash,Straw Hat Crew,"[On Play]/[When Attacking] Give up to 1 of your opponent's Characters -1 cost during this turn. Then, K.O. up to 1 of your opponent's Characters with a cost of 0.",No,https://optcgapi.com/media/static/Card_Images/EB01-046.jpg,,1.15,1.08,2026-09-07,
EB01-052,Viola,EB-01,Extra Booster: Memorial Collection,SR,Yellow,Character,2,0,,1000,Special,Dressrosa,"[Blocker] (After your opponent declares an attack, you may rest this card to make it the new target of the attack.)[On Play]Choose one:• Look at all of your opponent's Life cards and place them back in their Life area in any order.• Turn all of your Life cards face-down.",No,https://optcgapi.com/media/static/Card_Images/EB01-052.jpg,,3.24,3.07,2026-09-07,
EB01-057,Shirahoshi,EB-01,Extra Booster: Memorial Collection,SR,Yellow,Character,2,0,,1000,Wisdom,Merfolk,"When this Character is K.O.'d by your opponent's effect, add up to 1 card from the top of your deck to the top of your Life cards.[Blocker] (After your opponent declares an attack, you may rest this card to make it the new target of the attack.)",No,https://optcgapi.com/media/static/Card_Images/EB01-057.jpg,,0.49,0.50,2026-09-07,
EB01-056_p1,Charlotte Flampe (Alternate Art),EB-01,Extra Booster: Memorial Collection,R,Yellow,Character,1,1000,,2000,Special,Big Mom Pirates,[On Play]You may add 1 card from the top or bottom of your Life cards to your hand: Draw 1 card.,Yes,https://optcgapi.com/media/static/Card_Images/EB01-056_p1.jpg,,23.43,12.00,2026-09-07,
EB01-034,Ms. Wednesday,EB-01,Extra Booster: Memorial Collection,SR,Purple,Character,3,4000,,1000,Slash,Baroque Works,"[Blocker] (After your opponent declares an attack, you may rest this card to make it the new target of the attack.)[On Your Opponent's Attack][Once Per Turn] DON!! -1 (You may return the specified number of DON!! cards from your field to your DON!! deck.): If your Leader's type includes ""Baroque Works"", add up to 1 DON!! card from your DON!! deck and set it as active.",No,https://optcgapi.com/media/static/Card_Images/EB01-034.jpg,,2.41,2.46,2026-09-07,
EB01-022,Inazuma,EB-01,Extra Booster: Memorial Collection,SR,Blue,Character,6,7000,,1000,Slash,Revolutionary Army Impel Down,"[End of Your Turn] If you have 2 or less cards in your hand, draw 2 cards.",No,https://optcgapi.com/media/static/Card_Images/EB01-022.jpg,,0.85,0.48,2026-09-07,
EB01-012_p1,Cavendish (Alternate Art),EB-01,Extra Booster: Memorial Collection,SR,Green,Character,5,6000,,1000,Slash,Beautiful Pirates Supernovas,"[On Play]/[When Attacking] If your Leader has the [Supernovas] type and you have no other [Cavendish] Characters, set up to 2 of your DON!! cards as active.",Yes,https://optcgapi.com/media/static/Card_Images/EB01-012_p1.jpg,,19.76,9.00,2026-09-07,
EB01-046_p1,Brook (046) (Alternate Art),EB-01,Extra Booster: Memorial Collection,SR,Black,Character,3,4000,,1000,Slash,Straw Hat Crew,"[On Play]/[When Attacking] Give up to 1 of your opponent's Characters -1 cost during this turn. Then, K.O. up to 1 of your opponent's Characters with a cost of 0.",Yes,https://optcgapi.com/media/static/Card_Images/EB01-046_p1.jpg,,22.13,22.00,2026-09-07,
EB01-003_p1,Kid & Killer (Alternate Art),EB-01,Extra Booster: Memorial Collection,R,Red,Character,4,5000,,0,Slash Special,Kid Pirates Supernovas,"[Rush] (This card can attack on the turn in which it is played.)[When Attacking] If your opponent has 2 or less Life cards, this Character gains +2000 power during this turn.",Yes,https://optcgapi.com/media/static/Card_Images/EB01-003_p1.jpg,,10.23,8.00,2026-09-07,
EB01-052_p1,Viola (Alternate Art),EB-01,Extra Booster: Memorial Collection,SR,Yellow,Character,2,0,,1000,Special,Dressrosa,"[Blocker] (After your opponent declares an attack, you may rest this card to make it the new target of the attack.)[On Play]Choose one:• Look at all of your opponent's Life cards and place them back in their Life area in any order.• Turn all of your Life cards face-down.",Yes,https://optcgapi.com/media/static/Card_Images/EB01-052_p1.jpg,,11.42,10.50,2026-09-07,
EB01-061_p1,Mr.2.Bon.Kurei (Bentham) (Alternate Art),EB-01,Extra Booster: Memorial Collection,SEC,Purple,Character,4,1000,,1000,Special,Former Baroque Works,[On Play] Add up to 1 DON!! card from your DON!! deck and set it as active.[When Attacking] Select up to 1 of your opponent's Characters. This Character's base power becomes the same as the selected Character's power during this turn.,Yes,https://optcgapi.com/media/static/Card_Images/EB01-061_p1.jpg,,114.41,59.99,2026-09-07,
EB01-057_p1,Shirahoshi (Alternate Art),EB-01,Extra Booster: Memorial Collection,SR,Yellow,Character,2,0,,1000,Wisdom,Merfolk,"When this Character is K.O.'d by your opponent's effect, add up to 1 card from the top of your deck to the top of your Life cards.[Blocker] (After your opponent declares an attack, you may rest this card to make it the new target of the attack.)",Yes,https://optcgapi.com/media/static/Card_Images/EB01-057_p1.jpg,,10.49,10.50,2026-09-07,
EB01-013_p1,Kouzuki Hiyori (Alternate Art),EB-01,Extra Booster: Memorial Collection,R,Green,Character,4,0,,1000,Wisdom,Land of Wano Kouzuki Clan,"[Activate:Main] You may trash this Character: Play up to 1 [Land of Wano] type Character card with a cost of 5 or less other than [Kouzuki Hiyori] from your hand. Then, draw 1 card.",Yes,https://optcgapi.com/media/static/Card_Images/EB01-013_p1.jpg,,28.14,21.71,2026-09-07,
EB01-001_p1,Kouzuki Oden (Alternate Art),EB-01,Extra Booster: Memorial Collection,L,Green Red,Leader,,5000,4,,Slash,Land of Wano Kouzuki Clan,"All of your [Land of Wano] type Character cards without a Counter have a +1000 Counter, according to the rules.[DON!! x1] [When Attacking] If you have a [Land of Wano] type Character with a cost of 5 or more, this Leader gains +1000 power until the start of your next turn.",Yes,https://optcgapi.com/media/static/Card_Images/EB01-001_p1.jpg,,62.91,60.01,2026-09-07,
EB01-021_p1,Hannyabal (Alternate Art),EB-01,Extra Booster: Memorial Collection,L,Blue Purple,Leader,,5000,4,,Slash,Impel Down,[End of Your Turn] You may return 1 of your [Impel Down] type Characters with a cost of 2 or more to the owner's hand: Add up to 1 DON!! card from your DON!! deck and set it as active.,Yes,https://optcgapi.com/media/static/Card_Images/EB01-021_p1.jpg,,25.39,23.00,2026-09-07,
EB01-031_p1,Kalifa (Alternate Art),EB-01,Extra Booster: Memorial Collection,R,Purple,Character,5,5000,,1000,Wisdom,Galley-La Company Water Seven,"[On Play] DON!! -1 (You may return the specified number of DON!! cards from your field to your DON!! deck.): If your Leader has the [Water Seven] type, add up to 2 Character cards with a cost of 4 or less from your trash to your hand.",Yes,https://optcgapi.com/media/static/Card_Images/EB01-031_p1.jpg,,16.78,12.97,2026-09-07,
EB01-040_p1,Kyros (Alternate Art),EB-01,Extra Booster: Memorial Collection,L,Black Yellow,Leader,,5000,4,,Slash,Dressrosa,[Activate:Main] [Once Per Turn] You may turn 1 card from the top of your Life cards face-up: K.O. up to 1 of your opponent's Characters with a cost of 0.,Yes,https://optcgapi.com/media/static/Card_Images/EB01-040_p1.jpg,,20.35,9.00,2026-09-07,
EB01-022_p1,Inazuma (Alternate Art),EB-01,Extra Booster: Memorial Collection,SR,Blue,Character,6,7000,,1000,Slash,Revolutionary Army Impel Down,"[End of Your Turn] If you have 2 or less cards in your hand, draw 2 cards.",Yes,https://optcgapi.com/media/static/Card_Images/EB01-022_p1.jpg,,7.89,4.59,2026-09-07,
EB01-006_p1,Tony Tony.Chopper (Alternate Art),EB-01,Extra Booster: Memorial Collection,SR,Red,Character,3,4000,,1000,Strike,Animal Straw Hat Crew,"[Blocker] (After your opponent declares an attack, you may rest this card to make it the new target of the attack.)[DON!! x2][When Attacking] Give up to 1 of your opponent's Characters -3000 power during this turn.",Yes,https://optcgapi.com/media/static/Card_Images/EB01-006_p1.jpg,,151.65,42.00,2026-09-07,
EB01-006_p2,Tony Tony.Chopper (Alternate Art) (Manga),EB-01,Extra Booster: Memorial Collection,SR,Red,Character,3,4000,,1000,Strike,Animal Straw Hat Crew,"[Blocker] (After your opponent declares an attack, you may rest this card to make it the new target of the attack.)[DON!! x2][When Attacking] Give up to 1 of your opponent's Characters -3000 power during this turn.",Yes,https://optcgapi.com/media/static/Card_Images/EB01-006_p2.jpg,,1720.48,3250.01,2026-09-07,
EB01-049_p1,T-Bone (Alternate Art),EB-01,Extra Booster: Memorial Collection,R,Black,Character,5,5000,,2000,Slash,Navy Water Seven,[On Play] K.O. up to 1 of your opponent's Characters with a cost of 2 or less.,Yes,https://optcgapi.com/media/static/Card_Images/EB01-049_p1.jpg,,4.63,4.84,2026-09-07,
EB01-034_p1,Ms. Wednesday (Alternate Art),EB-01,Extra Booster: Memorial Collection,SR,Purple,Character,3,4000,,1000,Slash,Baroque Works,"[Blocker] (After your opponent declares an attack, you may rest this card to make it the new target of the attack.) [On Your Opponent's Attack][Once Per Turn] DON!! -1 (You may return the specified number of DON!! cards from your field to your DON!! deck.): If your Leader's type includes ""Baroque Works"", add up to 1 DON!! card from your DON!! deck and set it as active.",Yes,https://optcgapi.com/media/static/Card_Images/EB01-034_p1.jpg,,14.77,13.00,2026-09-07,
EB01-027_p1,Mr. 1 (Daz.Bonez) (Alternate Art),EB-01,Extra Booster: Memorial Collection,R,Blue,Character,5,6000,,1000,Slash,Baroque Works,"If your Leader's type includes ""Baroque Works"", this Character gains +1000 power for every 2 Events in your trash. [On Play] Draw 2 cards and trash 1 card from your hand.",Yes,https://optcgapi.com/media/static/Card_Images/EB01-027_p1.jpg,,2.46,2.25,2026-09-07,
EB01-048_p1,Laboon (048) (Alternate Art),EB-01,Extra Booster: Memorial Collection,SR,Black,Character,4,5000,,1000,Strike,Animal,[Activate:Main]You may rest this Character: Give up to 1 of your opponent's Characters -4 cost during this turn.,Yes,https://optcgapi.com/media/static/Card_Images/EB01-048_p1.jpg,,80.17,48.00,2026-09-07,
OP08-043,Edward.Newgate,OP-08,Two Legends,SR,Blue,Character,10,12000,,0,Special,The Four Emperors Whitebeard Pirates,"[On Play] If your Leader's type includes ""Whitebeard Piratess"" and you have 2 or less Life cards, select all of your opponent's Characters on their field. Until the end of your opponent's next turn, none of the selected Characters can attack unless your opponent trashes 2 cards from their hand whenever they attack.",No,https://optcgapi.com/media/static/Card_Images/OP08-043.jpg,,0.49,0.22,2026-09-07,
OP08-118,Silvers Rayleigh,OP-08,Two Legends,SEC,Red,Character,8,8000,,0,Slash,Former Roger Pirates,"[On Play] Select up to 2 of your opponent's Characters, and give 1 Character 3000 power and the other 2000 power until the end of your opponent's next turn. Then, K.O. up to 1 of your opponent's Characters with 3000 power or less.",No,https://optcgapi.com/media/static/Card_Images/OP08-118.jpg,,4.69,3.99,2026-09-07,
OP08-119,Kaido & Linlin,OP-08,Two Legends,SEC,Purple,Character,10,12000,,0,Special Strike,Animal Kingdom Pirates The Four Emperors Big Mom Pirates,"[When Attacking] DON!! 10: K.O. all Characters other than this Character. Then, add up to 1 card from the top of your deck to the top of your Life cards and trash up to 1 card from the top of your opponent's Life cards.",No,https://optcgapi.com/media/static/Card_Images/OP08-119.jpg,,3.69,2.49,2026-09-07,
OP08-015_p1,Dr.Kureha (Parallel),OP-08,Two Legends,R,Red,Character,1,2000,,1000,Wisdom,Drum Kingdom,"[On Play] Look at 4 cards from the top of your deck; reveal up to 1 [Tony Tony.Chopper] or [Drum Kingdom] type card other than [Dr.Kureha] and add it to your hand. Then, place the rest at the bottom of your deck in any order.",Yes,https://optcgapi.com/media/static/Card_Images/OP08-015_p1.jpg,,1.70,1.65,2026-09-07,
OP08-052_p1,Portgas.D.Ace (Parallel),OP-08,Two Legends,R,Blue,Character,5,6000,,1000,Special,Whitebeard Pirates,"[On Play] Reveal 1 card from the top of your deck and play up to 1 Character card with a type including ""Whitebeard Piratess"" and a cost of 4 or less. Then, place the rest at the top or bottom of your deck.",Yes,https://optcgapi.com/media/static/Card_Images/OP08-052_p1.jpg,,6.81,5.46,2026-09-07,
OP08-007_p1,Tony Tony.Chopper (0070) (Parallel),OP-08,Two Legends,SR,Red,Character,3,5000,,0,Strike,Animal Straw Hat Crew Drum Kingdom,"[Your Turn] [On Play]/[When Attacking] Look at 5 cards from the top of your deck and play up to 1 [Animal] type Character card with 4000 power or less rested. Then, place the rest at the bottom of your deck in any order.",Yes,https://optcgapi.com/media/static/Card_Images/OP08-007_p1.jpg,,27.96,26.78,2026-09-07,
OP08-023_p1,Carrot (023) (Parallel),OP-08,Two Legends,SR,Green,Character,5,6000,,1000,Special,Minks,[On Play]/[When Attacking] Up to 1 of your opponent's rested Characters with a cost of 7 or less will not become active in your opponent's next Refresh Phase.,Yes,https://optcgapi.com/media/static/Card_Images/OP08-023_p1.jpg,,14.77,9.00,2026-09-07,
OP08-110_p1,Wyper (Parallel),OP-08,Two Legends,R,Yellow,Character,4,5000,,2000,Ranged,Sky Island Shandian Warrior,"[On Play] Look at 5 cards from the top of your deck; reveal up to 1 [Upper Yard] and add it to your hand. Then, place the rest at the bottom of your deck in any order and play up to 1 [Upper Yard] from your hand.",Yes,https://optcgapi.com/media/static/Card_Images/OP08-110_p1.jpg,,1.42,0.99,2026-09-07,
OP08-079_p1,Kaido (Parallel),OP-08,Two Legends,SR,Black,Character,9,9000,,0,Strike,Animal Kingdom Pirates Former Rocks Pirates,"[Activate:Main] [Once Per Turn] You may trash 1 card from your hand: If this Character was played on this turn, trash up to 1 of your opponent's Characters with a cost of 7 or less. Then, your opponent trashes 1 card from their hand.",Yes,https://optcgapi.com/media/static/Card_Images/OP08-079_p1.jpg,,6.11,6.00,2026-09-07,
OP08-069_p1,Charlotte Linlin (Parallel),OP-08,Two Legends,SR,Purple,Character,9,9000,,0,Special,Big Mom Pirates Former Rocks Pirates,"[On Play] DON!! 1, You may trash 1 card from your hand: Add up to 1 card from the top of your deck to the top of your Life cards. Then, add up to 1 of your opponent's Characters with a cost of 6 or less to the top or bottom of your opponent's Life cards face-up.",Yes,https://optcgapi.com/media/static/Card_Images/OP08-069_p1.jpg,,13.52,14.50,2026-09-07,
OP08-030_p1,Pedro (Parallel),OP-08,Two Legends,R,Green,Character,4,5000,,1000,Slash,Minks,"[Blocker] (After your opponent declares an attack, you may rest this card to make it the new target of the attack.) [On K.O.] Choose one: • Rest up to 1 of your opponent's DON!! cards. • K.O. up to 1 of your opponent's rested Characters with a cost of 6 or less.",Yes,https://optcgapi.com/media/static/Card_Images/OP08-030_p1.jpg,,2.92,2.25,2026-09-07,
OP08-074_p1,Black Maria (Parallel),OP-08,Two Legends,SR,Purple,Character,3,2000,,2000,Special,Animal Kingdom Pirates,"[Activate:Main] [Once Per Turn] If you have no other [Black Maria] Characters, add up to 5 DON!! cards from your DON!! deck and rest them. Then, at the end of this turn, return DON!! cards from your field to your DON!! deck until you have the same number of DON!! cards on your field as your opponent.",Yes,https://optcgapi.com/media/static/Card_Images/OP08-074_p1.jpg,,11.51,9.95,2026-09-07,
OP08-043_p1,Edward.Newgate (Parallel),OP-08,Two Legends,SR,Blue,Character,10,12000,,0,Special,The Four Emperors Whitebeard Pirates,"[On Play] If your Leader's type includes ""Whitebeard Piratess"" and you have 2 or less Life cards, select all of your opponent's Characters on their field. Until the end of your opponent's next turn, none of the selected Characters can attack unless your opponent trashes 2 cards from their hand whenever they attack.",Yes,https://optcgapi.com/media/static/Card_Images/OP08-043_p1.jpg,,7.18,6.77,2026-09-07,
OP08-106_p1,Nami (Parallel),OP-08,Two Legends,SR,Yellow,Character,5,5000,,1000,Special,Straw Hat Crew Egghead,"[On Play] You may trash 1 card with a [Trigger] from your hand: K.O. up to 1 of your opponent's Characters with a cost of 5 or less. Then, if you have 3 or less cards in your hand, draw 1 card. [Trigger] Activate this card's [On Play] effect.",Yes,https://optcgapi.com/media/static/Card_Images/OP08-106_p1.jpg,,18.92,17.47,2026-09-07,
OP08-112_p1,S-Snake (Parallel),OP-08,Two Legends,SR,Yellow,Character,5,6000,,1000,Special,Egghead Seraphim,[On Play] Up to 1 of your opponent's Characters with a cost of 6 or less other than [Monkey.D.Luffy] cannot attack until the end of your opponent's next turn. [Trigger] Activate this card's [On Play] effect.,Yes,https://optcgapi.com/media/static/Card_Images/OP08-112_p1.jpg,,7.80,7.00,2026-09-07,
OP08-080_p1,Queen (Parallel),OP-08,Two Legends,R,Black,Character,1,2000,,1000,Strike,Animal Kingdom Pirates,"[On Play] Look at 5 cards from the top of your deck; reveal up to 1 {Animal Kingdom Pirates} type card other than [Queen] and add it to your hand. Then, place the rest at the bottom of your deck in any order.",Yes,https://optcgapi.com/media/static/Card_Images/OP08-080_p1.jpg,,2.73,2.99,2026-09-07,
OP08-118_p1,Silvers Rayleigh (Parallel),OP-08,Two Legends,SEC,Red,Character,8,8000,,0,Slash,Former Rocks Pirates,"[On Play] Select up to 2 of your opponent's Characters, and give 1 Character 3000 power and the other 2000 power until the end of your opponent's next turn. Then, K.O. up to 1 of your opponent's Characters with 3000 power or less.",Yes,https://optcgapi.com/media/static/Card_Images/OP08-118_p1.jpg,,16.35,15.36,2026-09-07,
OP08-067_p1,Charlotte Pudding (067) (Parallel),OP-08,Two Legends,R,Purple,Character,3,4000,,1000,Wisdom,Big Mom Pirates,"[Your Turn] [Once Per Turn] When a DON!! card on your field is returned to your DON!! deck, add up to 1 DON!! card from your DON!! deck and rest it.",Yes,https://optcgapi.com/media/static/Card_Images/OP08-067_p1.jpg,,13.51,8.00,2026-09-07,
OP07-109_p2,Monkey.D.Luffy (SP),OP-08,Two Legends,SR,Yellow,Character,5,6000,,1000,Strike,Straw Hat Crew The Four Emperors Egghead,"[Activate:Main] You may trash this Character: If you have 2 or less Life cards; K.O. up to 1 of your opponent's Characters with a cost of 4 or less. Then, draw 1 card. [Trigger] K.O. up to 1 of your opponent's Characters with a cost of 4 or less.",Yes,https://optcgapi.com/media/static/Card_Images/OP07-109_p2.jpg,,35.94,39.27,2026-09-07,
OP08-057_p1,King (057) (Parallel),OP-08,Two Legends,L,Blue Purple,Leader,,5000,4,,Special,Animal Kingdom Pirates,"[Activate:Main] [Once Per Turn] DON!! 2 (You may return the specified number of DON!! cards from your field to your DON!! deck.): Choose one: • If you have 5 or less cards in your hand, draw 1 card. • Give up to 1 of your opponent's Characters 2 cost during this turn.",Yes,https://optcgapi.com/media/static/Card_Images/OP08-057_p1.jpg,,16.94,12.00,2026-09-07,
OP08-105_p1,Jewelry Bonney (Parallel),OP-08,Two Legends,SR,Yellow,Character,3,4000,,1000,Special,Bonney Pirates Egghead,"[DON!! x1] [Your Turn] [Once Per Turn] When a card is removed from your opponent's Life cards, draw 2 cards and trash 1 card from your hand. [Trigger] Draw 2 cards and trash 1 card from your hand.",Yes,https://optcgapi.com/media/static/Card_Images/OP08-105_p1.jpg,,15.80,9.50,2026-09-07,
OP08-002_p1,Marco (Parallel),OP-08,Two Legends,L,Blue Red,Leader,,5000,4,,Special,Whitebeard Pirates,"[DON!! x1] [Activate: Main] [Once Per Turn] Draw 1 card and place 1 card from your hand at the top or bottom of your deck. Then, give up to 1 of your opponent's Characters 2000 power during this turn.",Yes,https://optcgapi.com/media/static/Card_Images/OP08-002_p1.jpg,,12.21,11.99,2026-09-07,
OP08-001_p1,Tony Tony.Chopper (001) (Parallel),OP-08,Two Legends,L,Green Red,Leader,,5000,4,,Strike,Animal Straw Hat Crew Drum Kingdom,[Activate:Main] [Once Per Turn] Give up to 3 of your [Animal] or [Drum Kingdom] type Characters up to 1 rested DON!! card each.,Yes,https://optcgapi.com/media/static/Card_Images/OP08-001_p1.jpg,,83.50,38.12,2026-09-07,
OP08-058_p1,Charlotte Pudding (058) (Parallel),OP-08,Two Legends,L,Purple Yellow,Leader,,5000,4,,Wisdom,Big Mom Pirates,[When Attacking] You may turn 2 cards from the top of your Life cards face-up: Add up to 1 DON!! card from your DON!! deck and rest it.,Yes,https://optcgapi.com/media/static/Card_Images/OP08-058_p1.jpg,,70.10,50.00,2026-09-07,
OP08-021_p1,Carrot (021) (Parallel),OP-08,Two Legends,L,Green,Leader,,5000,5,,Special,Minks,"[Activate:Main] [Once Per Turn] If you have a [Minks] type Character, rest up to 1 of your opponent's Characters with a cost of 5 or less.",Yes,https://optcgapi.com/media/static/Card_Images/OP08-021_p1.jpg,,18.59,13.99,2026-09-07,
OP08-119_p1,Kaido & Linlin (Parallel),OP-08,Two Legends,SEC,Purple,Character,10,12000,,0,Special Strike,Animal Kingdom Pirates The Four Emperors Big Mom Pirates,"[When Attacking] DON!! 10: K.O. all Characters other than this Character. Then, add up to 1 card from the top of your deck to the top of your Life cards and trash up to 1 card from the top of your opponent's Life cards.",Yes,https://optcgapi.com/media/static/Card_Images/OP08-119_p1.jpg,,10.57,11.99,2026-09-07,
OP08-098_p1,Kalgara (098) (Parallel),OP-08,Two Legends,L,Yellow,Leader,,5000,5,,Slash,Sky Island Shandian Warrior Jaya,"[DON!! x1] [When Attacking] Play up to 1 {Shandian Warrior} type Character card from your hand with a cost equal to or less than the number of DON!! cards on your field. If you do, add 1 card from the top of your Life cards to your hand.",Yes,https://optcgapi.com/media/static/Card_Images/OP08-098_p1.jpg,,9.93,9.49,2026-09-07,
ST03-004_p1,Gecko Moria (SP),OP-08,Two Legends,C,Blue,Character,4,5000,,1000,Special,The Seven Warlords of the Sea Thriller Bark Pirates,[On Play] Add up to 1 [The Seven Warlords of the Sea] or [Thriller Bark Pirates] type Character with a cost of 4 or less other than [Gecko Moria] from your trash to your hand.,Yes,https://optcgapi.com/media/static/Card_Images/ST03-004_p1.jpg,,47.71,34.99,2026-09-07,
ST04-005_p1,Queen (SP),OP-08,Two Legends,C,Purple,Character,5,6000,,1000,Strike,Animal Kingdom Pirates,"[Blocker] (After your opponent declares an attack, you may rest this card to make it the new target of the attack.) [On Play] DON!! 1 (You may return the specified number of DON!! cards from your field to your DON!! deck.): Draw 2 cards and trash 1 card from your hand.",Yes,https://optcgapi.com/media/static/Card_Images/ST04-005_p1.jpg,,42.13,41.85,2026-09-07,
ST02-007_p2,Jewelry Bonney (SP),OP-08,Two Legends,C,Green,Character,1,1000,,1000,Special,Bonney Pirates Supernovas,"[Activate: Main] (1) (You may rest the specified number of DON!! cards in your cost area.) You may rest this Character: Look at 5 cards from the top of your deck; reveal up to 1 {Supernovas} type card and add it to your hand. Then, place the rest at the bottom of your deck in any order.",Yes,https://optcgapi.com/media/static/Card_Images/ST02-007_p2.jpg,,195.47,117.45,2026-09-07,
ST06-006_p2,Tashigi (SP),OP-08,Two Legends,C,Black,Character,3,4000,,1000,Slash,Navy,[Activate:Main] You may rest this Character: Give up to 1 of your opponent's Characters 2 cost during this turn.,Yes,https://optcgapi.com/media/static/Card_Images/ST06-006_p2.jpg,,68.81,67.00,2026-09-07,
OP03-112_p4,Charlotte Pudding (SP),OP-08,Two Legends,R,Yellow,Character,1,2000,,1000,Wisdom,Big Mom Pirates,"[On Play] Look at 4 cards from the top of your deck; reveal up to 1 [Sanji] or [Big Mom Pirates] type card other than [Charlotte Pudding] and add it to your hand. Then, place the rest at the bottom of your deck in any order.",Yes,https://optcgapi.com/media/static/Card_Images/OP03-112_p4.jpg,,95.80,69.69,2026-09-07,
OP02-013_p3,Portgas.D.Ace (SP),OP-08,Two Legends,SEC,Red,Character,7,7000,,0,Special,Whitebeard Pirates,"[On Play] Give up to 2 of your opponent's Characters 3000 power during this turn. Then, if your Leader's type includes ""Whitebeard Piratess"", this Character gains [Rush] during this turn. (This card can attack on the turn in which it is played.)",Yes,https://optcgapi.com/media/static/Card_Images/OP02-013_p3.jpg,,268.87,150.00,2026-09-07,
OP08-118_p2,Silvers Rayleigh (Parallel) (Manga),OP-08,Two Legends,SEC,Red,Character,8,8000,,0,Slash,Former Roger Pirates,"[On Play] Select up to 2 of your opponent's Characters, and give 1 Character 3000 power and the other 2000 power until the end of your opponent's next turn. Then, K.O. up to 1 of your opponent's Characters with 3000 power or less.",Yes,https://optcgapi.com/media/static/Card_Images/OP08-118_p2.jpg,,608.68,449.99,2026-09-07,
OP08-084,Jack,OP-08,Two Legends,SR,Black,Character,7,8000,,0,Slash,Animal Kingdom Pirates,"This Character gains +4 cost. [Activate: Main] You may rest this Character: Draw 1 card and trash 1 card from your hand. Then, K.O. up to 1 of your opponent's Characters with a cost of 3 or less.",No,https://optcgapi.com/media/static/Card_Images/OP08-084.jpg,,0.32,0.20,2026-09-07,
OP08-106,Nami,OP-08,Two Legends,SR,Yellow,Character,5,5000,,1000,Special,Straw Hat Crew Egghead,"[On Play] You may trash 1 card with a [Trigger] from your hand: K.O. up to 1 of your opponent's Characters with a cost of 5 or less. Then, if you have 3 or less cards in your hand, draw 1 card. [Trigger] Activate this card's [On Play] effect.",No,https://optcgapi.com/media/static/Card_Images/OP08-106.jpg,,2.69,1.89,2026-09-07,
OP08-074,Black Maria,OP-08,Two Legends,SR,Purple,Character,3,2000,,2000,Special,Animal Kingdom Pirates,"[Activate:Main] [Once Per Turn] If you have no other [Black Maria] Characters, add up to 5 DON!! cards from your DON!! deck and rest them. Then, at the end of this turn, return DON!! cards from your field to your DON!! deck until you have the same number of DON!! cards on your field as your opponent.",No,https://optcgapi.com/media/static/Card_Images/OP08-074.jpg,,1.78,0.49,2026-09-07,
OP08-023,Carrot (023),OP-08,Two Legends,SR,Green,Character,5,6000,,1000,Special,Minks,[On Play]/[When Attacking] Up to 1 of your opponent's rested Characters with a cost of 7 or less will not become active in your opponent's next Refresh Phase.,No,https://optcgapi.com/media/static/Card_Images/OP08-023.jpg,,0.95,0.74,2026-09-07,
OP08-069,Charlotte Linlin,OP-08,Two Legends,SR,Purple,Character,9,9000,,0,Special,Big Mom Pirates Former Rocks Pirates,"[On Play] DON!! 1, You may trash 1 card from your hand: Add up to 1 card from the top of your deck to the top of your Life cards. Then, add up to 1 of your opponent's Characters with a cost of 6 or less to the top or bottom of your opponent's Life cards face-up.",No,https://optcgapi.com/media/static/Card_Images/OP08-069.jpg,,3.51,2.99,2026-09-07,
OP08-007,Tony Tony.Chopper (007),OP-08,Two Legends,SR,Red,Character,3,5000,,0,Strike,Animal Straw Hat Crew Drum Kingdom,"[Your Turn] [On Play]/[When Attacking] Look at 5 cards from the top of your deck and play up to 1 [Animal] type Character card with 4000 power or less rested. Then, place the rest at the bottom of your deck in any order.",No,https://optcgapi.com/media/static/Card_Images/OP08-007.jpg,,1.17,0.99,2026-09-07,
OP08-105,Jewelry Bonney,OP-08,Two Legends,SR,Yellow,Character,3,4000,,1000,Special,Bonney Pirates Egghead,"[DON!! x1] [Your Turn] [Once Per Turn] When a card is removed from your opponent's Life cards, draw 2 cards and trash 1 card from your hand. [Trigger] Draw 2 cards and trash 1 card from your hand.",No,https://optcgapi.com/media/static/Card_Images/OP08-105.jpg,,1.45,1.65,2026-09-07,
OP08-079,Kaido,OP-08,Two Legends,SR,Black,Character,9,9000,,0,Strike,Animal Kingdom Pirates Former Rocks Pirates,"[Activate:Main] [Once Per Turn] You may trash 1 card from your hand: If this Character was played on this turn, trash up to 1 of your opponent's Characters with a cost of 7 or less. Then, your opponent trashes 1 card from their hand.",No,https://optcgapi.com/media/static/Card_Images/OP08-079.jpg,,0.35,0.20,2026-09-07,
OP08-112,S-Snake,OP-08,Two Legends,SR,Yellow,Character,5,6000,,1000,Special,Egghead Seraphim,[On Play] Up to 1 of your opponent's Characters with a cost of 6 or less other than [Monkey.D.Luffy] cannot attack until the end of your opponent's next turn. [Trigger] Activate this card's [On Play] effect.,No,https://optcgapi.com/media/static/Card_Images/OP08-112.jpg,,0.40,0.37,2026-09-07,
OP08-084_p1,Jack (Parallel) - Two Legends (OP08),OP-08,Two Legends,SR,Black,Character,7,8000,,0,Slash,Animal Kingdom Pirates,"This Character gains +4 cost. [Activate: Main] You may rest this Character: Draw 1 card and trash 1 card from your hand. Then, K.O. up to 1 of your opponent's Characters with a cost of 3 or less.",Yes,https://optcgapi.com/media/static/Card_Images/OP08-084_p1.jpg,,6.15,4.17,2026-09-07,
OP09-009,Benn.Beckman,OP-09,Emperors in the New World,SR,Red,Character,7,7000,,1000,Ranged,Red-Haired Pirates,[On Play] Trash up to 1 of your opponent's Characters with 6000 power or less.,No,https://optcgapi.com/media/static/Card_Images/OP09-009.jpg,,0.96,0.71,2026-09-07,
OP09-004,Shanks (004),OP-09,Emperors in the New World,SR,Red,Character,10,12000,,0,Slash,The Four Emperors Red-Haired Pirates,"Give all of your opponent's Characters 1000 power.
[Rush] (This card can attack on the turn in which it is played.)",No,https://optcgapi.com/media/static/Card_Images/OP09-004.jpg,,1.14,0.94,2026-09-07,
OP09-118,Gol.D.Roger,OP-09,Emperors in the New World,SEC,Red,Character,10,13000,,0,Slash,Roger Pirates King of the Pirates,"[Rush] (This card can attack on the turn in which it is played.)
When your opponent activates [Blocker], if either you or your opponent has 0 Life cards, you win the game.",No,https://optcgapi.com/media/static/Card_Images/OP09-118.jpg,,26.49,9.00,2026-09-07,
OP09-093,Marshall.D.Teach (093),OP-09,Emperors in the New World,SR,Black,Character,10,12000,,0,Special,Blackbeard Pirates The Four Emperors,"[Blocker]
[Activate: Main] [Once Per Turn] If your Leader has the ""Blackbeard Pirates"" type and this Character was played on this turn, negate the effect of up to 1 of your opponent's Leader during this turn. Then, negate the effect of up to 1 of your opponent's Characters and that Character cannot attack until the end of your opponent's next turn.",No,https://optcgapi.com/media/static/Card_Images/OP09-093.jpg,,1.48,1.40,2026-09-07,
OP09-065,Sanji (065),OP-09,Emperors in the New World,SR,Purple,Character,7,7000,,1000,Strike,Straw Hat Crew,"[On Play] You may return 1 or more DON!! cards from your field to your DON!! deck: This Character gains [Rush] during this turn. Then, rest up to 1 of your opponent's Characters with a cost of 6 or less.",No,https://optcgapi.com/media/static/Card_Images/OP09-065.jpg,,0.62,0.50,2026-09-07,
OP09-119,Monkey.D.Luffy (119),OP-09,Emperors in the New World,SEC,Purple,Character,9,10000,,0,Strike,Straw Hat Crew,[On Play] You may return 1 or more DON!! cards from your field to your DON!! deck: Draw 1 card and this Character gains [Rush] during this turn.,No,https://optcgapi.com/media/static/Card_Images/OP09-119.jpg,,6.66,4.99,2026-09-07,
OP09-103,Koala,OP-09,Emperors in the New World,SR,Yellow,Character,6,6000,,0,Strike,Revolutionary Army,"[Blocker]
[On Play] You may add 1 card from the top or bottom of your Life cards to your hand: Play up to 1 ""Revolutionary Army"" type Character card with a cost of 4 or less from your hand. If you do, draw 1 card.",No,https://optcgapi.com/media/static/Card_Images/OP09-103.jpg,,0.38,0.34,2026-09-07,
OP09-037,Lim (037),OP-09,Emperors in the New World,SR,Green,Character,3,5000,,0,Wisdom,ODYSSEY,"[On Play] Look at 5 cards from the top of your deck; reveal up to 1 ""ODYSSEY"" type card other than [Lim] and add it to your hand. Then, place the rest at the bottom of your deck in any order.
[End of Your Turn] If you have 3 or more rested Characters, set this Character as active.",No,https://optcgapi.com/media/static/Card_Images/OP09-037.jpg,,0.40,0.29,2026-09-07,
OP09-048,Dracule Mihawk,OP-09,Emperors in the New World,SR,Blue,Character,6,7000,,0,Slash,Cross Guild,"[Blocker] (After your opponent declares an attack, you may rest this card to make it the new target of the attack.)
[On Play] Draw 2 cards and trash 1 card from your hand.",No,https://optcgapi.com/media/static/Card_Images/OP09-048.jpg,,0.47,0.25,2026-09-07,
OP09-046,Crocodile (046),OP-09,Emperors in the New World,SR,Blue,Character,7,7000,,1000,Special,Former Baroque Works Cross Guild,"[On Play] Play up to 1 ""Cross Guild"" type Character card or Character card with a type including ""Baroque Works"" with a cost of 5 or less from your hand.",No,https://optcgapi.com/media/static/Card_Images/OP09-046.jpg,,0.44,0.20,2026-09-07,
OP09-023,Adio,OP-09,Emperors in the New World,SR,Green,Character,9,9000,,0,Special,ODYSSEY,"[On Play] If your Leader has the ""ODYSSEY"" type, set up to 3 of your DON!! cards as active.
[On Your Opponent's Attack] [Once Per Turn] You may rest 1 of your DON!! cards: Up to 1 of your Leader or Character cards gains +2000 power during this battle.",No,https://optcgapi.com/media/static/Card_Images/OP09-023.jpg,,0.36,0.05,2026-09-07,
OP09-072,Franky,OP-09,Emperors in the New World,SR,Purple,Character,4,5000,,1000,Strike,Straw Hat Crew,"[Blocker] (After your opponent declares an attack, you may rest this card to make it the new target of the attack.)
[On Play] DON!! 2, You may trash 1 card from your hand: Draw 2 cards.",No,https://optcgapi.com/media/static/Card_Images/OP09-072.jpg,,0.71,0.70,2026-09-07,
OP09-103_p1,Koala (Parallel),OP-09,Emperors in the New World,SR,Yellow,Character,6,6000,,0,Strike,Revolutionary Army,"[Blocker]
[On Play] You may add 1 card from the top or bottom of your Life cards to your hand: Play up to 1 ""Revolutionary Army"" type Character card with a cost of 4 or less from your hand. If you do, draw 1 card.",Yes,https://optcgapi.com/media/static/Card_Images/OP09-103_p1.jpg,,2.83,2.50,2026-09-07,
OP09-009_p1,Benn.Beckman (Parallel),OP-09,Emperors in the New World,SR,Red,Character,7,7000,,1000,Ranged,Red-Haired Pirates,[On Play] Trash up to 1 of your opponent's Characters with 6000 power or less.,Yes,https://optcgapi.com/media/static/Card_Images/OP09-009_p1.jpg,,6.68,5.50,2026-09-07,
OP09-002_p1,Uta (Parallel),OP-09,Emperors in the New World,R,Red,Character,1,2000,,1000,Special,FILM,"[On Play] Look at 5 cards from the top of your deck; reveal up to 1 ""Red-Haired Pirates"" type card and add it to your hand. Then, place the rest at the bottom of your deck in any order.",Yes,https://optcgapi.com/media/static/Card_Images/OP09-002_p1.jpg,,6.10,5.50,2026-09-07,
OP09-023_p1,Adio (Parallel),OP-09,Emperors in the New World,SR,Green,Character,9,9000,,0,Special,ODYSSEY,"[On Play] If your Leader has the ""ODYSSEY"" type, set up to 3 of your DON!! cards as active.
[On Your Opponent's Attack] [Once Per Turn] You may rest 1 of your DON!! cards: Up to 1 of your Leader or Character cards gains +2000 power during this battle.",Yes,https://optcgapi.com/media/static/Card_Images/OP09-023_p1.jpg,,1.19,0.48,2026-09-07,
OP09-037_p1,Lim (037) (Parallel),OP-09,Emperors in the New World,SR,Green,Character,3,5000,,0,Wisdom,ODYSSEY,"[On Play] Look at 5 cards from the top of your deck; reveal up to 1 ""ODYSSEY"" type card other than [Lim] and add it to your hand. Then, place the rest at the bottom of your deck in any order.
[End of Your Turn] If you have 3 or more rested Characters, set this Character as active.",Yes,https://optcgapi.com/media/static/Card_Images/OP09-037_p1.jpg,,2.54,2.37,2026-09-07,
OP09-004_p1,Shanks (004) (Alternate Art),OP-09,Emperors in the New World,SR,Red,Character,10,12000,,0,Slash,The Four Emperors Red-Haired Pirates,"Give all of your opponent's Characters 1000 power.
[Rush] (This card can attack on the turn in which it is played.)",Yes,https://optcgapi.com/media/static/Card_Images/OP09-004_p1.jpg,,21.43,20.20,2026-09-07,
OP09-118_p1,Gol.D.Roger (Alternate Art),OP-09,Emperors in the New World,SEC,Red,Character,10,13000,,0,Slash,Roger Pirates King of the Pirates,"[Rush] (This card can attack on the turn in which it is played.)
When your opponent activates [Blocker], if either you or your opponent has 0 Life cards, you win the game.",Yes,https://optcgapi.com/media/static/Card_Images/OP09-118_p1.jpg,,69.90,45.00,2026-09-07,
OP09-069_p1,Trafalgar Law (069) (Parallel),OP-09,Emperors in the New World,R,Purple,Character,1,2000,,1000,Slash,Heart Pirates,"[On Play] Look at 4 cards from the top of your deck; reveal up to 1 ""Straw Hat Crew"" or ""Heart Pirates"" type card with a cost of 2 or more and add it to your hand. Then, place the rest at the bottom of your deck in any order.",Yes,https://optcgapi.com/media/static/Card_Images/OP09-069_p1.jpg,,9.43,8.65,2026-09-07,
OP09-051_p1,Buggy (051) (Alternate Art),OP-09,Emperors in the New World,R,Blue,Character,10,12000,,0,Slash,The Four Emperors Cross Guild,"[On Play] Place up to 1 of your opponent's Characters at the bottom of the owner's deck. Then, if you do not have 5 Characters with a cost of 5 or more, place this Character at the bottom of the owner's deck.",Yes,https://optcgapi.com/media/static/Card_Images/OP09-051_p1.jpg,,14.86,9.50,2026-09-07,
OP09-046_p1,Crocodile (046) (Parallel),OP-09,Emperors in the New World,SR,Blue,Character,7,7000,,1000,Special,Former Baroque Works Cross Guild,"[On Play] Play up to 1 ""Cross Guild"" type Character card or Character card with a type including ""Baroque Works"" with a cost of 5 or less from your hand.",Yes,https://optcgapi.com/media/static/Card_Images/OP09-046_p1.jpg,,5.14,4.00,2026-09-07,
OP09-022_p1,Lim (022) (Parallel),OP-09,Emperors in the New World,L,Green Purple,Leader,,5000,4,,Wisdom,ODYSSEY,"Your Character cards are played rested.
[Activate: Main] [Once Per Turn] You may rest 3 of your DON!! cards: Add up to 1 DON!! card from your DON!! deck and rest it, and play up to 1 ""ODYSSEY"" type Character card with a cost of 5 or less from your hand.",Yes,https://optcgapi.com/media/static/Card_Images/OP09-022_p1.jpg,,8.74,9.00,2026-09-07,
OP09-081_p1,Marshall.D.Teach (081) (Parallel),OP-09,Emperors in the New World,L,Black,Leader,,5000,5,,Special,Blackbeard Pirates The Four Emperors,"Your [On Play] effects are negated.
[Activate: Main] You may trash 1 card from your hand: Your opponent's [On Play] effects are negated until the end of your opponent's next turn.",Yes,https://optcgapi.com/media/static/Card_Images/OP09-081_p1.jpg,,22.58,17.00,2026-09-07,
OP09-107_p1,Nico Robin (107) (Parallel),OP-09,Emperors in the New World,R,Yellow,Character,6,6000,,1000,Strike,Straw Hat Crew,"[On Play] If your opponent has 3 or more Life cards, trash up to 1 card from the top of your opponent's Life cards.
[Trigger] Play up to 1 yellow Character card with a cost of 3 or less from your hand.",Yes,https://optcgapi.com/media/static/Card_Images/OP09-107_p1.jpg,,35.49,30.00,2026-09-07,
OP09-050_p1,Nami (050) (Parallel),OP-09,Emperors in the New World,R,Blue,Character,1,1000,,1000,Wisdom,East Blue,"[When Attacking] Look at 5 cards from the top of your deck; reveal up to 1 blue Event and add it to your hand. Then, place the rest at the bottom of your deck in any order.",Yes,https://optcgapi.com/media/static/Card_Images/OP09-050_p1.jpg,,13.93,13.35,2026-09-07,
OP09-065_p1,Sanji (065) (Parallel),OP-09,Emperors in the New World,SR,Purple,Character,7,7000,,1000,Strike,Straw Hat Crew,"[On Play] You may return 1 or more DON!! cards from your field to your DON!! deck: This Character gains [Rush] during this turn. Then, rest up to 1 of your opponent's Characters with a cost of 6 or less.",Yes,https://optcgapi.com/media/static/Card_Images/OP09-065_p1.jpg,,6.34,6.50,2026-09-07,
OP09-093_p1,Marshall.D.Teach (093) (Alternate Art),OP-09,Emperors in the New World,SR,Black,Character,10,12000,,0,Special,Blackbeard Pirates The Four Emperors,"[Blocker]
[Activate: Main] [Once Per Turn] If your Leader has the ""Blackbeard Pirates"" type and this Character was played on this turn, negate the effect of up to 1 of your opponent's Leader during this turn. Then, negate the effect of up to 1 of your opponent's Characters and that Character cannot attack until the end of your opponent's next turn.",Yes,https://optcgapi.com/media/static/Card_Images/OP09-093_p1.jpg,,22.89,16.00,2026-09-07,
OP09-042_p1,Buggy (042) (Parallel),OP-09,Emperors in the New World,L,Blue,Leader,,5000,5,,Slash,The Four Emperors Cross Guild,"[Activate: Main] You may rest 5 of your DON!! cards and trash 1 card from your hand: Play up to 1 ""Cross Guild"" type Character card from your hand.",Yes,https://optcgapi.com/media/static/Card_Images/OP09-042_p1.jpg,,26.28,18.00,2026-09-07,
OP09-062_p1,Nico Robin (062) (Parallel),OP-09,Emperors in the New World,L,Purple Yellow,Leader,,5000,4,,Strike,Straw Hat Crew,"[Banish] (When this card deals damage, the target card is trashed without activating its Trigger.)
[When Attacking] You may trash 1 card with a [Trigger] from your hand: Add up to 1 DON!! card from your DON!! deck and rest it.",Yes,https://optcgapi.com/media/static/Card_Images/OP09-062_p1.jpg,,162.98,39.95,2026-09-07,
OP09-001_p1,Shanks (001) (Parallel),OP-09,Emperors in the New World,L,Red,Leader,,5000,5,,Slash,The Four Emperors Red-Haired Pirates,[Once Per Turn] This effect can be activated when your opponent attacks. Give up to 1 of your opponent's Leader or Character cards 1000 power during this turn.,Yes,https://optcgapi.com/media/static/Card_Images/OP09-001_p1.jpg,,38.26,33.10,2026-09-07,
OP09-034_p1,Perona (Parallel),OP-09,Emperors in the New World,R,Green,Character,1,2000,,2000,Special,Thriller Bark Pirates Muggy Kingdom,"[On Play] Look at 5 cards from the top of your deck; reveal up to 1 [Dracule Mihawk] or ""Thriller Bark Pirates"" type card and add it to your hand. Then, place the rest at the bottom of your deck in any order and trash 1 card from your hand.",Yes,https://optcgapi.com/media/static/Card_Images/OP09-034_p1.jpg,,4.84,4.80,2026-09-07,
ST18-004_p1,Zoro-Juurou (ST18-004),OP-09,Emperors in the New World,SR,Purple,Character,4,6000,,0,Slash,Straw Hat Crew,"[On Play] Look at 5 cards from the top of your deck; reveal up to 1 purple ""Straw Hat Crew"" type card and add it to your hand. Then, place the rest at the bottom of your deck in any order.",Yes,https://optcgapi.com/media/static/Card_Images/ST18-004_p1.jpg,,65.63,59.50,2026-09-07,
OP09-072_p1,Franky (Parallel),OP-09,Emperors in the New World,SR,Purple,Character,4,5000,,1000,Strike,Straw Hat Crew,"[Blocker] (After your opponent declares an attack, you may rest this card to make it the new target of the attack.)
[On Play] DON!! 2, You may trash 1 card from your hand: Draw 2 cards.",Yes,https://optcgapi.com/media/static/Card_Images/OP09-072_p1.jpg,,11.92,11.88,2026-09-07,
OP09-119_p1,Monkey.D.Luffy (119) (Alternate Art),OP-09,Emperors in the New World,SEC,Purple,Character,9,10000,,0,Strike,Straw Hat Crew,[On Play] You may return 1 or more DON!! cards from your field to your DON!! deck: Draw 1 card and this Character gains [Rush] during this turn.,Yes,https://optcgapi.com/media/static/Card_Images/OP09-119_p1.jpg,,31.02,25.00,2026-09-07,
OP09-061_p1,Monkey.D.Luffy (061) (Parallel),OP-09,Emperors in the New World,L,Purple Black,Leader,,5000,4,,Strike,Straw Hat Crew The Four Emperors,"[DON!! x1] All of your Characters gain +1 cost.
[Your Turn] [Once Per Turn] When 2 or more DON!! cards on your field are returned to your DON!! deck, add up to 1 DON!! card from your DON!! deck and set it as active, and add up to 1 additional DON!! card and rest it.",Yes,https://optcgapi.com/media/static/Card_Images/OP09-061_p1.jpg,,104.63,63.45,2026-09-07,
OP09-051_p3,Buggy (051) (Wanted Poster),OP-09,Emperors in the New World,R,Blue,Character,10,12000,,0,Slash,The Four Emperors Cross Guild,"[On Play] Place up to 1 of your opponent's Characters at the bottom of the owner's deck. Then, if you do not have 5 Characters with a cost of 5 or more, place this Character at the bottom of the owner's deck.",Yes,https://optcgapi.com/media/static/Card_Images/OP09-051_p3.jpg,,165.25,90.00,2026-09-07,
OP08-106_p2,Nami (SP),OP-09,Emperors in the New World,SR,Yellow,Character,5,5000,,1000,Special,Straw Hat Crew Egghead,"[On Play] You may trash 1 card with a [Trigger] from your hand: K.O. up to 1 of your opponent's Characters with a cost of 5 or less. Then, if you have 3 or less cards in your hand, draw 1 card.
[Trigger] Activate this card's [On Play] effect.",Yes,https://optcgapi.com/media/static/Card_Images/OP08-106_p2.jpg,,867.52,290.00,2026-09-07,
OP05-119_p6,Monkey.D.Luffy (Wanted Poster),OP-09,Emperors in the New World,SEC,Purple,Character,10,12000,,0,Strike,Straw Hat Crew The Four Emperors,"[On Play] DON!! 10: Place all of your Characters except this Character at the bottom of your deck in any order. Then, take an extra turn after this one.
[Activate: Main] [Once Per Turn] You may rest 1 of your DON!! cards: Add up to 1 DON!! card from your DON!! deck and set it as active.",Yes,https://optcgapi.com/media/static/Card_Images/OP05-119_p6.jpg,,653.67,448.64,2026-09-07,
OP09-093_p3,Marshall.D.Teach (093) (Wanted Poster),OP-09,Emperors in the New World,SR,Black,Character,10,12000,,0,Special,Blackbeard Pirates The Four Emperors,"[Blocker]
[Activate: Main] [Once Per Turn] If your Leader has the ""Blackbeard Pirates"" type and this Character was played on this turn, negate the effect of up to 1 of your opponent's Leader during this turn. Then, negate the effect of up to 1 of your opponent's Characters and that Character cannot attack until the end of your opponent's next turn.",Yes,https://optcgapi.com/media/static/Card_Images/OP09-093_p3.jpg,,250.79,135.00,2026-09-07,
OP07-015_p2,Monkey.D.Dragon (SP),OP-09,Emperors in the New World,SR,Red,Character,8,9000,,0,Special,Revolutionary Army,"[Rush] (This card can attack on the turn in which it is played.)
[On Play] Give up to 2 rested DON!! cards to your Leader or 1 of your Characters.",Yes,https://optcgapi.com/media/static/Card_Images/OP07-015_p2.jpg,,179.48,65.98,2026-09-07,
OP09-004_p3,Shanks (004) (Wanted Poster),OP-09,Emperors in the New World,SR,Red,Character,10,12000,,0,Slash,The Four Emperors Red-Haired Pirates,"Give all of your opponent's Characters 1000 power.
[Rush] (This card can attack on the turn in which it is played.)",Yes,https://optcgapi.com/media/static/Card_Images/OP09-004_p3.jpg,,255.75,145.00,2026-09-07,
OP05-093_p2,Rob Lucci (SP),OP-09,Emperors in the New World,SR,Black,Character,4,6000,,0,Strike,CP0,[On Play] You may place 3 cards from your trash at the bottom of your deck in any order: K.O. up to 1 of your opponent's Characters with a cost of 2 or less and up to 1 of your opponent's Characters with a cost of 1 or less.,Yes,https://optcgapi.com/media/static/Card_Images/OP05-093_p2.jpg,,95.55,49.99,2026-09-07,
OP04-119_p2,Donquixote Rosinante (SP),OP-09,Emperors in the New World,SEC,Green,Character,8,8000,,0,Special,Donquixote Pirates Navy,"[Opponent's Turn] If this Character is rested, your active Characters with a base cost of 5 cannot be K.O.'d by effects.
[On Play] You may rest this Character: Play up to 1 green Character card with a cost of 5 from your hand.",Yes,https://optcgapi.com/media/static/Card_Images/OP04-119_p2.jpg,,161.99,71.00,2026-09-07,
OP05-067_p4,Zoro-Juurou (SP),OP-09,Emperors in the New World,R,Purple,Character,3,4000,,1000,Slash,Straw Hat Crew,"[When Attacking] If you have 3 or less Life cards, add up to 1 DON!! card from your DON!! deck and set it as active.",Yes,https://optcgapi.com/media/static/Card_Images/OP05-067_p4.jpg,,526.71,319.99,2026-09-07,
OP07-051_p3,Boa Hancock (SP),OP-09,Emperors in the New World,SR,Blue,Character,6,8000,,0,Special,Kuja Pirates The Seven Warlords of the Sea,"[On Play] Up to 1 of your opponent's Characters other than [Monkey.D.Luffy] cannot attack until the end of your opponent's next turn. Then, place up to 1 Character with a cost of 1 or less at the bottom of the owner's deck.",Yes,https://optcgapi.com/media/static/Card_Images/OP07-051_p3.jpg,,813.88,449.99,2026-09-07,
OP09-051_p2,Buggy (051) (Manga),OP-09,Emperors in the New World,R,Purple,Character,3,4000,,1000,Slash,Straw Hat Crew,"[When Attacking] If you have 3 or less Life cards, add up to 1 DON!! card from your DON!! deck and set it as active.",Yes,https://optcgapi.com/media/static/Card_Images/OP09-051_p2.jpg,,1650.00,1000.00,2026-09-07,
OP09-119_p2,Monkey.D.Luffy (119) (Manga),OP-09,Emperors in the New World,SEC,Purple,Character,9,10000,,0,Strike,Straw Hat Crew,[On Play] You may return 1 or more DON!! cards from your field to your DON!! deck: Draw 1 card and this Character gains [Rush] during this turn.,Yes,https://optcgapi.com/media/static/Card_Images/OP09-119_p2.jpg,,2699.00,3700.00,2026-09-07,
OP09-093_p2,Marshall.D.Teach (093) (Manga),OP-09,Emperors in the New World,SR,Black,Character,10,12000,,0,Special,Blackbeard Pirates The Four Emperors,"[Blocker]
[Activate: Main] [Once Per Turn] If your Leader has the ""Blackbeard Pirates"" type and this Character was played on this turn, negate the effect of up to 1 of your opponent's Leader during this turn. Then, negate the effect of up to 1 of your opponent's Characters and that Character cannot attack until the end of your opponent's next turn.",Yes,https://optcgapi.com/media/static/Card_Images/OP09-093_p2.jpg,,2000.99,1800.01,2026-09-07,
OP09-004_p2,Shanks (004) (Manga),OP-09,Emperors in the New World,SR,Red,Character,10,12000,,0,Slash,The Four Emperors Red-Haired Pirates,"Give all of your opponent's Characters 1000 power.
[Rush] (This card can attack on the turn in which it is played.)",Yes,https://optcgapi.com/media/static/Card_Images/OP09-004_p2.jpg,,1795.00,900.00,2026-09-07,
OP09-118_p2,Gol.D.Roger (Manga),OP-09,Emperors in the New World,SEC,Red,Character,10,13000,,0,Slash,Roger Pirates King of the Pirates,"[Rush] (This card can attack on the turn in which it is played.)
When your opponent activates [Blocker], if either you or your opponent has 0 Life cards, you win the game.",Yes,https://optcgapi.com/media/static/Card_Images/OP09-118_p2.jpg,,5500.00,8500.00,2026-09-07,
OP09-048_p1,Dracule Mihawk (Parallel),OP-09,Emperors in the New World,SR,Blue,Character,6,7000,,0,Slash,Cross Guild,"[Blocker] (After your opponent declares an attack, you may rest this card to make it the new target of the attack.) [On Play] Draw 2 cards and trash 1 card from your hand.",Yes,https://optcgapi.com/media/static/Card_Images/OP09-048_p1.jpg,,4.89,3.83,2026-09-07,
OP10-005,Sanji,OP-10,Royal Blood,SR,Red,Character,3,3000,,1000,Special,Straw Hat Crew Punk Hazard,"[Your Turn] This Character gains +3000 power.
[On K.O.] Draw 1 card.",No,https://optcgapi.com/media/static/Card_Images/OP10-005.jpg,,9.62,5.00,2026-09-07,
OP10-032,Tashigi,OP-10,Royal Blood,SR,Green,Character,3,4000,,2000,Special,Navy Punk Hazard,"If you have a green Character other than [Tashigi] that would be removed from the field by your opponent's effect, you may rest this Character instead.",No,https://optcgapi.com/media/static/Card_Images/OP10-032.jpg,,0.65,0.35,2026-09-07,
OP10-082,Kuzan,OP-10,Royal Blood,SR,Black,Character,5,5000,,0,Special,Blackbeard Pirates Former Navy,"This Character cannot be removed from the field by your opponent's effects.
[Activate: Main] You may trash this Character: Draw 1 card. Then, play up to 1 ""Blackbeard Pirates"" type Character card with a cost of 5 or less other than [Kuzan] from your trash.",No,https://optcgapi.com/media/static/Card_Images/OP10-082.jpg,,1.10,0.75,2026-09-07,
OP10-030,Smoker (030),OP-10,Royal Blood,SR,Green,Character,5,7000,,0,Slash,Navy Punk Hazard,"[Banish] (When this card deals damage, the target card is trashed without activating its Trigger.)
[Activate: Main] Set up to 1 of your DON!! cards as active. Then, you cannot set DON!! cards as active using Character effects during this turn.",No,https://optcgapi.com/media/static/Card_Images/OP10-030.jpg,,3.27,1.50,2026-09-07,
OP10-112,"Eustass""Captain""Kid (112)",OP-10,Royal Blood,SR,Yellow,Character,8,9000,,0,Special,Kid Pirates Supernovas,"[On Play] You may rest this Character: Trash up to 1 card from the top of your opponent's Life cards.
[End of Your Turn] If your opponent has 2 or less Life cards, draw 1 card and trash 1 card from your hand.",No,https://optcgapi.com/media/static/Card_Images/OP10-112.jpg,,1.43,1.39,2026-09-07,
OP10-046,Kyros,OP-10,Royal Blood,SR,Blue,Character,7,9000,,0,Slash,Dressrosa,[On Play] Return up to 1 Character with a cost of 5 or less to the owner's hand.,No,https://optcgapi.com/media/static/Card_Images/OP10-046.jpg,,0.39,0.22,2026-09-07,
OP10-058,Rebecca,OP-10,Royal Blood,SR,Blue,Character,7,4000,,1000,Slash,Dressrosa,"[On Play] If there is a Character with a cost of 8 or more, draw 1 card. Then, reveal up to 2 ""Dressrosa"" type Character cards with a cost of 7 or less other than [Rebecca] from your hand. Play 1 of the revealed cards and play the other card rested if it has a cost of 4 or less.",No,https://optcgapi.com/media/static/Card_Images/OP10-058.jpg,,0.64,0.50,2026-09-07,
OP10-016,Monet,OP-10,Royal Blood,SR,Red,Character,2,3000,,1000,Special,Donquixote Pirates Punk Hazard,"[Activate: Main] You may rest this Character: Give up to 2 rested DON!! cards to your Leader or 1 of your Characters. Then, give up to 1 of your opponent's Characters 1000 power during this turn.",No,https://optcgapi.com/media/static/Card_Images/OP10-016.jpg,,0.40,0.33,2026-09-07,
OP10-072,Donquixote Rosinante,OP-10,Royal Blood,SR,Purple,Character,5,6000,,1000,Special,Donquixote Pirates Navy,"[On Play] You may trash 1 Event from your hand: Draw 2 cards.
[End of Your Turn] If you have 7 or more DON!! cards on your field, set up to 2 of your DON!! cards as active.",No,https://optcgapi.com/media/static/Card_Images/OP10-072.jpg,,1.33,1.25,2026-09-07,
OP10-071,Donquixote Doflamingo,OP-10,Royal Blood,SR,Purple,Character,8,9000,,0,Special,Donquixote Pirates The Seven Warlords of the Sea,"[On Play] DON!! 1: Play up to 1 ""Donquixote Pirates"" type Character card with a cost of 5 or less from your hand.
[On Your Opponent's Attack] [Once Per Turn] You may rest 1 of your DON!! cards: Add up to 1 DON!! card from your DON!! deck and set it as active.",No,https://optcgapi.com/media/static/Card_Images/OP10-071.jpg,,1.04,0.85,2026-09-07,
OP10-119,Trafalgar Law (119),OP-10,Royal Blood,SEC,Yellow,Character,7,9000,,0,Slash,Heart Pirates Supernovas Dressrosa,"[On Play] Reveal up to 1 ""Supernovas"" type Character card from your hand and add it to the top of your Life cards face-down. Then, give up to 1 rested DON!! card to 1 of your ""Supernovas"" type Leader.",No,https://optcgapi.com/media/static/Card_Images/OP10-119.jpg,,7.21,5.00,2026-09-07,
OP10-118,Monkey.D.Luffy (118),OP-10,Royal Blood,SEC,Black,Character,6,7000,,1000,Strike,Straw Hat Crew Supernovas Dressrosa,"Once per turn, this Character cannot be K.O.'d by your opponent's effects.
[When Attacking] You may place 3 cards from your trash at the bottom of your deck in any order: If your opponent has 5 or more cards in their hand, your opponent trashes 1 card from their hand.",No,https://optcgapi.com/media/static/Card_Images/OP10-118.jpg,,5.26,4.50,2026-09-07,
OP10-082_p1,Kuzan (Parallel),OP-10,Royal Blood,SR,Black,Character,5,5000,,0,Special,Blackbeard Pirates Former Navy,"This Character cannot be removed from the field by your opponent's effects.
[Activate: Main] You may trash this Character: Draw 1 card. Then, play up to 1 ""Blackbeard Pirates"" type Character card with a cost of 5 or less other than [Kuzan] from your trash.",Yes,https://optcgapi.com/media/static/Card_Images/OP10-082_p1.jpg,,13.19,12.66,2026-09-07,
OP10-072_p1,Donquixote Rosinante (Parallel),OP-10,Royal Blood,SR,Purple,Character,5,6000,,1000,Special,Donquixote Pirates Navy,"[On Play] You may trash 1 Event from your hand: Draw 2 cards.
[End of Your Turn] If you have 7 or more DON!! cards on your field, set up to 2 of your DON!! cards as active.",Yes,https://optcgapi.com/media/static/Card_Images/OP10-072_p1.jpg,,12.98,11.50,2026-09-07,
OP10-112_p1,"Eustass""Captain""Kid (112) (Parallel)",OP-10,Royal Blood,SR,Yellow,Character,8,9000,,0,Special,Kid Pirates Supernovas,"[On Play] You may rest this Character: Trash up to 1 card from the top of your opponent's Life cards.
[End of Your Turn] If your opponent has 2 or less Life cards, draw 1 card and trash 1 card from your hand.",Yes,https://optcgapi.com/media/static/Card_Images/OP10-112_p1.jpg,,15.23,12.00,2026-09-07,
OP10-071_p1,Donquixote Doflamingo (Parallel),OP-10,Royal Blood,SR,Purple,Character,8,9000,,0,Special,Donquixote Pirates The Seven Warlords of the Sea,"[On Play] DON!! 1: Play up to 1 ""Donquixote Pirates"" type Character card with a cost of 5 or less from your hand.
[On Your Opponent's Attack] [Once Per Turn] You may rest 1 of your DON!! cards: Add up to 1 DON!! card from your DON!! deck and set it as active.",Yes,https://optcgapi.com/media/static/Card_Images/OP10-071_p1.jpg,,9.84,6.99,2026-09-07,
OP10-016_p1,Monet (Parallel),OP-10,Royal Blood,SR,Red,Character,2,3000,,1000,Special,Donquixote Pirates Punk Hazard,"[Activate: Main] You may rest this Character: Give up to 2 rested DON!! cards to your Leader or 1 of your Characters. Then, give up to 1 of your opponent's Characters 1000 power during this turn.",Yes,https://optcgapi.com/media/static/Card_Images/OP10-016_p1.jpg,,4.30,2.00,2026-09-07,
OP10-037_p1,Lim (Parallel),OP-10,Royal Blood,R,Green,Character,1,0,,1000,Wisdom,ODYSSEY,"[Once Per Turn] If this Character would be removed from the field by your opponent's effect, you may rest 1 of your ""ODYSSEY"" type Characters instead.[End of Your Turn] Set up to 1 of your ""ODYSSEY"" type Characters as active.",Yes,https://optcgapi.com/media/static/Card_Images/OP10-037_p1.jpg,,2.72,2.50,2026-09-07,
OP10-005_p1,Sanji (Parallel),OP-10,Royal Blood,SR,Red,Character,3,3000,,1000,Special,Straw Hat Crew Punk Hazard,"[Your Turn] This Character gains +3000 power.
[On K.O.] Draw 1 card.",Yes,https://optcgapi.com/media/static/Card_Images/OP10-005_p1.jpg,,22.91,22.99,2026-09-07,
OP10-030_p1,Smoker (030) (Parallel),OP-10,Royal Blood,SR,Green,Character,5,7000,,0,Slash,Navy Punk Hazard,"[Banish] (When this card deals damage, the target card is trashed without activating its Trigger.)
[Activate: Main] Set up to 1 of your DON!! cards as active. Then, you cannot set DON!! cards as active using Character effects during this turn.",Yes,https://optcgapi.com/media/static/Card_Images/OP10-030_p1.jpg,,24.13,17.99,2026-09-07,
OP10-045_p1,Cavendish (045) (Parallel),OP-10,Royal Blood,R,Blue,Character,4,6000,,0,Slash,Beautiful Pirates Dressrosa,[When Attacking] [Once Per Turn] Draw 2 cards and trash 1 card from your hand.,Yes,https://optcgapi.com/media/static/Card_Images/OP10-045_p1.jpg,,9.25,9.20,2026-09-07,
OP10-111_p1,Monkey.D.Luffy (111) (Parallel),OP-10,Royal Blood,R,Yellow,Character,1,2000,,1000,Strike,Straw Hat Crew Supernovas,"[On Play] Look at 5 cards from the top of your deck; reveal up to 1 ""Supernovas"" type card other than [Monkey.D.Luffy] and add it to your hand. Then, place the rest at the bottom of your deck in any order.",Yes,https://optcgapi.com/media/static/Card_Images/OP10-111_p1.jpg,,16.10,13.77,2026-09-07,
OP10-032_p1,Tashigi (Parallel),OP-10,Royal Blood,SR,Green,Character,3,4000,,2000,Special,Navy Punk Hazard,"If you have a green Character other than [Tashigi] that would be removed from the field by your opponent's effect, you may rest this Character instead.",Yes,https://optcgapi.com/media/static/Card_Images/OP10-032_p1.jpg,,5.59,3.00,2026-09-07,
OP10-067_p1,Senor Pink (Parallel),OP-10,Royal Blood,R,Purple,Character,5,6000,,0,Special,Donquixote Pirates,"[On Play] DON!! 1 (You may return the specified number of DON!! cards from your field to your DON!! deck.): Add up to 1 purple Event with a cost of 5 or less from your trash to your hand. Then, set up to 1 of your DON!! cards as active.",Yes,https://optcgapi.com/media/static/Card_Images/OP10-067_p1.jpg,,15.22,12.95,2026-09-07,
OP10-090_p1,Franky (090) (Parallel),OP-10,Royal Blood,R,Black,Character,4,5000,,1000,Strike,Straw Hat Crew Dressrosa,"[Blocker]
[On K.O.] Play up to 1 ""Dressrosa"" type Character card with a cost of 3 or less from your trash rested.",Yes,https://optcgapi.com/media/static/Card_Images/OP10-090_p1.jpg,,3.20,3.26,2026-09-07,
OP10-046_p1,Kyros (Parallel),OP-10,Royal Blood,SR,Blue,Character,7,9000,,0,Slash,Dressrosa,[On Play] Return up to 1 Character with a cost of 5 or less to the owner's hand.,Yes,https://optcgapi.com/media/static/Card_Images/OP10-046_p1.jpg,,2.33,1.99,2026-09-07,
OP10-058_p1,Rebecca (Parallel),OP-10,Royal Blood,SR,Blue,Character,7,4000,,1000,Slash,Dressrosa,"[On Play] If there is a Character with a cost of 8 or more, draw 1 card. Then, reveal up to 2 ""Dressrosa"" type Character cards with a cost of 7 or less other than [Rebecca] from your hand. Play 1 of the revealed cards and play the other card rested if it has a cost of 4 or less.",Yes,https://optcgapi.com/media/static/Card_Images/OP10-058_p1.jpg,,10.14,10.34,2026-09-07,
OP10-119_p1,Trafalgar Law (119) (Parallel),OP-10,Royal Blood,SEC,Yellow,Character,7,9000,,0,Slash,Heart Pirates Supernovas Dressrosa,"[On Play] Reveal up to 1 ""Supernovas"" type Character card from your hand and add it to the top of your Life cards face-down. Then, give up to 1 rested DON!! card to 1 of your ""Supernovas"" type Leader.",Yes,https://optcgapi.com/media/static/Card_Images/OP10-119_p1.jpg,,25.82,25.99,2026-09-07,
OP10-001_p1,Smoker (001) (Parallel),OP-10,Royal Blood,L,Green Red,Leader,,5000,4,,Slash,Navy Punk Hazard,"[Opponent's Turn] All of your {Navy} or {Punk Hazard} type Characters gain +1000 power.[Activate: Main] [Once Per Turn] If you have a Character with 7000 power or more, set up to 2 of your DON!! cards as active.",Yes,https://optcgapi.com/media/static/Card_Images/OP10-001_p1.jpg,,15.54,13.99,2026-09-07,
OP10-118_p1,Monkey.D.Luffy (118) (Parallel),OP-10,Royal Blood,SEC,Black,Character,6,7000,,1000,Strike,Straw Hat Crew Supernovas Dressrosa,"Once per turn, this Character cannot be K.O.'d by your opponent's effects.
[When Attacking] You may place 3 cards from your trash at the bottom of your deck in any order: If your opponent has 5 or more cards in their hand, your opponent trashes 1 card from their hand.",Yes,https://optcgapi.com/media/static/Card_Images/OP10-118_p1.jpg,,46.04,32.99,2026-09-07,
OP10-003_p1,Sugar (003) (Parallel),OP-10,Royal Blood,L,Purple Red,Leader,,5000,4,,Special,Donquixote Pirates,"[End of Your Turn] If you have a {Donquixote Pirates} type Character with 6000 power or more, set up to 1 of your DON!! cards as active.[Opponent's Turn] [Once Per Turn] When you activate an Event, add up to 1 DON!! card from your DON!! deck and set it as active.",Yes,https://optcgapi.com/media/static/Card_Images/OP10-003_p1.jpg,,14.54,12.95,2026-09-07,
OP10-002_p1,Caesar Clown (002) (Parallel),OP-10,Royal Blood,L,Blue Red,Leader,,5000,4,,Special,Punk Hazard Scientist,[DON!! x2] [When Attacking] You may return 1 of your {Punk Hazard} type Characters with a cost of 2 or more to the owner's hand: K.O. up to 1 of your opponent's Characters with 4000 power or less.,Yes,https://optcgapi.com/media/static/Card_Images/OP10-002_p1.jpg,,10.77,6.00,2026-09-07,
OP10-022_p1,Trafalgar Law (022) (Parallel),OP-10,Royal Blood,L,Green Yellow,Leader,,5000,4,,Slash,Heart Pirates Supernovas Dressrosa,"[DON!! x1] [Activate: Main] [Once Per Turn] If the total cost of your Characters is 5 or more, you may return 1 of your Characters to the owner's hand: Reveal 1 card from the top of your Life cards. If that card is a ""Supernovas"" type Character card with a cost of 5 or less, you may play that card.",Yes,https://optcgapi.com/media/static/Card_Images/OP10-022_p1.jpg,,25.51,22.00,2026-09-07,
OP10-042_p1,Usopp (042) (Parallel),OP-10,Royal Blood,L,Blue Black,Leader,,5000,4,,Ranged,Straw Hat Crew Dressrosa,"All of your ""Dressrosa"" type Characters with a cost of 2 or more gain +1 cost.[Opponent's Turn] [Once Per Turn] This effect can be activated when your ""Dressrosa"" type Character is removed from the field by your opponent's effect or K.O.'d. If you have 5 or less cards in your hand, draw 1 card.",Yes,https://optcgapi.com/media/static/Card_Images/OP10-042_p1.jpg,,26.68,24.99,2026-09-07,
OP10-099_p1,"Eustass""Captain""Kid (099) (Parallel)",OP-10,Royal Blood,L,Yellow,Leader,,5000,5,,Special,Kid Pirates Supernovas,"[End of Your Turn] You may turn 1 card from the top of your Life cards face-up: Set up to 1 of your ""Supernovas"" type Characters with a cost of 3 to 8 as active. That Character gains [Blocker] until the end of your opponent's next turn.",Yes,https://optcgapi.com/media/static/Card_Images/OP10-099_p1.jpg,,34.80,30.91,2026-09-07,
ST18-001_p1,Uso-Hachi (SP),OP-10,Royal Blood,C,Purple,Character,3,3000,,2000,Ranged,Straw Hat Crew,"[On Play] If you have 8 or more DON!! cards on your field, rest up to 1 of your opponent's Characters with a cost of 5 or less.",Yes,https://optcgapi.com/media/static/Card_Images/ST18-001_p1.jpg,,111.18,65.00,2026-09-07,
OP08-052_p2,Portgas.D.Ace (TR),OP-10,Royal Blood,TR,Blue,Character,5,6000,,1000,Special,Whitebeard Pirates,"[On Play] Reveal 1 card from the top of your deck and play up to 1 Character card with a type including ""Whitebeard Pirates"" and a cost of 4 or less. Then, place the rest at the top or bottom of your deck.",Yes,https://optcgapi.com/media/static/Card_Images/OP08-052_p2.jpg,,117.62,71.42,2026-09-07,
OP10-019_p1,Divine Departure (Parallel),OP-10,Royal Blood,R,Red,Event,1,,,,,The Four Emperors Red-Haired Pirates,"[Main] You may rest 5 of your DON!! cards: K.O. up to 1 of your opponent's Characters with 8000 power or less.
[Counter] Up to 1 of your Leader gains +3000 power during this battle.",Yes,https://optcgapi.com/media/static/Card_Images/OP10-019_p1.jpg,,68.94,49.99,2026-09-07,
ST15-002_p1,Edward.Newgate (SP),OP-10,Royal Blood,SR,Red,Character,7,8000,,0,Special,The Four Emperors Whitebeard Pirates,"[On Play] Give up to 1 rested DON!! card to your Leader or 1 of your Characters.
[Activate: Main] You may rest this Character: K.O. up to 1 of your opponent's Characters with 5000 power or less.",Yes,https://optcgapi.com/media/static/Card_Images/ST15-002_p1.jpg,,256.37,189.99,2026-09-07,
ST14-003_p1,Sanji (SP),OP-10,Royal Blood,SR,Black,Character,5,6000,,0,Strike,Straw Hat Crew,"[On Play] If you have a Character with a cost of 6 or more, K.O. up to 1 of your opponent's Characters with a cost of 5 or less.",Yes,https://optcgapi.com/media/static/Card_Images/ST14-003_p1.jpg,,135.05,114.99,2026-09-07,
ST12-012_p1,Charlotte Pudding (SP),OP-10,Royal Blood,C,Blue,Character,2,2000,,2000,Wisdom,Big Mom Pirates,[Activate: Main] Return this Character to the owner's hand.,Yes,https://optcgapi.com/media/static/Card_Images/ST12-012_p1.jpg,,59.93,35.85,2026-09-07,
OP07-021_p2,Urouge (SP),OP-10,Royal Blood,R,Green,Character,4,5000,,1000,Strike,Fallen Monk Pirates Supernovas,"[Blocker] (After your opponent declares an attack, you may rest this card to make it the new target of the attack.)
[End of Your Turn] Set up to 1 of your DON!! cards as active.",Yes,https://optcgapi.com/media/static/Card_Images/OP07-021_p2.jpg,,35.75,26.68,2026-09-07,
EB01-056_p2,Charlotte Flampe (SP),OP-10,Royal Blood,R,Yellow,Character,1,1000,,2000,Special,Big Mom Pirates,[On Play] You may add 1 card from the top or bottom of your Life cards to your hand: Draw 1 card.,Yes,https://optcgapi.com/media/static/Card_Images/EB01-056_p2.jpg,,63.28,73.96,2026-09-07,
OP10-119_p2,Trafalgar Law (119) (Manga),OP-10,Royal Blood,SEC,Yellow,Character,7,9000,,0,Slash,Heart Pirates Supernovas Dressrosa,"[On Play] Reveal up to 1 ""Supernovas"" type Character card from your hand and add it to the top of your Life cards face-down. Then, give up to 1 rested DON!! card to 1 of your ""Supernovas"" type Leader.",Yes,https://optcgapi.com/media/static/Card_Images/OP10-119_p2.jpg,,707.10,630.00,2026-09-07,
OP11-067,Charlotte Katakuri (067),OP-11,A Fist of Divine Speed,SR,Purple,Character,8,8000,,0,Strike,Big Mom Pirates,"[Blocker]
[End of Your Turn] Set up to 2 of your ""Big Mom Pirates"" type Characters with a cost of 3 or more as active. Then, add up to 1 DON!! card from your DON!! deck and rest it.",No,https://optcgapi.com/media/static/Card_Images/OP11-067.jpg,,6.30,2.00,2026-09-07,
OP11-054,Nami (054),OP-11,A Fist of Divine Speed,SR,Blue,Character,5,6000,,1000,Special,Straw Hat Crew,"[Blocker] (After your opponent declares an attack, you may rest this card to make it the new target of the attack.)
[On Play] If your Leader is multicolored, draw 3 cards and place 2 cards from your hand at the top or bottom of your deck in any order.",No,https://optcgapi.com/media/static/Card_Images/OP11-054.jpg,,2.96,2.94,2026-09-07,
OP11-004,Kujyaku,OP-11,A Fist of Divine Speed,SR,Red,Character,1,0,,1000,Special,Navy SWORD,"[On Play] Look at 5 cards from the top of your deck; reveal up to 1 ""Navy"" type card other than ""Kujyaku"" and add it to your hand. Then, place the rest at the bottom of your deck in any order.[Activate: Main] You may trash this Character: Up to 1 of your Characters gains +1000 power during this turn.",No,https://optcgapi.com/media/static/Card_Images/OP11-004.jpg,,0.76,0.73,2026-09-07,
OP11-101,"Capone""Gang""Bege (101)",OP-11,A Fist of Divine Speed,SR,Yellow,Character,2,1000,,1000,Ranged,Firetank Pirates Supernovas,"[Blocker]
[Once Per Turn] If your ""Supernovas"" type Character other than [Capone""Gang""Bege] would be removed from the field by your opponent's effect, you may add it to the top of your Life cards face-down instead.",No,https://optcgapi.com/media/static/Card_Images/OP11-101.jpg,,0.51,0.17,2026-09-07,
OP11-010,Hibari,OP-11,A Fist of Divine Speed,SR,Red,Character,5,6000,,0,Ranged,Navy SWORD,"[On Play] Give up to 1 of your opponent's Characters 2000 power during this turn.
[When Attacking] This Character gains +1000 power during this turn. Then, up to 1 of your ""Navy"" type Leader can also attack active Characters during this turn.",No,https://optcgapi.com/media/static/Card_Images/OP11-010.jpg,,0.45,0.25,2026-09-07,
OP11-070,Charlotte Pudding,OP-11,A Fist of Divine Speed,SR,Purple,Character,1,0,,1000,Wisdom,Big Mom Pirates,"[On Play] Look at 5 cards from the top of your deck; reveal up to 1 ""Big Mom Pirates"" type card with a cost of 2 or more and add it to your hand. Then, place the rest at the bottom of your deck in any order.[Activate: Main] DON!! 1, You may rest this Character: Look at 1 card from the top of your opponent's deck.",No,https://optcgapi.com/media/static/Card_Images/OP11-070.jpg,,5.96,3.61,2026-09-07,
OP11-031,Jinbe (031),OP-11,A Fist of Divine Speed,SR,Green,Character,6,8000,,0,Strike,The Sun Pirates Merfolk Fish-Man Island,"[On Play] If your Leader has the ""Fish-Man"" or ""Merfolk"" type, rest up to 1 of your opponent's Characters with a cost of 5 or less.
[Activate: Main] [Once Per Turn] Up to 1 of your ""Fish-Man"" or ""Merfolk"" type Characters can attack Characters on the turn in which it is played.",No,https://optcgapi.com/media/static/Card_Images/OP11-031.jpg,,0.43,0.25,2026-09-07,
OP11-092,Helmeppo,OP-11,A Fist of Divine Speed,SR,Black,Character,6,7000,,0,Slash,Navy SWORD,"[On Play] You may trash 1 card from your hand: Draw 1 card and play up to 1 ""SWORD"" type Character card with a cost of 8 or less other than [Helmeppo] from your trash. Then, place the 1 Character played by this effect at the bottom of the owner's deck at the end of this turn.",No,https://optcgapi.com/media/static/Card_Images/OP11-092.jpg,,0.43,0.24,2026-09-07,
OP11-119,Koby (119),OP-11,A Fist of Divine Speed,SEC,Black,Character,8,9000,,0,Strike,Navy SWORD,"[On Play] Up to 1 of your Characters can also attack active Characters during this turn.
[When Attacking] You may place 2 cards from your trash at the bottom of your deck in any order: Up to 1 of your Leader or Character cards gains +1000 power until the end of your opponent's next turn.",No,https://optcgapi.com/media/static/Card_Images/OP11-119.jpg,,2.03,1.99,2026-09-07,
OP11-118,Monkey.D.Luffy (118),OP-11,A Fist of Divine Speed,SEC,Blue,Character,8,8000,,0,Strike,Straw Hat Crew,"[Rush]
[When Attacking] You may trash 1 card from your hand: Return up to 1 Character with a cost of 4 or less to the owner's hand. Then, give up to 1 rested DON!! card to your Leader or 1 of your Characters.",No,https://optcgapi.com/media/static/Card_Images/OP11-118.jpg,,3.16,3.23,2026-09-07,
OP11-095,Monkey.D.Garp,OP-11,A Fist of Divine Speed,SR,Black,Character,8,8000,,0,Strike,Navy,"[On Play] You may place 3 ""Navy"" type cards from your trash at the bottom of your deck in any order: Give up to 1 rested DON!! card to 1 of your Leader. Then, if there is a Character with a cost of 9 or more, K.O. up to 1 of your opponent's Characters with a cost of 7 or less.",No,https://optcgapi.com/media/static/Card_Images/OP11-095.jpg,,0.38,0.25,2026-09-07,
OP11-051,Sanji,OP-11,A Fist of Divine Speed,SR,Blue,Character,6,7000,,0,Strike,Straw Hat Crew The Vinsmoke Family,"When this Character is K.O.'d by your opponent's effect, look at 5 cards from the top of your deck and play up to 1 ""Straw Hat Crew"" type Character card with a cost of 5 or less. Then, place the rest at the bottom of your deck in any order.
[On Play] Return up to 1 Character with 5000 base power or less to the owner's hand.",No,https://optcgapi.com/media/static/Card_Images/OP11-051.jpg,,0.44,0.29,2026-09-07,
OP11-004_p1,Kujyaku (Alternate Art),OP-11,A Fist of Divine Speed,SR,Red,Character,1,0,,1000,Special,Navy SWORD,"[On Play] Look at 5 cards from the top of your deck; reveal up to 1 ""Navy"" type card other than ""Kujyaku"" and add it to your hand. Then, place the rest at the bottom of your deck in any order.[Activate: Main] You may trash this Character: Up to 1 of your Characters gains +1000 power during this turn.",Yes,https://optcgapi.com/media/static/Card_Images/OP11-004_p1.jpg,,9.16,9.16,2026-09-07,
OP11-092_p1,Helmeppo (Alternate Art),OP-11,A Fist of Divine Speed,SR,Black,Character,6,7000,,0,Slash,Navy SWORD,"[On Play] You may trash 1 card from your hand: Draw 1 card and play up to 1 ""SWORD"" type Character card with a cost of 8 or less other than [Helmeppo] from your trash. Then, place the 1 Character played by this effect at the bottom of the owner's deck at the end of this turn.",Yes,https://optcgapi.com/media/static/Card_Images/OP11-092_p1.jpg,,5.07,2.03,2026-09-07,
OP11-047_p1,Vinsmoke Reiju (Alternate Art),OP-11,A Fist of Divine Speed,R,Blue,Character,4,5000,,2000,Special,The Vinsmoke Family GERMA 66,"[On Play] If your Leader has the ""The Vinsmoke Family"" type, look at 5 cards from the top of your deck; reveal up to 1 card with a type including ""GERMA"" and add it to your hand. Then, trash the rest.",Yes,https://optcgapi.com/media/static/Card_Images/OP11-047_p1.jpg,,5.21,5.00,2026-09-07,
OP11-023_p1,Arlong (Alternate Art),OP-11,A Fist of Divine Speed,R,Green,Character,7,7000,,1000,Slash,Fish-Man The Sun Pirates Fish-Man Island,"If your Leader has the ""Fish-Man"" type, you have 3 or less Life cards and your opponent has 5 or more rested cards, give this card in your hand 3 cost.
[Trigger] Rest up to 1 of your opponent's Characters with a cost of 4 or less.",Yes,https://optcgapi.com/media/static/Card_Images/OP11-023_p1.jpg,,1.45,1.23,2026-09-07,
OP11-070_p1,Charlotte Pudding (Alternate Art),OP-11,A Fist of Divine Speed,SR,Purple,Character,1,0,,1000,Wisdom,Big Mom Pirates,"[On Play] Look at 5 cards from the top of your deck; reveal up to 1 ""Big Mom Pirates"" type card with a cost of 2 or more and add it to your hand. Then, place the rest at the bottom of your deck in any order.[Activate: Main] DON!! 1, You may rest this Character: Look at 1 card from the top of your opponent's deck.",Yes,https://optcgapi.com/media/static/Card_Images/OP11-070_p1.jpg,,37.71,22.75,2026-09-07,
OP11-031_p1,Jinbe (031) (Alternate Art),OP-11,A Fist of Divine Speed,SR,Green,Character,6,8000,,0,Strike,The Sun Pirates Merfolk Fish-Man Island,"[On Play] If your Leader has the ""Fish-Man"" or ""Merfolk"" type, rest up to 1 of your opponent's Characters with a cost of 5 or less.
[Activate: Main] [Once Per Turn] Up to 1 of your ""Fish-Man"" or ""Merfolk"" type Characters can attack Characters on the turn in which it is played.",Yes,https://optcgapi.com/media/static/Card_Images/OP11-031_p1.jpg,,3.13,2.99,2026-09-07,
OP11-106_p1,Zeus (Alternate Art),OP-11,A Fist of Divine Speed,R,Yellow,Character,2,2000,,2000,Special,Big Mom Pirates Homies,[On Play] You may add 1 card from the top or bottom of your Life cards to your hand: K.O. up to 1 of your opponent's Characters with a cost of 5 or less.,Yes,https://optcgapi.com/media/static/Card_Images/OP11-106_p1.jpg,,39.05,25.00,2026-09-07,
OP11-008_p1,Doll (Alternate Art),OP-11,A Fist of Divine Speed,R,Red,Character,4,1000,,1000,Strike,Navy,"[Blocker]
[On Play] You may trash 1 card from your hand: If your Leader has the ""Navy"" type, give up to 1 of your opponent's Characters 6000 power during this turn.",Yes,https://optcgapi.com/media/static/Card_Images/OP11-008_p1.jpg,,13.15,10.25,2026-09-07,
OP11-067_p1,Charlotte Katakuri (067) (Alternate Art),OP-11,A Fist of Divine Speed,SR,Purple,Character,8,8000,,0,Strike,Big Mom Pirates,"[Blocker]
[End of Your Turn] Set up to 2 of your ""Big Mom Pirates"" type Characters with a cost of 3 or more as active. Then, add up to 1 DON!! card from your DON!! deck and rest it.",Yes,https://optcgapi.com/media/static/Card_Images/OP11-067_p1.jpg,,23.44,19.40,2026-09-07,
OP11-101_p1,"Capone""Gang""Bege (101) (Alternate Art)",OP-11,A Fist of Divine Speed,SR,Yellow,Character,2,1000,,1000,Ranged,Firetank Pirates Supernovas,"[Blocker]
[Once Per Turn] If your ""Supernovas"" type Character other than [Capone""Gang""Bege] would be removed from the field by your opponent's effect, you may add it to the top of your Life cards face-down instead.",Yes,https://optcgapi.com/media/static/Card_Images/OP11-101_p1.jpg,,5.67,1.88,2026-09-07,
OP11-095_p1,Monkey.D.Garp (Alternate Art),OP-11,A Fist of Divine Speed,SR,Black,Character,8,8000,,0,Strike,Navy,"[On Play] You may place 3 ""Navy"" type cards from your trash at the bottom of your deck in any order: Give up to 1 rested DON!! card to 1 of your Leader. Then, if there is a Character with a cost of 9 or more, K.O. up to 1 of your opponent's Characters with a cost of 7 or less.",Yes,https://optcgapi.com/media/static/Card_Images/OP11-095_p1.jpg,,7.64,7.04,2026-09-07,
OP11-119_p1,Koby (119) (Alternate Art),OP-11,A Fist of Divine Speed,SEC,Black,Character,8,9000,,0,Strike,Navy SWORD,"[On Play] Up to 1 of your Characters can also attack active Characters during this turn.
[When Attacking] You may place 2 cards from your trash at the bottom of your deck in any order: Up to 1 of your Leader or Character cards gains +1000 power until the end of your opponent's next turn.",Yes,https://optcgapi.com/media/static/Card_Images/OP11-119_p1.jpg,,9.45,9.92,2026-09-07,
OP11-018_p1,Honesty Impact (Alternate Art),OP-11,A Fist of Divine Speed,R,Red,Event,6,,,,,Navy SWORD,"[Main] Give up to 1 of your opponent's Characters 4000 power during this turn. Then, K.O. up to 1 of your opponent's Characters with 6000 power or less.
[Trigger] K.O. up to 1 of your opponent's Characters with 6000 power or less.",Yes,https://optcgapi.com/media/static/Card_Images/OP11-018_p1.jpg,,44.07,38.99,2026-09-07,
OP11-021_p1,Jinbe (021) (Alternate Art),OP-11,A Fist of Divine Speed,L,Green,Leader,,5000,5,,Strike,Fish-Man Straw Hat Crew,"[End of Your Turn] If you have 6 or less cards in your hand, set up to 1 of your ""Fish-Man"" or ""Merfolk"" type Characters and up to 1 of your DON!! cards as active.",Yes,https://optcgapi.com/media/static/Card_Images/OP11-021_p1.jpg,,8.91,7.98,2026-09-07,
OP11-073_p1,Charlotte Linlin (Alternate Art),OP-11,A Fist of Divine Speed,R,Purple,Character,10,12000,,0,Special,The Four Emperors Big Mom Pirates,"If your Leader has the ""Big Mom Pirates"" type, this Character gains [Rush].
[On Your Opponent's Attack] [Once Per Turn] DON!! 5: Choose a cost and reveal 1 card from the top of your opponent's deck. If the revealed card has the chosen cost, up to 1 of your Leader gains +2000 power during this turn.",Yes,https://optcgapi.com/media/static/Card_Images/OP11-073_p1.jpg,,5.67,5.50,2026-09-07,
OP11-010_p1,Hibari (Alternate Art),OP-11,A Fist of Divine Speed,SR,Red,Character,5,6000,,0,Ranged,Navy SWORD,"[On Play] Give up to 1 of your opponent's Characters 2000 power during this turn.
[When Attacking] This Character gains +1000 power during this turn. Then, up to 1 of your ""Navy"" type Leader can also attack active Characters during this turn.",Yes,https://optcgapi.com/media/static/Card_Images/OP11-010_p1.jpg,,5.62,5.52,2026-09-07,
OP11-084_p1,Kuzan (Alternate Art),OP-11,A Fist of Divine Speed,R,Black,Character,4,5000,,1000,Special,Navy,"[On Play] Trash 3 cards from the top of your deck.
[When Attacking] Up to 1 of your ""Navy"" type Leader or Character cards can also attack active Characters during this turn.",Yes,https://optcgapi.com/media/static/Card_Images/OP11-084_p1.jpg,,3.92,2.94,2026-09-07,
OP11-051_p1,Sanji (Alternate Art),OP-11,A Fist of Divine Speed,SR,Blue,Character,6,7000,,0,Strike,Straw Hat Crew The Vinsmoke Family,"When this Character is K.O.'d by your opponent's effect, look at 5 cards from the top of your deck and play up to 1 ""Straw Hat Crew"" type Character card with a cost of 5 or less. Then, place the rest at the bottom of your deck in any order.
[On Play] Return up to 1 Character with 5000 base power or less to the owner's hand.",Yes,https://optcgapi.com/media/static/Card_Images/OP11-051_p1.jpg,,10.47,7.99,2026-09-07,
OP11-001_p1,Koby (001) (Alternate Art),OP-11,A Fist of Divine Speed,L,Red Black,Leader,,5000,4,,Strike,Navy SWORD,"Your ""SWORD"" type Characters can attack Characters on the turn in which they are played.
[Once Per Turn] If your ""Navy"" type Character with 7000 base power or less would be removed from the field by your opponent's effect, you may place 3 cards from your trash at the bottom of your deck in any order instead.",Yes,https://optcgapi.com/media/static/Card_Images/OP11-001_p1.jpg,,28.64,18.00,2026-09-07,
OP11-022_p1,Shirahoshi (022) (Alternate Art),OP-11,A Fist of Divine Speed,L,Green Yellow,Leader,,5000,5,,Wisdom,Merfolk Fish-Man Island,"This Leader cannot attack.
[Activate: Main] [Once Per Turn] You may rest 1 of your DON!! cards and turn 1 card from the top of your Life cards face-up: Play up to 1 ""Neptunian"" type Character card or ""Megalo"" with a cost equal to or less than the number of DON!! cards on your field from your hand.",Yes,https://optcgapi.com/media/static/Card_Images/OP11-022_p1.jpg,,21.38,16.75,2026-09-07,
OP11-054_p1,Nami (054) (Alternate Art),OP-11,A Fist of Divine Speed,SR,Blue,Character,5,6000,,1000,Special,Straw Hat Crew,"[Blocker] (After your opponent declares an attack, you may rest this card to make it the new target of the attack.)
[On Play] If your Leader is multicolored, draw 3 cards and place 2 cards from your hand at the top or bottom of your deck in any order.",Yes,https://optcgapi.com/media/static/Card_Images/OP11-054_p1.jpg,,32.35,29.99,2026-09-07,
OP09-015_p1,Lucky.Roux (TR),OP-11,A Fist of Divine Speed,TR,Red,Character,4,5000,,1000,Ranged,Red-Haired Pirates,"[Blocker] (After your opponent declares an attack, you may rest this card to make it the new target of the attack.)
[On K.O.] If your Leader has the ""Red-Haired Pirates"" type, K.O. up to 1 of your opponent's Characters with a base power of 6000 or less.",Yes,https://optcgapi.com/media/static/Card_Images/OP09-015_p1.jpg,,24.55,22.99,2026-09-07,
OP11-062_p1,Charlotte Katakuri (062) (Alternate Art),OP-11,A Fist of Divine Speed,L,Purple,Leader,,5000,5,,Strike,Big Mom Pirates,"[When Attacking]/[On Your Opponent's Attack] [Once Per Turn] DON!! 1: Look at 1 card from the top of your opponent's deck. Then, this Leader gains +1000 power during this battle.",Yes,https://optcgapi.com/media/static/Card_Images/OP11-062_p1.jpg,,40.62,30.00,2026-09-07,
OP11-114_p1,Gum-Gum Fire-Fist Pistol Red Hawk (Alternate Art),OP-11,A Fist of Divine Speed,R,Yellow,Event,1,,,,,Straw Hat Crew,"[Main] You may rest 3 of your DON!! cards: If you and your opponent have a total of 5 or more Life cards, K.O. up to 1 of your opponent's Characters with a base cost of 5 or less.
[Counter] Up to 1 of your Leader gains +3000 power during this battle.",Yes,https://optcgapi.com/media/static/Card_Images/OP11-114_p1.jpg,,58.92,52.50,2026-09-07,
OP11-041_p1,Nami (041) (Alternate Art),OP-11,A Fist of Divine Speed,L,Blue Yellow,Leader,,5000,4,,Special,Straw Hat Crew,"[Your Turn] [Once Per Turn] This effect can be activated when a card is removed from your or your opponent's Life cards. If you have 7 or less cards in your hand, draw 1 card.[DON!! x1] [On Your Opponent's Attack] [Once Per Turn] You may trash 1 card from your hand: This Leader gains +2000 power during this turn.",Yes,https://optcgapi.com/media/static/Card_Images/OP11-041_p1.jpg,,66.28,46.12,2026-09-07,
OP11-118_p1,Monkey.D.Luffy (118) (Alternate Art),OP-11,A Fist of Divine Speed,SEC,Blue,Character,8,8000,,0,Strike,Straw Hat Crew,"[Rush]
[When Attacking] You may trash 1 card from your hand: Return up to 1 Character with a cost of 4 or less to the owner's hand. Then, give up to 1 rested DON!! card to your Leader or 1 of your Characters.",Yes,https://optcgapi.com/media/static/Card_Images/OP11-118_p1.jpg,,28.31,24.99,2026-09-07,
OP11-040_p1,Monkey.D.Luffy (040) (Alternate Art),OP-11,A Fist of Divine Speed,L,Blue Purple,Leader,,6000,3,,Strike,Straw Hat Crew,"This effect can be activated at the start of your turn. If you have 8 or more DON!! cards on your field, look at 5 cards from the top of your deck; reveal up to 1 ""Straw Hat Crew"" type card and add it to your hand. Then, place the rest at the top or bottom of the deck in any order.",Yes,https://optcgapi.com/media/static/Card_Images/OP11-040_p1.jpg,,60.05,29.99,2026-09-07,
OP11-080_p1,Gear Two (Alternate Art),OP-11,A Fist of Divine Speed,R,Purple,Event,1,,,,,Straw Hat Crew,"[Main] You may rest 2 of your DON!! cards: If your Leader's colors include blue, add up to 1 DON!! card from your DON!! deck and rest it.
[Counter] Up to 1 of your Leader gains +3000 power during this battle.",Yes,https://optcgapi.com/media/static/Card_Images/OP11-080_p1.jpg,,327.18,155.00,2026-09-07,
OP09-005_p1,Silvers Rayleigh (SP),OP-11,A Fist of Divine Speed,R,Red,Character,5,6000,,1000,Slash,Roger Pirates,"[Blocker] (After your opponent declares an attack, you may rest this card to make it the new target of the attack.)
[On Play] If your opponent has 2 or more Characters with a base power of 5000 or more, draw 2 cards and trash 1 card from your hand.",Yes,https://optcgapi.com/media/static/Card_Images/OP09-005_p1.jpg,,60.73,57.63,2026-09-07,
OP07-085_p2,Stussy (SP),OP-11,A Fist of Divine Speed,SR,Black,Character,9,9000,,0,Special,CP0,[On Play]You may trash 1 of your Characters: K.O. up to 1 of your opponent's Characters.,Yes,https://optcgapi.com/media/static/Card_Images/OP07-085_p2.jpg,,143.15,88.00,2026-09-07,
ST18-005_p1,Luffy-Tarou (SP),OP-11,A Fist of Divine Speed,SR,Purple,Character,7,8000,,0,Strike,Straw Hat Crew,"[On Play] DON!! 1 (You may return the specified number of DON!! cards from your field to your DON!! deck.): Play up to 1 purple ""Straw Hat Crew"" type Character card with a cost of 5 or less from your hand.",Yes,https://optcgapi.com/media/static/Card_Images/ST18-005_p1.jpg,,315.53,178.56,2026-09-07,
ST16-004_p1,Shanks (SP),OP-11,A Fist of Divine Speed,SR,Green,Character,9,11000,,0,Slash,FILM The Four Emperors Red-Haired Pirates,[On Play] K.O. up to 1 of your opponent's rested Characters.,Yes,https://optcgapi.com/media/static/Card_Images/ST16-004_p1.jpg,,203.77,200.00,2026-09-07,
OP06-119_p2,Sanji (SP),OP-11,A Fist of Divine Speed,SEC,Blue,Character,9,9000,,0,Strike,Straw Hat Crew,"[On Play] Reveal 1 card from the top of your deck and play up to 1 Character with a cost of 9 or less other than [Sanji]. Then, place the rest at the bottom of your deck.",Yes,https://optcgapi.com/media/static/Card_Images/OP06-119_p2.jpg,,145.33,129.99,2026-09-07,
EB01-057_p2,Shirahoshi (SP),OP-11,A Fist of Divine Speed,SR,Yellow,Character,2,0,,1000,Wisdom,Merfolk,"When this Character is K.O.'d by your opponent's effect, add up to 1 card from the top of your deck to the top of your Life cards.[Blocker] (After your opponent declares an attack, you may rest this card to make it the new target of the attack.)",Yes,https://optcgapi.com/media/static/Card_Images/EB01-057_p2.jpg,,102.84,78.05,2026-09-07,
OP11-118_p2,Monkey.D.Luffy (118) (Manga),OP-11,A Fist of Divine Speed,SEC,Blue,Character,8,8000,,0,Strike,Straw Hat Crew,"[Rush]
[When Attacking] You may trash 1 card from your hand: Return up to 1 Character with a cost of 4 or less to the owner's hand. Then, give up to 1 rested DON!! card to your Leader or 1 of your Characters.",Yes,https://optcgapi.com/media/static/Card_Images/OP11-118_p2.jpg,,1263.08,900.00,2026-09-07,
OP05-119_p7,Monkey.D.Luffy (119) (SP),OP-11,A Fist of Divine Speed,SEC,Purple,Character,10,12000,,0,Strike,Straw Hat Crew The Four Emperors,"[On Play] DON!! -10: Place all of your Characters except this Character at the bottom of your deck in any order. Then, take an extra turn after this one.
[Activate:Main][Once Per Turn] (1): Add up to 1 DON!! card from your DON!! deck and set it as active.",Yes,https://optcgapi.com/media/static/Card_Images/OP05-119_p7.jpg,,5749.97,10000.00,2026-09-07,
OP05-119_p8,Monkey.D.Luffy (119) (SP) (Gold),OP-11,A Fist of Divine Speed,SEC,Purple,Character,10,12000,,0,Strike,Straw Hat Crew The Four Emperors,"[On Play] DON!! -10: Place all of your Characters except this Character at the bottom of your deck in any order. Then, take an extra turn after this one.
[Activate:Main][Once Per Turn] (1): Add up to 1 DON!! card from your DON!! deck and set it as active.",Yes,https://optcgapi.com/media/static/Card_Images/OP05-119_p8.jpg,,13000.00,8200.00,2026-09-07,
EB02-035,Sanji & Pudding,EB-02,Extra Booster: Anime 25th Collection,SR,Purple,Character,5,7000,,0,Strike Wisdom,Straw Hat Crew Big Mom Pirates,"[Your Turn] [Once Per Turn] When 2 or more DON!! cards on your field are returned to your DON!! deck, add up to 1 DON!! card from your DON!! deck and set it as active.
[On Play] If the number of DON!! cards on your field is equal to or less than the number on your opponent's field, draw 1 card.",No,https://optcgapi.com/media/static/Card_Images/EB02-035.jpg,,9.68,9.47,2026-09-07,
EB02-056,Vegapunk,EB-02,Extra Booster: Anime 25th Collection,SR,Yellow,Character,5,0,,1000,Wisdom,Scientist Egghead,"[Blocker][On Play] Look at 5 cards from the top of your deck; play up to 1 ""Scientist"" type Character card with a cost of 5 or less other than [Vegapunk]. Then, place the rest at the bottom of your deck in any order and if your opponent has 2 or less Characters, trash 1 card from your hand.[Trigger] Draw 1 card.",No,https://optcgapi.com/media/static/Card_Images/EB02-056.jpg,,1.65,1.75,2026-09-07,
EB02-052,Enel,EB-02,Extra Booster: Anime 25th Collection,SR,Yellow,Character,10,11000,,0,Special,Sky Island,"If your Leader has the ""Sky Island"" type, this Character gains [Rush].
[When Attacking] You may trash 1 card from your hand: If you have 1 or less Life cards, add up to 1 card from the top of your deck to the top of your Life cards. Then, this Character gains +1000 power during this turn.",No,https://optcgapi.com/media/static/Card_Images/EB02-052.jpg,,5.40,4.25,2026-09-07,
EB02-044,Sengoku,EB-02,Extra Booster: Anime 25th Collection,SR,Black,Character,7,7000,,1000,Wisdom,Navy,"[Blocker]
[On Play] Play up to 1 black ""Navy"" type Character card with a cost of 4 or less from your trash rested.",No,https://optcgapi.com/media/static/Card_Images/EB02-044.jpg,,1.32,0.95,2026-09-07,
EB02-011,Arlong,EB-02,Extra Booster: Anime 25th Collection,SR,Green,Character,3,4000,,1000,Slash,Fish-Man Arlong Pirates East Blue,"[On Play] If your Leader has the ""Fish-Man"" or ""East Blue"" type, give up to 1 rested DON!! card to 1 of your Leader. Then, up to 1 of your opponent's Characters with a cost of 5 or less cannot be rested until the end of your opponent's next turn.",No,https://optcgapi.com/media/static/Card_Images/EB02-011.jpg,,1.42,0.37,2026-09-07,
EB02-015,Jewelry Bonney,EB-02,Extra Booster: Anime 25th Collection,SR,Green,Character,7,7000,,1000,Special,Bonney Pirates Supernovas,"[On Play] Up to 1 of your opponent's rested Characters will not become active in your opponent's next Refresh Phase. Then, set up to 1 of your DON!! cards as active at the end of this turn.",No,https://optcgapi.com/media/static/Card_Images/EB02-015.jpg,,1.53,1.00,2026-09-07,
EB02-026,Nefeltari Vivi,EB-02,Extra Booster: Anime 25th Collection,SR,Blue,Character,3,2000,,1000,Slash,Alabasta,"[On Play] If your Leader is multicolored and you have 5 or less cards in your hand, draw 2 cards.",No,https://optcgapi.com/media/static/Card_Images/EB02-026.jpg,,4.11,3.00,2026-09-07,
EB02-006,Yamato,EB-02,Extra Booster: Anime 25th Collection,SR,Red,Character,6,7000,,0,Strike,Land of Wano,"[Activate: Main] [Once Per Turn] If your Leader has the ""Land of Wano"" type or is [Portgas.D.Ace], give up to 1 rested DON!! card to 1 of your Leader. Then, this Character gains [Rush] during this turn.",No,https://optcgapi.com/media/static/Card_Images/EB02-006.jpg,,7.55,7.55,2026-09-07,
EB02-061,Monkey.D.Luffy (061),EB-02,Extra Booster: Anime 25th Collection,SEC,Purple,Character,6,7000,,0,Strike,Straw Hat Crew Water Seven,"If your Leader is multicolored and your opponent has 5 or more DON!! cards on their field, this Character gains [Rush].
[When Attacking] [Once Per Turn] You may return 2 of your active DON!! cards to your DON!! deck: Set this Character as active. Then, add 1 card from the top of your Life cards to your hand.",No,https://optcgapi.com/media/static/Card_Images/EB02-061.jpg,,12.46,7.00,2026-09-07,
EB02-045,Trafalgar Law,EB-02,Extra Booster: Anime 25th Collection,SR,Black,Character,5,6000,,1000,Slash,Heart Pirates Supernovas Dressrosa,"[Blocker]
[On Play] You may place 2 cards from your trash at the bottom of your deck in any order: Choose one:
• Draw 1 card.
• If your opponent has 5 or more cards in their hand, your opponent trashes 1 card from their hand.",No,https://optcgapi.com/media/static/Card_Images/EB02-045.jpg,,1.55,1.60,2026-09-07,
EB02-035_p1,Sanji & Pudding (Alternate Art),EB-02,Extra Booster: Anime 25th Collection,SR,Purple,Character,5,7000,,0,Strike Wisdom,Straw Hat Crew Big Mom Pirates,"[Your Turn] [Once Per Turn] When 2 or more DON!! cards on your field are returned to your DON!! deck, add up to 1 DON!! card from your DON!! deck and set it as active.[On Play] If the number of DON!! cards on your field is equal to or less than the number on your opponent's field, draw 1 card.",Yes,https://optcgapi.com/media/static/Card_Images/EB02-035_p1.jpg,,60.55,45.00,2026-09-07,
EB02-044_p1,Sengoku (Alternate Art),EB-02,Extra Booster: Anime 25th Collection,SR,Black,Character,7,7000,,1000,Wisdom,Navy,"[Blocker][On Play] Play up to 1 black ""Navy"" type Character card with a cost of 4 or less from your trash rested.",Yes,https://optcgapi.com/media/static/Card_Images/EB02-044_p1.jpg,,10.09,7.99,2026-09-07,
EB02-011_p1,Arlong (Alternate Art),EB-02,Extra Booster: Anime 25th Collection,SR,Green,Character,3,4000,,1000,Slash,Fish-Man Arlong Pirates East Blue,"[On Play] If your Leader has the ""Fish-Man"" or ""East Blue"" type, give up to 1 rested DON!! card to 1 of your Leader. Then, up to 1 of your opponent's Characters with a cost of 5 or less cannot be rested until the end of your opponent's next turn.",Yes,https://optcgapi.com/media/static/Card_Images/EB02-011_p1.jpg,,4.80,3.77,2026-09-07,
EB02-003_p1,Tony Tony.Chopper (Alternate Art),EB-02,Extra Booster: Anime 25th Collection,R,Red,Character,3,3000,,1000,Strike,Animal Straw Hat Crew Drum Kingdom,"[DON!! x2] [Opponent's Turn] This Character gains +2000 power.[On Play] If your Leader has the ""Straw Hat Crew"" type, give up to 1 rested DON!! card to your Leader or 1 of your Characters.",Yes,https://optcgapi.com/media/static/Card_Images/EB02-003_p1.jpg,,47.06,37.00,2026-09-07,
EB02-017_p1,Nami (Alternate Art),EB-02,Extra Booster: Anime 25th Collection,R,Green,Character,1,2000,,1000,Wisdom,Straw Hat Crew East Blue,"[On Play] Look at 5 cards from the top of your deck; reveal up to 1 ""Straw Hat Crew"" type card other than [Nami] and add it to your hand. Then, place the rest at the bottom of your deck in any order.",Yes,https://optcgapi.com/media/static/Card_Images/EB02-017_p1.jpg,,137.06,65.00,2026-09-07,
EB02-061_p1,Monkey.D.Luffy (061) (Alternate Art),EB-02,Extra Booster: Anime 25th Collection,SEC,Purple,Character,6,7000,,0,Strike,Straw Hat Crew Water Seven,"If your Leader is multicolored and your opponent has 5 or more DON!! cards on their field, this Character gains [Rush].[When Attacking] [Once Per Turn] You may return 2 of your active DON!! cards to your DON!! deck: Set this Character as active. Then, add 1 card from the top of your Life cards to your hand.",Yes,https://optcgapi.com/media/static/Card_Images/EB02-061_p1.jpg,,103.39,54.99,2026-09-07,
EB02-022_p1,Usopp (Alternate Art),EB-02,Extra Booster: Anime 25th Collection,R,Blue,Character,4,5000,,1000,Ranged,Straw Hat Crew East Blue,"[On Play] If you have 2 or less Characters with 5000 power or more, play up to 1 Character card with 6000 power or less and no base effect from your hand.",Yes,https://optcgapi.com/media/static/Card_Images/EB02-022_p1.jpg,,28.59,22.68,2026-09-07,
EB02-015_p1,Jewelry Bonney (Alternate Art),EB-02,Extra Booster: Anime 25th Collection,SR,Green,Character,7,7000,,1000,Special,Bonney Pirates Supernovas,"[On Play] Up to 1 of your opponent's rested Characters will not become active in your opponent's next Refresh Phase. Then, set up to 1 of your DON!! cards as active at the end of this turn.",Yes,https://optcgapi.com/media/static/Card_Images/EB02-015_p1.jpg,,15.60,14.95,2026-09-07,
EB02-036_p1,Nico Robin (Alternate Art),EB-02,Extra Booster: Anime 25th Collection,R,Purple,Character,3,2000,,1000,Strike,Straw Hat Crew,"[Blocker][On K.O.] DON!! 1: Look at 3 cards from the top of your deck; reveal up to 1 ""Straw Hat Crew"" type card and add it to your hand. Then, place the rest at the bottom of your deck in any order.",Yes,https://optcgapi.com/media/static/Card_Images/EB02-036_p1.jpg,,46.17,27.99,2026-09-07,
EB02-052_p1,Enel (Alternate Art),EB-02,Extra Booster: Anime 25th Collection,SR,Yellow,Character,10,11000,,0,Special,Sky Island,"If your Leader has the ""Sky Island"" type, this Character gains [Rush].[When Attacking] You may trash 1 card from your hand: If you have 1 or less Life cards, add up to 1 card from the top of your deck to the top of your Life cards. Then, this Character gains +1000 power during this turn.",Yes,https://optcgapi.com/media/static/Card_Images/EB02-052_p1.jpg,,23.26,16.00,2026-09-07,
EB02-056_p1,Vegapunk (Alternate Art),EB-02,Extra Booster: Anime 25th Collection,SR,Yellow,Character,5,0,,1000,Wisdom,Scientist Egghead,"[Blocker][On Play] Look at 5 cards from the top of your deck; play up to 1 ""Scientist"" type Character card with a cost of 5 or less other than [Vegapunk]. Then, place the rest at the bottom of your deck in any order and if your opponent has 2 or less Characters, trash 1 card from your hand.[Trigger] Draw 1 card.",Yes,https://optcgapi.com/media/static/Card_Images/EB02-056_p1.jpg,,14.33,12.00,2026-09-07,
EB02-045_p1,Trafalgar Law (Alternate Art),EB-02,Extra Booster: Anime 25th Collection,SR,Black,Character,5,6000,,1000,Slash,Heart Pirates Supernovas Dressrosa,"[Blocker][On Play] You may place 2 cards from your trash at the bottom of your deck in any order: Choose one:• Draw 1 card.• If your opponent has 5 or more cards in their hand, your opponent trashes 1 card from their hand.",Yes,https://optcgapi.com/media/static/Card_Images/EB02-045_p1.jpg,,28.87,22.00,2026-09-07,
EB02-048_p1,Brook (Alternate Art),EB-02,Extra Booster: Anime 25th Collection,R,Black,Character,5,6000,,1000,Slash,Straw Hat Crew,[On Play] Add up to 1 [Laboon] from your trash to your hand.[On K.O.] Play up to 1 [Laboon] with a cost of 4 or less from your hand.,Yes,https://optcgapi.com/media/static/Card_Images/EB02-048_p1.jpg,,14.24,13.95,2026-09-07,
EB02-006_p1,Yamato (Alternate Art),EB-02,Extra Booster: Anime 25th Collection,SR,Red,Character,6,7000,,0,Strike,Land of Wano,"[Activate: Main] [Once Per Turn] If your Leader has the ""Land of Wano"" type or is [Portgas.D.Ace], give up to 1 rested DON!! card to 1 of your Leader. Then, this Character gains [Rush] during this turn.",Yes,https://optcgapi.com/media/static/Card_Images/EB02-006_p1.jpg,,38.43,20.00,2026-09-07,
EB02-026_p1,Nefeltari Vivi (Alternate Art),EB-02,Extra Booster: Anime 25th Collection,SR,Blue,Character,3,2000,,1000,Slash,Alabasta,"[On Play] If your Leader is multicolored and you have 5 or less cards in your hand, draw 2 cards.",Yes,https://optcgapi.com/media/static/Card_Images/EB02-026_p1.jpg,,27.59,22.99,2026-09-07,
EB02-054_p1,Sanji (Alternate Art),EB-02,Extra Booster: Anime 25th Collection,R,Yellow,Character,5,6000,,1000,Strike,Straw Hat Crew East Blue,"[Blocker] (After your opponent declares an attack, you may rest this card to make it the new target of the attack.)[On Play] If you have 2 or less Life cards, draw 2 cards and trash 1 card from your hand.",Yes,https://optcgapi.com/media/static/Card_Images/EB02-054_p1.jpg,,11.74,11.33,2026-09-07,
EB02-010_p1,Monkey.D.Luffy (010) (Alternate Art),EB-02,Extra Booster: Anime 25th Collection,L,Green Purple,Leader,,5000,4,,Strike,Straw Hat Crew,"[Activate: Main] [Once Per Turn] DON!! 2: If the only Characters on your field are ""Straw Hat Crew"" type Characters, set up to 2 of your DON!! cards as active. Then, this Leader gains +1000 power until the end of your opponent's next turn.",Yes,https://optcgapi.com/media/static/Card_Images/EB02-010_p1.jpg,,1004.87,688.05,2026-09-07,
EB02-061_p2,Monkey.D.Luffy (061) (Manga),EB-02,Extra Booster: Anime 25th Collection,SEC,Purple,Character,6,7000,,0,Strike,Straw Hat Crew Water Seven,"If your Leader is multicolored and your opponent has 5 or more DON!! cards on their field, this Character gains [Rush].[When Attacking] [Once Per Turn] You may return 2 of your active DON!! cards to your DON!! deck: Set this Character as active. Then, add 1 card from the top of your Life cards to your hand.",Yes,https://optcgapi.com/media/static/Card_Images/EB02-061_p2.jpg,,5108.00,3300.00,2026-09-07,
OP05-002_p2,Belo Betty (SPR),EB-02,Extra Booster: Anime 25th Collection,L,Red Yellow,Leader,,5000,4,,Special,Revolutionary Army,"[Activate: Main] [Once Per Turn] You may trash 1 ""Revolutionary Army"" type card from your hand: Up to 3 of your ""Revolutionary Army"" type Characters or Characters with a [Trigger] gain +3000 power during this turn.",Yes,https://optcgapi.com/media/static/Card_Images/OP05-002_p2.jpg,,174.62,74.00,2026-09-07,
OP06-042_p2,Vinsmoke Reiju (SPR),EB-02,Extra Booster: Anime 25th Collection,L,Blue Purple,Leader,,5000,4,,Special,The Vinsmoke Family GERMA 66,"[Your Turn] [Once Per Turn] When a DON!! card on your field is returned to your DON!! deck, draw 1 card.",Yes,https://optcgapi.com/media/static/Card_Images/OP06-042_p2.jpg,,249.21,219.99,2026-09-07,
OP05-022_p2,Donquixote Rosinante (SPR),EB-02,Extra Booster: Anime 25th Collection,L,Blue Green,Leader,,5000,4,,Special,Donquixote Pirates Navy,"[Blocker] (After your opponent declares an attack, you may rest this card to make it the new target of the attack.)[End of Your Turn] If you have 6 or less cards in your hand, set this Leader as active.",Yes,https://optcgapi.com/media/static/Card_Images/OP05-022_p2.jpg,,129.77,129.95,2026-09-07,
OP08-058_p2,Charlotte Pudding (SPR),EB-02,Extra Booster: Anime 25th Collection,L,Purple Yellow,Leader,,5000,4,,Wisdom,Big Mom Pirates,[When Attacking] You may turn 2 cards from the top of your Life cards face-up: Add up to 1 DON!! card from your DON!! deck and rest it.,Yes,https://optcgapi.com/media/static/Card_Images/OP08-058_p2.jpg,,177.74,192.99,2026-09-07,
OP06-022_p2,Yamato (SPR),EB-02,Extra Booster: Anime 25th Collection,L,Green Yellow,Leader,,5000,4,,Strike,Land of Wano,"[Double Attack] (This card deals 2 damage.)[Activate: Main] [Once Per Turn] If your opponent has 3 or less Life cards, give up to 2 rested DON!! cards to 1 of your Characters.",Yes,https://optcgapi.com/media/static/Card_Images/OP06-022_p2.jpg,,284.39,275.00,2026-09-07,
OP08-021_p2,Carrot (SPR),EB-02,Extra Booster: Anime 25th Collection,L,Green,Leader,,5000,5,,Special,Minks,"[Activate: Main] [Once Per Turn] If you have a ""Minks"" type Character, rest up to 1 of your opponent's Characters with a cost of 5 or less.",Yes,https://optcgapi.com/media/static/Card_Images/OP08-021_p2.jpg,,131.13,120.99,2026-09-07,
OP05-001_p2,Sabo (SPR),EB-02,Extra Booster: Anime 25th Collection,L,Red Black,Leader,,5000,4,,Special,Revolutionary Army,"[DON!! x1] [Opponent's Turn] [Once Per Turn] If your Character with 5000 power or more would be K.O.'d, you may give that Character 1000 power during this turn instead of that Character being K.O.'d.",Yes,https://optcgapi.com/media/static/Card_Images/OP05-001_p2.jpg,,123.30,149.99,2026-09-07,
OP07-019_p2,Jewelry Bonney (SPR),EB-02,Extra Booster: Anime 25th Collection,L,Green,Leader,,5000,5,,Special,Bonney Pirates Supernovas,[On Your Opponent's Attack] [Once Per Turn] 1 (You may rest the specified number of DON!! cards in your cost area.): Rest up to 1 of your opponent's Leader or Character cards.,Yes,https://optcgapi.com/media/static/Card_Images/OP07-019_p2.jpg,,238.54,100.00,2026-09-07,
OP07-001_p2,Monkey.D.Dragon (SPR),EB-02,Extra Booster: Anime 25th Collection,L,Red,Leader,,5000,5,,Special,Revolutionary Army,[Activate: Main] [Once Per Turn] Give up to 2 total of your currently given DON!! cards to 1 of your Characters.,Yes,https://optcgapi.com/media/static/Card_Images/OP07-001_p2.jpg,,87.73,40.00,2026-09-07,
OP08-002_p2,Marco (SPR),EB-02,Extra Booster: Anime 25th Collection,L,Blue Red,Leader,,5000,4,,Special,Whitebeard Pirates,"[DON!! x1] [Activate: Main] [Once Per Turn] Draw 1 card and place 1 card from your hand at the top or bottom of your deck. Then, give up to 1 of your opponent's Characters 2000 power during this turn.",Yes,https://optcgapi.com/media/static/Card_Images/OP08-002_p2.jpg,,154.86,154.79,2026-09-07,
OP06-021_p2,Perona (SPR),EB-02,Extra Booster: Anime 25th Collection,L,Green Black,Leader,,5000,4,,Special,Thriller Bark Pirates,[Activate: Main] [Once Per Turn] Choose one:• Rest up to 1 of your opponent's Characters with a cost of 4 or less.• Give up to 1 of your opponent's Characters 1 cost during this turn.,Yes,https://optcgapi.com/media/static/Card_Images/OP06-021_p2.jpg,,161.28,158.17,2026-09-07,
OP07-059_p2,Foxy (SPR),EB-02,Extra Booster: Anime 25th Collection,L,Purple,Leader,,5000,5,,Special,Foxy Pirates,"[When Attacking] DON!! 3 (You may return the specified number of DON!! cards from your field to your DON!! deck.): If you have 3 or more ""Foxy Pirates"" type Characters, select your opponent's rested Leader and up to 1 Character card. The selected cards will not become active in your opponent's next Refresh Phase.",Yes,https://optcgapi.com/media/static/Card_Images/OP07-059_p2.jpg,,98.85,75.00,2026-09-07,
OP05-060_p4,Monkey.D.Luffy (SPR),EB-02,Extra Booster: Anime 25th Collection,L,Purple,Leader,,5000,5,,Strike,Straw Hat Crew,"[Activate: Main] [Once Per Turn] You may add 1 card from the top of your Life cards to your hand: If you have 0 or 3 or more DON!! cards on your field, add up to 1 DON!! card from your DON!! deck and set it as active.",Yes,https://optcgapi.com/media/static/Card_Images/OP05-060_p4.jpg,,232.72,125.00,2026-09-07,
OP07-079_p2,Rob Lucci (SPR),EB-02,Extra Booster: Anime 25th Collection,L,Black,Leader,,5000,5,,Strike,CP0,[When Attacking] You may trash 2 cards from the top of your deck: Give up to 1 of your opponent's Characters 1 cost during this turn.,Yes,https://optcgapi.com/media/static/Card_Images/OP07-079_p2.jpg,,218.81,200.00,2026-09-07,
EB01-001_p2,Kouzuki Oden (SPR),EB-02,Extra Booster: Anime 25th Collection,L,Green Red,Leader,,5000,4,,Slash,Land of Wano Kouzuki Clan,"All of your ""Land of Wano"" type Character cards without a Counter have a +1000 Counter, according to the rules.[DON!! x1] [When Attacking] If you have a ""Land of Wano"" type Character with a cost of 5 or more, this Leader gains +1000 power until the start of your next turn.",Yes,https://optcgapi.com/media/static/Card_Images/EB01-001_p2.jpg,,141.76,138.71,2026-09-07,
OP06-020_p2,Hody Jones (SPR),EB-02,Extra Booster: Anime 25th Collection,L,Green,Leader,,5000,5,,Strike,Fish-Man New Fish-Man Pirates,"[Activate: Main] You may rest this Leader: Rest up to 1 of your opponent's DON!! cards or Characters with a cost of 3 or less. Then, you cannot add Life cards to your hand using your own effects during this turn.",Yes,https://optcgapi.com/media/static/Card_Images/OP06-020_p2.jpg,,67.94,58.94,2026-09-07,
EB01-021_p2,Hannyabal (SPR),EB-02,Extra Booster: Anime 25th Collection,L,Blue Purple,Leader,,5000,4,,Slash,Impel Down,"[End of Your Turn] You may return 1 of your ""Impel Down"" type Characters with a cost of 2 or more to the owner's hand: Add up to 1 DON!! card from your DON!! deck and set it as active.",Yes,https://optcgapi.com/media/static/Card_Images/EB01-021_p2.jpg,,84.48,48.82,2026-09-07,
OP06-001_p2,Uta (SPR),EB-02,Extra Booster: Anime 25th Collection,L,Purple Red,Leader,,5000,4,,Special,FILM,"[When Attacking] You may trash 1 ""FILM"" type card from your hand: Give up to 1 of your opponent's Characters 2000 power during this turn. Then, add up to 1 DON!! card from your DON!! deck and rest it.",Yes,https://optcgapi.com/media/static/Card_Images/OP06-001_p2.jpg,,175.93,155.00,2026-09-07,
OP07-038_p2,Boa Hancock (SPR),EB-02,Extra Booster: Anime 25th Collection,L,Blue,Leader,,5000,5,,Special,Kuja Pirates The Seven Warlords of the Sea,"[Your Turn] [Once Per Turn] This effect can be activated when a Character is removed from the field by your effect. If you have 5 or less cards in your hand, draw 1 card.",Yes,https://optcgapi.com/media/static/Card_Images/OP07-038_p2.jpg,,376.27,225.00,2026-09-07,
OP05-098_p2,Enel (SPR),EB-02,Extra Booster: Anime 25th Collection,L,Yellow,Leader,,5000,4,,Special,Sky Island,"[Opponent's Turn] [Once Per Turn] When your number of Life cards becomes 0, add 1 card from the top of your deck to the top of your Life cards. Then, trash 1 card from your hand.",Yes,https://optcgapi.com/media/static/Card_Images/OP05-098_p2.jpg,,236.17,198.00,2026-09-07,
OP06-080_p2,Gecko Moria (SPR),EB-02,Extra Booster: Anime 25th Collection,L,Black,Leader,,5000,5,,Special,The Seven Warlords of the Sea Thriller Bark Pirates,"[DON!! x1] [When Attacking] 2 (You may rest the specified number of DON!! cards in your cost area.) You may trash 1 card from your hand: Trash 2 cards from the top of your deck and play up to 1 ""Thriller Bark Pirates"" type Character card with a cost of 4 or less from your trash.",Yes,https://optcgapi.com/media/static/Card_Images/OP06-080_p2.jpg,,140.86,55.00,2026-09-07,
OP08-001_p2,Tony Tony.Chopper (SPR),EB-02,Extra Booster: Anime 25th Collection,L,Green Red,Leader,,5000,4,,Strike,Animal Straw Hat Crew Drum Kingdom,"[Activate: Main] [Once Per Turn] Give up to 3 of your ""Animal"" or ""Drum Kingdom"" type Characters up to 1 rested DON!! card each.",Yes,https://optcgapi.com/media/static/Card_Images/OP08-001_p2.jpg,,162.11,139.99,2026-09-07,
OP07-097_p2,Vegapunk (SPR),EB-02,Extra Booster: Anime 25th Collection,L,Yellow,Leader,,5000,2,,Wisdom,Scientist Egghead,"This Leader cannot attack.[Activate: Main] [Once Per Turn] 1 (You may rest the specified number of DON!! cards in your cost area.): Select up to 1 ""Egghead"" type card with a cost of 5 or less from your hand and play it or add it to the top of your Life cards face-up.",Yes,https://optcgapi.com/media/static/Card_Images/OP07-097_p2.jpg,,300.24,350.20,2026-09-07,
EB01-040_p2,Kyros (SPR),EB-02,Extra Booster: Anime 25th Collection,L,Black Yellow,Leader,,5000,4,,Slash,Dressrosa,[Activate: Main] [Once Per Turn] You may turn 1 card from the top of your Life cards face-up: K.O. up to 1 of your opponent's Characters with a cost of 0.,Yes,https://optcgapi.com/media/static/Card_Images/EB01-040_p2.jpg,,114.55,35.00,2026-09-07,
OP08-057_p2,King (SPR),EB-02,Extra Booster: Anime 25th Collection,L,Purple Black,Leader,,5000,4,,Special,Animal Kingdom Pirates,"[Activate: Main] [Once Per Turn] DON!! 2 (You may return the specified number of DON!! cards from your field to your DON!! deck.): Choose one:• If you have 5 or less cards in your hand, draw 1 card.• Give up to 1 of your opponent's Characters 2 cost during this turn.",Yes,https://optcgapi.com/media/static/Card_Images/OP08-057_p2.jpg,,121.42,104.98,2026-09-07,
OP08-098_p2,Kalgara (SPR),EB-02,Extra Booster: Anime 25th Collection,L,Yellow,Leader,,5000,5,,Slash,Sky Island Shandian Warrior Jaya,"[DON!! x1] [When Attacking] Play up to 1 ""Shandian Warrior"" type Character card from your hand with a cost equal to or less than the number of DON!! cards on your field. If you do, add 1 card from the top of your Life cards to your hand.",Yes,https://optcgapi.com/media/static/Card_Images/OP08-098_p2.jpg,,138.53,194.99,2026-09-07,
OP12-034,Perona,OP-12,Legacy of the Master,SR,Green,Character,1,2000,,1000,Special,Thriller Bark Pirates Muggy Kingdom,"[On Play] If your Leader has the (Slash) attribute, look at 5 cards from the top of your deck; reveal up to 1 (Slash) attribute card or green Event and add it to your hand. Then, place the rest at the bottom of your deck in any order.",No,https://optcgapi.com/media/static/Card_Images/OP12-034_okj7ekL.jpg,,18.86,16.95,2026-09-07,
OP12-030,Dracule Mihawk,OP-12,Legacy of the Master,SR,Green,Character,8,8000,,0,Slash,The Seven Warlords of the Sea Muggy Kingdom,"[Blocker]
[On Play] Set up to 4 of your DON!! cards as active. Then, you cannot play Character cards with a base cost of 7 or more during this turn.",No,https://optcgapi.com/media/static/Card_Images/OP12-030_dcU57Ee.jpg,,0.97,0.90,2026-09-07,
OP12-056,Monkey.D.Garp,OP-12,Legacy of the Master,SR,Blue,Character,8,8000,,0,Strike,Navy,"[On Play] You may trash 1 card from your hand: Play up to 1 blue ""Navy"" type Character card with 8000 power or less other than [Monkey.D.Garp] from your hand.",No,https://optcgapi.com/media/static/Card_Images/OP12-056_yirvGhA.jpg,,0.85,0.50,2026-09-07,
OP12-087,Nico Robin,OP-12,Legacy of the Master,SR,Black,Character,6,7000,,0,Strike,Straw Hat Crew,"If your Leader is [Koala] or [Monkey.D.Luffy], this Character gains [Blocker] and +3 cost.
[On Play] You may trash 1 card from your hand: If your opponent has 5 or more cards in their hand, your opponent trashes 2 cards from their hand.",No,https://optcgapi.com/media/static/Card_Images/OP12-087_eFlFDKa.jpg,,2.99,2.99,2026-09-07,
OP12-014,Boa Hancock,OP-12,Legacy of the Master,SR,Red,Character,2,3000,,0,Special,Kuja Pirates The Seven Warlords of the Sea,"[On Play] Look at 5 cards from the top of your deck; reveal up to 1 [Monkey.D.Luffy] or red Event and add it to your hand. Then, place the rest at the bottom of your deck in any order.
[Activate: Main] You may trash this Character: Give up to 2 rested DON!! cards to your Leader or 1 of your Characters.",No,https://optcgapi.com/media/static/Card_Images/OP12-014_ywIWdT8.jpg,,0.72,0.60,2026-09-07,
OP12-015,Monkey.D.Luffy,OP-12,Legacy of the Master,SR,Red,Character,4,4000,,1000,Strike,Straw Hat Crew Supernovas,"If you have a total of 2 or more given DON!! cards, this Character gains +2000 power.
[On Play] You may reveal 2 Events from your hand: Play up to 1 red Character card with 3000 power or less from your hand. Then, give up to 1 rested DON!! card to your Leader or 1 of your Characters.",No,https://optcgapi.com/media/static/Card_Images/OP12-015_v4cyDJA.jpg,,6.77,6.09,2026-09-07,
OP12-094,Monkey.D.Dragon,OP-12,Legacy of the Master,SR,Black,Character,8,8000,,0,Special,Revolutionary Army,"[On Play] You may place 3 ""Revolutionary Army"" type cards from your trash at the bottom of your deck in any order: If your Leader has the ""Revolutionary Army"" type, play up to 1 Character card with a cost of 6 or less from your trash.",No,https://optcgapi.com/media/static/Card_Images/OP12-094_CvkGNXb.jpg,,0.71,0.50,2026-09-07,
OP12-063,Vinsmoke Reiju,OP-12,Legacy of the Master,SR,Purple,Character,4,5000,,1000,Special,The Vinsmoke Family GERMA 66,"If you have 4 or more Events in your trash, this Character gains +2000 power and +5 cost.
[Blocker] (After your opponent declares an attack, you may rest this card to make it the new target of the attack.)",No,https://optcgapi.com/media/static/Card_Images/OP12-063_bkwE1a4.jpg,,3.07,2.63,2026-09-07,
OP12-102,Shirahoshi,OP-12,Legacy of the Master,SR,Yellow,Character,2,0,,1000,Wisdom,Merfolk Fish-Man Island,"If your Character with a base cost of 6 or less would be removed from the field by your opponent's effect, you may turn 1 card from the top of your Life cards face-up instead.[Opponent's Turn] If you have no other [Shirahoshi] with a base cost of 2, all of your ""Neptunian"" type Characters gain +2000 power.",No,https://optcgapi.com/media/static/Card_Images/OP12-102_DLsWByU.jpg,,0.47,0.45,2026-09-07,
OP12-119,Bartholomew Kuma,OP-12,Legacy of the Master,SEC,Yellow,Character,6,7000,,1000,Strike,Revolutionary Army The Seven Warlords of the Sea,"[On Play] You may trash 1 card from your hand: Add up to 1 card from the top of your deck to the top of your Life cards. Then, this Character gains +2 cost until the end of your opponent's next End Phase.
[Opponent's Turn] [On K.O.] Add up to 1 card from the top of your deck to the top of your Life cards.",No,https://optcgapi.com/media/static/Card_Images/OP12-119_vJJeaeL.jpg,,13.56,12.99,2026-09-07,
OP12-118,Jewelry Bonney (118),OP-12,Legacy of the Master,SEC,Green,Character,5,6000,,1000,Special,Bonney Pirates Supernovas,"[Blocker]
[On Play] If you have 8 or more rested cards, draw 2 cards and trash 1 card from your hand. Then, set up to 1 of your DON!! cards as active.",No,https://optcgapi.com/media/static/Card_Images/OP12-118_WaSgkqN.jpg,,9.30,8.11,2026-09-07,
OP12-073,Trafalgar Law (073),OP-12,Legacy of the Master,SR,Purple,Character,7,8000,,0,Slash,Heart Pirates Supernovas Dressrosa,"[On Play] If the number of DON!! cards on your field is equal to or less than the number on your opponent's field, add up to 1 DON!! card from your DON!! deck and set it as active. Then, all of your [Donquixote Rosinante] and ""Heart Pirates"" type Characters gain +1000 power until the end of your opponent's next End Phase.",No,https://optcgapi.com/media/static/Card_Images/OP12-073_GkxbkN9.jpg,,0.46,0.25,2026-09-07,
OP12-056_p1,Monkey.D.Garp (Alternate Art),OP-12,Legacy of the Master,SR,Blue,Character,8,8000,,0,Strike,Navy,"[On Play] You may trash 1 card from your hand: Play up to 1 blue ""Navy"" type Character card with 8000 power or less other than [Monkey.D.Garp] from your hand.",Yes,https://optcgapi.com/media/static/Card_Images/OP12-056_p1_Mtb3fJc.jpg,,5.65,5.69,2026-09-07,
OP12-008_p1,Shanks (008) (Alternate Art),OP-12,Legacy of the Master,R,Red,Character,4,6000,,0,Slash,The Four Emperors Red-Haired Pirates,"[Blocker]
[On Your Opponent's Attack] [Once Per Turn] You may trash 1 card from your hand: Give up to 1 of your opponent's Leader or Character cards 2000 power during this turn.",Yes,https://optcgapi.com/media/static/Card_Images/OP12-008_p1_XcALa2d.jpg,,7.31,7.20,2026-09-07,
OP12-043_p1,Kuzan (043) (Alternate Art),OP-12,Legacy of the Master,R,Blue,Character,6,8000,,0,Special,Navy,"If you have 5 or more cards in your hand, this Character gains +1 cost.
[On Play] You may trash 1 card from your hand: Up to 1 of your opponent's Characters cannot attack until the end of your opponent's next End Phase.",Yes,https://optcgapi.com/media/static/Card_Images/OP12-043_p1_uwyGXaK.jpg,,9.90,9.20,2026-09-07,
OP12-086_p1,Koala (086) (Alternate Art),OP-12,Legacy of the Master,R,Black,Character,1,2000,,1000,Strike,Revolutionary Army Dressrosa,"[On Play] If your Leader has the ""Revolutionary Army"" type, look at 3 cards from the top of your deck; reveal up to 1 ""Revolutionary Army"" type card other than [Koala] or up to 1 [Nico Robin] and add it to your hand. Then, trash the rest.",Yes,https://optcgapi.com/media/static/Card_Images/OP12-086_p1_MnG1Gpi.jpg,,5.09,5.11,2026-09-07,
OP12-030_p1,Dracule Mihawk (Alternate Art),OP-12,Legacy of the Master,SR,Green,Character,8,8000,,0,Slash,The Seven Warlords of the Sea Muggy Kingdom,"[Blocker]
[On Play] Set up to 4 of your DON!! cards as active. Then, you cannot play Character cards with a base cost of 7 or more during this turn.",Yes,https://optcgapi.com/media/static/Card_Images/OP12-030_p1_sjTWMp8.jpg,,6.35,4.49,2026-09-07,
OP12-119_p1,Bartholomew Kuma (Alternate Art),OP-12,Legacy of the Master,SEC,Yellow,Character,6,7000,,1000,Strike,Revolutionary Army The Seven Warlords of the Sea,"[On Play] You may trash 1 card from your hand: Add up to 1 card from the top of your deck to the top of your Life cards. Then, this Character gains +2 cost until the end of your opponent's next End Phase.
[Opponent's Turn] [On K.O.] Add up to 1 card from the top of your deck to the top of your Life cards.",Yes,https://optcgapi.com/media/static/Card_Images/OP12-119_p1_u0RIZJm.jpg,,23.42,20.00,2026-09-07,
OP12-094_p1,Monkey.D.Dragon (Alternate Art),OP-12,Legacy of the Master,SR,Black,Character,8,8000,,0,Special,Revolutionary Army,"[On Play] You may place 3 ""Revolutionary Army"" type cards from your trash at the bottom of your deck in any order: If your Leader has the ""Revolutionary Army"" type, play up to 1 Character card with a cost of 6 or less from your trash.",Yes,https://optcgapi.com/media/static/Card_Images/OP12-094_p1_6Tcw74w.jpg,,7.22,6.99,2026-09-07,
OP12-118_p1,Jewelry Bonney (118) (Alternate Art),OP-12,Legacy of the Master,SEC,Green,Character,5,6000,,1000,Special,Bonney Pirates Supernovas,"[Blocker]
[On Play] If you have 8 or more rested cards, draw 2 cards and trash 1 card from your hand. Then, set up to 1 of your DON!! cards as active.",Yes,https://optcgapi.com/media/static/Card_Images/OP12-118_p1_2XxNAy0.jpg,,21.82,17.16,2026-09-07,
OP12-108_p1,Donquixote Rosinante (108) (Alternate Art),OP-12,Legacy of the Master,R,Yellow,Character,1,2000,,1000,Special,Donquixote Pirates Navy,"[On Play] Look at 5 cards from the top of your deck; reveal up to 1 [Trafalgar Law] and add it to your hand. Then, place the rest at the bottom of your deck in any order.",Yes,https://optcgapi.com/media/static/Card_Images/OP12-108_p1_VghtZgi.jpg,,5.90,5.83,2026-09-07,
OP12-034_p1,Perona (Alternate Art),OP-12,Legacy of the Master,SR,Green,Character,1,2000,,1000,Special,Thriller Bark Pirates Muggy Kingdom,"[On Play] If your Leader has the (Slash) attribute, look at 5 cards from the top of your deck; reveal up to 1 (Slash) attribute card or green Event and add it to your hand. Then, place the rest at the bottom of your deck in any order.",Yes,https://optcgapi.com/media/static/Card_Images/OP12-034_p1_2OgTMfI.jpg,,60.57,57.00,2026-09-07,
OP12-063_p1,Vinsmoke Reiju (Alternate Art),OP-12,Legacy of the Master,SR,Purple,Character,4,5000,,1000,Special,The Vinsmoke Family GERMA 66,"If you have 4 or more Events in your trash, this Character gains +2000 power and +5 cost.
[Blocker] (After your opponent declares an attack, you may rest this card to make it the new target of the attack.)",Yes,https://optcgapi.com/media/static/Card_Images/OP12-063_p1_qKrPCJQ.jpg,,23.80,22.20,2026-09-07,
OP12-031_p1,Tashigi (Alternate Art),OP-12,Legacy of the Master,R,Green,Character,5,7000,,0,Slash,Navy East Blue,"[On Play] Rest up to 1 of your opponent's Characters with a base cost of 6 or less. Then, give up to 3 rested DON!! cards to your [Roronoa Zoro] Leader.",Yes,https://optcgapi.com/media/static/Card_Images/OP12-031_p1_zrAdWKE.jpg,,23.04,21.00,2026-09-07,
OP12-102_p1,Shirahoshi (Alternate Art),OP-12,Legacy of the Master,SR,Yellow,Character,2,0,,1000,Wisdom,Merfolk Fish-Man Island,"If your Character with a base cost of 6 or less would be removed from the field by your opponent's effect, you may turn 1 card from the top of your Life cards face-up instead.[Opponent's Turn] If you have no other [Shirahoshi] with a base cost of 2, all of your ""Neptunian"" type Characters gain +2000 power.",Yes,https://optcgapi.com/media/static/Card_Images/OP12-102_p1_84QjuiK.jpg,,6.97,5.97,2026-09-07,
OP12-087_p1,Nico Robin (Alternate Art),OP-12,Legacy of the Master,SR,Black,Character,6,7000,,0,Strike,Straw Hat Crew,"If your Leader is [Koala] or [Monkey.D.Luffy], this Character gains [Blocker] and +3 cost.
[On Play] You may trash 1 card from your hand: If your opponent has 5 or more cards in their hand, your opponent trashes 2 cards from their hand.",Yes,https://optcgapi.com/media/static/Card_Images/OP12-087_p1_bYi1Dw6.jpg,,36.72,31.00,2026-09-07,
OP10-063,Vinsmoke Sanji (TR),OP-12,Legacy of the Master,TR,Purple,Character,1,2000,,1000,Strike,The Vinsmoke Family Kingdom of GERMA,"[On Play] If your Leader's type includes ""GERMA"", look at 5 cards from the top of your deck; reveal up to 1 card with a type including ""GERMA"" and add it to your hand. Then, place the rest at the bottom of your deck in any order.",No,https://optcgapi.com/media/static/Card_Images/OP10-063_p3.jpg,,49.19,36.01,2026-09-07,
OP12-073_p1,Trafalgar Law (073) (Alternate Art),OP-12,Legacy of the Master,SR,Purple,Character,7,8000,,0,Slash,Heart Pirates Supernovas Dressrosa,"[On Play] If the number of DON!! cards on your field is equal to or less than the number on your opponent's field, add up to 1 DON!! card from your DON!! deck and set it as active. Then, all of your [Donquixote Rosinante] and ""Heart Pirates"" type Characters gain +1000 power until the end of your opponent's next End Phase.",Yes,https://optcgapi.com/media/static/Card_Images/OP12-073_p1_uy1gZ3D.jpg,,6.67,5.37,2026-09-07,
OP12-037_p1,Demon Aura Nine Sword Style Asura Blades Drawn Dead Man's Game (Alternate Art),OP-12,Legacy of the Master,R,Green,Event,1,,,,,Straw Hat Crew,"[Main] You may rest 3 of your DON!! cards: Rest up to a total of 2 of your opponent's Characters or DON!! cards.
[Counter] Your Leader gains +3000 power during this battle.",Yes,https://optcgapi.com/media/static/Card_Images/OP12-037_p1_h65uZt2.jpg,,199.22,159.38,2026-09-07,
OP12-060_p1,Boeuf Burst (Alternate Art),OP-12,Legacy of the Master,R,Blue,Event,3,,,,,Straw Hat Crew,"[Main] If your Leader is multicolored, choose one:
• Return up to 1 of your opponent's Characters with a cost of 4 or less to the owner's hand.
• If you have 6 or less cards in your hand, draw 2 cards.",Yes,https://optcgapi.com/media/static/Card_Images/OP12-060_p1_5Y8uKIK.jpg,,64.12,62.96,2026-09-07,
OP12-040_p1,Kuzan (040) (Alternate Art),OP-12,Legacy of the Master,L,Blue,Leader,,5000,5,,Special,Navy,"When a card is trashed from your hand by your ""Navy"" type card's effect, draw cards equal to the number of cards trashed.",Yes,https://optcgapi.com/media/static/Card_Images/OP12-040_p1_IOHOSfT.jpg,,24.85,17.95,2026-09-07,
OP12-015_p1,Monkey.D.Luffy (Alternate Art),OP-12,Legacy of the Master,SR,Red,Character,4,4000,,1000,Strike,Straw Hat Crew Supernovas,"If you have a total of 2 or more given DON!! cards, this Character gains +2000 power.
[On Play] You may reveal 2 Events from your hand: Play up to 1 red Character card with 3000 power or less from your hand. Then, give up to 1 rested DON!! card to your Leader or 1 of your Characters.",Yes,https://optcgapi.com/media/static/Card_Images/OP12-015_p1_J5H7muC.jpg,,19.68,19.62,2026-09-07,
OP12-081_p1,Koala (081) (Alternate Art),OP-12,Legacy of the Master,L,Black Yellow,Leader,,5000,4,,Strike,Revolutionary Army Dressrosa,"When this Leader attacks your opponent's Leader, if you have 2 or more Characters with a cost of 8 or more, draw 1 card.
[Once Per Turn] This effect can be activated when your opponent plays a Character with a base cost of 8 or more, or when your opponent plays a Character using a Character's effect. Your opponent adds 1 card from the top of their Life cards to their hand.",Yes,https://optcgapi.com/media/static/Card_Images/OP12-081_p1_DTPVK4N.jpg,,28.31,17.95,2026-09-07,
OP12-041_p1,Sanji (041) (Alternate Art),OP-12,Legacy of the Master,L,Blue Purple,Leader,,5000,4,,Strike,Straw Hat Crew The Vinsmoke Family,"[Activate: Main] [Once Per Turn] DON!! 1: Activate up to 1 ""Straw Hat Crew"" type Event with a base cost of 3 or less from your hand.
[When Attacking] If the number of DON!! cards on your field is equal to or less than the number on your opponent's field, add up to 1 DON!! card from your DON!! deck and rest it.",Yes,https://optcgapi.com/media/static/Card_Images/OP12-041_p1_qrKax4r.jpg,,19.90,20.96,2026-09-07,
OP12-020_p1,Roronoa Zoro (020) (Alternate Art),OP-12,Legacy of the Master,L,Green,Leader,,5000,5,,Slash,Straw Hat Crew Supernovas,"[DON!! x3] [Activate: Main] [Once Per Turn] If this Leader battles your opponent's Character during this turn, set this Leader as active. Then, this Leader cannot attack your opponent's Characters with a base cost of 7 or less during this turn.",Yes,https://optcgapi.com/media/static/Card_Images/OP12-020_p1_jkzz1zC.jpg,,56.99,36.00,2026-09-07,
OP12-001_p1,Silvers Rayleigh (Alternate Art),OP-12,Legacy of the Master,L,Red,Leader,,5000,5,,Slash,Former Roger Pirates,"Under the rules of this game, you cannot include cards with a cost of 5 or more in your deck.
[Activate: Main] [Once Per Turn] You may reveal 2 Events from your hand: Up to 1 of your Characters with 4000 base power or less gains +2000 power during this turn.",Yes,https://optcgapi.com/media/static/Card_Images/OP12-001_p1_z6pLkgf.jpg,,19.86,18.99,2026-09-07,
OP12-014_p1,Boa Hancock (Alternate Art),OP-12,Legacy of the Master,SR,Red,Character,2,3000,,0,Special,Kuja Pirates The Seven Warlords of the Sea,"[On Play] Look at 5 cards from the top of your deck; reveal up to 1 [Monkey.D.Luffy] or red Event and add it to your hand. Then, place the rest at the bottom of your deck in any order.
[Activate: Main] You may trash this Character: Give up to 2 rested DON!! cards to your Leader or 1 of your Characters.",Yes,https://optcgapi.com/media/static/Card_Images/OP12-014_p1_HF9JYuR.jpg,,17.21,15.01,2026-09-07,
OP12-070_p1,Sanji (070) (Alternate Art),OP-12,Legacy of the Master,R,Purple,Character,3,5000,,0,Strike,Alabasta Straw Hat Crew,"This Character gains +1000 power for every 5 Events in your trash.
If this Character would be removed from the field by your opponent's effect, you may return 1 DON!! card from your field to your DON!! deck instead.",Yes,https://optcgapi.com/media/static/Card_Images/OP12-070_p1_3xkKTDF.jpg,,6.33,6.25,2026-09-07,
OP12-061_p1,Donquixote Rosinante (061) (Alternate Art),OP-12,Legacy of the Master,L,Purple Yellow,Leader,,5000,4,,Special,Donquixote Pirates Navy,"[Once Per Turn] If your [Trafalgar Law] would be K.O.'d, you may add 1 card from the top of your Life cards to your hand instead.
[Activate: Main] [Once Per Turn] DON!! 1: The next time you play [Trafalgar Law] with a cost of 4 or more from your hand during this turn, the cost will be reduced by 2.",Yes,https://optcgapi.com/media/static/Card_Images/OP12-061_p1_dkgb1AW.jpg,,35.53,25.95,2026-09-07,
OP09-013_p2,Yasopp (SP),OP-12,Legacy of the Master,R,Red,Character,5,6000,,1000,Ranged,Red-Haired Pirates,"[On Play] Up to 1 of your Leader gains +1000 power until the end of your opponent's next turn.
[DON!! x1] [When Attacking] Give up to 1 of your opponent's Characters 1000 power during this turn.",Yes,https://optcgapi.com/media/static/Card_Images/OP09-013_p2_jLoDhNS.jpg,,41.69,38.50,2026-09-07,
OP10-082_p2,Kuzan (SP),OP-12,Legacy of the Master,SR,Black,Character,5,5000,,0,Special,Blackbeard Pirates Former Navy,"This Character cannot be removed from the field by your opponent's effects.
[Activate: Main] You may trash this Character: Draw 1 card. Then, play up to 1 ""Blackbeard Pirates"" type Character card with a cost of 5 or less other than [Kuzan] from your trash.",Yes,https://optcgapi.com/media/static/Card_Images/OP10-082_p2_0rQ9fvR.jpg,,75.17,64.93,2026-09-07,
OP09-037_p2,Lim (SP),OP-12,Legacy of the Master,SR,Green,Character,3,5000,,0,Wisdom,ODYSSEY,"[On Play] Look at 5 cards from the top of your deck; reveal up to 1 ""ODYSSEY"" type card other than [Lim] and add it to your hand. Then, place the rest at the bottom of your deck in any order.
[End of Your Turn] If you have 3 or more rested Characters, set this Character as active.",Yes,https://optcgapi.com/media/static/Card_Images/OP09-037_p2_9ZL08cD.jpg,,36.06,34.00,2026-09-07,
ST13-011_p2,Portgas.D.Ace (SP),OP-12,Legacy of the Master,SR,Yellow,Character,5,7000,,0,Special,Whitebeard Pirates,"[On Play] If you have 2 or less Life cards, this Character gains [Rush].(This card can attack on the turn in which it is played.)",Yes,https://optcgapi.com/media/static/Card_Images/ST13-011_p2_kGplbib.jpg,,147.63,134.00,2026-09-07,
ST18-004_p2,Zoro-Juurou (SP),OP-12,Legacy of the Master,SR,Purple,Character,4,6000,,0,Slash,Straw Hat Crew,"[On Play] Look at 5 cards from the top of your deck; reveal up to 1 purple ""Straw Hat Crew"" type card and add it to your hand. Then, place the rest at the bottom of your deck in any order.",Yes,https://optcgapi.com/media/static/Card_Images/ST18-004_p2_Tt367h1.jpg,,260.09,242.50,2026-09-07,
OP06-050_p2,Tashigi (SP),OP-12,Legacy of the Master,R,Blue,Character,1,2000,,1000,Slash,Navy,"[On Play] Look at 5 cards from the top of your deck; reveal up to 1 ""Navy"" type card other than [Tashigi] and add it to your hand. Then, place the rest at the bottom of your deck in any order.",Yes,https://optcgapi.com/media/static/Card_Images/OP06-050_p2_QrK318i.jpg,,73.82,44.55,2026-09-07,
OP12-118_p2,Jewelry Bonney (118) (Manga),OP-12,Legacy of the Master,SEC,Green,Character,5,6000,,1000,Special,Bonney Pirates Supernovas,"[Blocker]
[On Play] If you have 8 or more rested cards, draw 2 cards and trash 1 card from your hand. Then, set up to 1 of your DON!! cards as active.",Yes,https://optcgapi.com/media/static/Card_Images/OP12-118_p2_Xxs1TDY.jpg,,772.94,499.99,2026-09-07,
OP09-093_p5,Marshall.D.Teach (SP) (Gold),OP-12,Legacy of the Master,SR,Black,Character,10,12000,,0,Special,Blackbeard Pirates The Four Emperors,"[Blocker]
[Activate: Main] [Once Per Turn] If your Leader has the ""Blackbeard Pirates"" type and this Character was played on this turn, negate the effect of up to 1 of your opponent's Leader during this turn. Then, negate the effect of up to 1 of your opponent's Characters and that Character cannot attack until the end of your opponent's next turn.",Yes,https://optcgapi.com/media/static/Card_Images/OP09-093_p5_esui2Sk.jpg,,1895.04,1398.65,2026-09-07,
OP09-093_p4,Marshall.D.Teach (SP) (Silver),OP-12,Legacy of the Master,SR,Black,Character,10,12000,,0,Special,Blackbeard Pirates The Four Emperors,"[Blocker]
[Activate: Main] [Once Per Turn] If your Leader has the ""Blackbeard Pirates"" type and this Character was played on this turn, negate the effect of up to 1 of your opponent's Leader during this turn. Then, negate the effect of up to 1 of your opponent's Characters and that Character cannot attack until the end of your opponent's next turn.",Yes,https://optcgapi.com/media/static/Card_Images/OP09-093_p4_yGd9lfW.jpg,,1126.66,1189.98,2026-09-07,
OP02-004_r1,Edward.Newgate (Reprint),PRB-01,Premium Booster -The Best-,SR,Red,Character,9,10000,,0,Special,The Four Emperors Whitebeard Pirates,"[On Play] Up to 1 of your Leader gains +2000 power until the start of your next turn. Then, you cannot add Life cards to your hand using your own effects during this turn.[DON!! x2] [When Attacking] K.O. up to 1 of your opponent's Characters with 3000 power or less.Disclaimer: This card was reprinted from the original set with changes to the artist credit (note the lack of pen symbol next to the artist name).",Yes,https://optcgapi.com/media/static/Card_Images/OP02-004_r1.jpg,,0.52,0.35,2026-09-07,
OP05-082_p2,Shirahoshi (OP05-082) (Jolly Roger Foil),PRB-01,Premium Booster -The Best-,R,Black,Character,1,0,,2000,Wisdom,Merfolk,"[Activate:Main] You may rest this Character and place 2 cards from your trash at the bottom of your deck in any order: If your opponent has 6 or more cards in their hand, your opponent trashes 1 card from their hand.",Yes,https://optcgapi.com/media/static/Card_Images/OP05-082_p2.jpg,,1.39,0.99,2026-09-07,
OP04-031_r1,Donquixote Doflamingo (Reprint),PRB-01,Premium Booster -The Best-,SR,Green,Character,10,10000,,0,Special,Donquixote Pirates The Seven Warlords of the Sea,[On Play] Up to a total of 3 of your opponent's rested Leader and Character cards will not become active in your opponent's next Refresh Phase.Disclaimer: This card was reprinted from the original set with changes to the artist credit (note the lack of pen symbol next to the artist name).,Yes,https://optcgapi.com/media/static/Card_Images/OP04-031_r1.jpg,,0.55,0.40,2026-09-07,
OP01-070_r1,Dracule Mihawk (OP01-070) (Reprint),PRB-01,Premium Booster -The Best-,SR,Blue,Character,9,9000,,0,Slash,The Seven Warlords of the Sea,[On Play] Place up to 1 Character with a cost of 7 or less at the bottom of the owner's deck.Disclaimer: This card was reprinted from the original set with changes to the artist credit (note the lack of pen symbol next to the artist name).,Yes,https://optcgapi.com/media/static/Card_Images/OP01-070_r1.jpg,,0.52,0.25,2026-09-07,
OP02-096_r1,Kuzan (OP02-096) (Reprint),PRB-01,Premium Booster -The Best-,SR,Black,Character,4,5000,,0,Special,Navy,[On Play] Draw 1 card.[When Attacking] Give up to 1 of your opponent's Characters -4 cost during this turn.Disclaimer: This card was reprinted from the original set with changes to the artist credit (note the lack of pen symbol next to the artist name).,Yes,https://optcgapi.com/media/static/Card_Images/OP02-096_r1.jpg,,0.41,0.35,2026-09-07,
OP04-100_r1,"Capone""Gang""Bege (OP04-100) (Reprint)",PRB-01,Premium Booster -The Best-,R,Yellow,Character,3,3000,,2000,Ranged,Firetank Pirates,[Trigger] Up to 1 of your opponent's Leader or Character cards cannot attack during this turn.Disclaimer: This card was reprinted from the original set with changes to the artist credit (note the lack of pen symbol next to the artist name).,Yes,https://optcgapi.com/media/static/Card_Images/OP04-100_r1.jpg,,0.64,0.23,2026-09-07,
OP05-006_r1,Koala (Reprint),PRB-01,Premium Booster -The Best-,SR,Red,Character,2,3000,,2000,Strike,Revolutionary Army,"[On Play] If your Leader has the [Revolutionary Army] type, give up to 1 of your opponent's Characters -3000 power during this turn.Disclaimer: This card was reprinted from the original set with changes to the artist credit (note the lack of pen symbol next to the artist name).",Yes,https://optcgapi.com/media/static/Card_Images/OP05-006_r1.jpg,,0.92,0.70,2026-09-07,
OP01-078_r3,Boa Hancock (OP01-078) (Reprint),PRB-01,Premium Booster -The Best-,SR,Blue,Character,4,5000,,1000,Special,Kuja Pirates The Seven Warlords of the Sea,"[Blocker] (After your opponent declares an attack, you may rest this card to make it the new target of the attack.)[DON!! x1] [When Attacking]/[On Block] Draw 1 card if you have 5 or less cards in your hand.Disclaimer: This card was reprinted from the original set with changes to the artist credit (note the lack of pen symbol next to the artist name).",Yes,https://optcgapi.com/media/static/Card_Images/OP01-078_r3.jpg,,0.93,0.50,2026-09-07,
OP03-108_p7,Charlotte Cracker (Reprint),PRB-01,Premium Booster -The Best-,SR,Yellow,Character,4,5000,,1000,Slash,Big Mom Pirates,"[DON!! x1] If you have less Life cards than your opponent, this Character gains [Double Attack] and +1000 power. (This card deals 2 damage.)[Trigger] You may trash 1 card from your hand: Play this card.Disclaimer: This card was reprinted from the original set with changes to the artist credit (note the lack of pen symbol next to the artist name).",Yes,https://optcgapi.com/media/static/Card_Images/OP03-108_p7.jpg,,0.41,0.19,2026-09-07,
OP05-043_r1,Ulti (Reprint),PRB-01,Premium Booster -The Best-,SR,Blue,Character,4,5000,,1000,Strike,Animal Kingdom Pirates,"[On Play] If your Leader is multicolored, look at 3 cards from the top of your deck and add up to 1 card to your hand. Then, place the rest at the top or bottom of the deck in any order.Disclaimer: This card was reprinted from the original set with changes to the artist credit (note the lack of pen symbol next to the artist name).",Yes,https://optcgapi.com/media/static/Card_Images/OP05-043_r1.jpg,,0.47,0.35,2026-09-07,
OP05-082_r1,Shirahoshi (OP05-082) (Reprint),PRB-01,Premium Booster -The Best-,R,Black,Character,1,0,,2000,Wisdom,Merfolk,"[Activate:Main] You may rest this Character and place 2 cards from your trash at the bottom of your deck in any order: If your opponent has 6 or more cards in their hand, your opponent trashes 1 card from their hand.Disclaimer: This card was reprinted from the original set with changes to the artist credit (note the lack of pen symbol next to the artist name).",Yes,https://optcgapi.com/media/static/Card_Images/OP05-082_r1.jpg,,0.51,0.25,2026-09-07,
OP04-056_p2,Gum-Gum Red Roc (Jolly Roger Foil),PRB-01,Premium Booster -The Best-,R,Blue,Event,6,,,,,Straw Hat Crew,[Main] Place up to 1 Character at the bottom of the owner's deck.[Trigger] Place up to 1 Character with a cost of 4 or less at the bottom of the owner's deck.,Yes,https://optcgapi.com/media/static/Card_Images/OP04-056_p2_6KicMKv.jpg,,0.77,0.48,2026-09-07,
OP04-112_r1,Yamato (OP04-112) (Reprint),PRB-01,Premium Booster -The Best-,SR,Yellow,Character,9,9000,,0,Strike,Land of Wano,"[On Play] K.O. up to 1 of your opponent's Characters with a cost equal to or less than the total of your and your opponent's Life cards. Then, if you have 1 or less Life cards, add up to 1 card from the top of your deck to the top of your Life cards.Disclaimer: This card was reprinted from the original set with changes to the artist credit (note the lack of pen symbol next to the artist name).",Yes,https://optcgapi.com/media/static/Card_Images/OP04-112_r1.jpg,,0.62,0.50,2026-09-07,
OP03-113_r1,Charlotte Perospero (Reprint),PRB-01,Premium Booster -The Best-,SR,Yellow,Character,3,5000,,0,Special,Big Mom Pirates,"[On K.O.] Look at 3 cards from the top of your deck; reveal up to 1 [Big Mom Pirates] type card and add it to your hand. Then, place the rest at the bottom of your deck in any order.[Trigger] You may trash 1 card from your hand: Play this card.Disclaimer: This card was reprinted from the original set with changes to the artist credit (note the lack of pen symbol next to the artist name).",Yes,https://optcgapi.com/media/static/Card_Images/OP03-113_r1.jpg,,0.30,0.15,2026-09-07,
OP01-121_p7,Yamato (OP01-121) (Reprint),PRB-01,Premium Booster -The Best-,SEC,Green,Character,5,5000,,1000,Strike,Land of Wano,"Also treat this card's name as [Kouzuki Oden] according to the rules.[Double Attack] (This card deals 2 damage.)[Banish] (When this card deals damage, the target card is trashed without activating its Trigger.)Disclaimer: This card was reprinted from the original set with an additional security stamp on the bottom-left corner (note that this difference is not visible in official sample images).",Yes,https://optcgapi.com/media/static/Card_Images/OP01-121_p7.jpg,,3.26,2.99,2026-09-07,
OP02-121_r1,Kuzan (OP02-121) (Reprint),PRB-01,Premium Booster -The Best-,SEC,Black,Character,10,10000,,0,Special,Former Navy,[Your Turn] Give all of your opponent's Characters -5 cost.[On Play] K.O. up to 1 of your opponent's Characters with a cost of 0.Disclaimer: This card was reprinted from the original set with changes to the artist credit (note the lack of pen symbol next to the artist name).,Yes,https://optcgapi.com/media/static/Card_Images/OP02-121_r1.jpg,,1.86,0.88,2026-09-07,
OP02-089_p2,Judgment of Hell (Jolly Roger Foil),PRB-01,Premium Booster -The Best-,R,Purple,Event,2,,,,,Impel Down,"[Counter] DON!! -1 (You may return the specified number of DON!! cards from your field to your DON!! deck.): Give up to a total of 2 of your opponent's Leader or Character cards -3000 power during this turn.[Trigger] If your opponent has 6 or more DON!! cards on their field, your opponent returns 1 DON!! card from their field to their DON!! deck.",Yes,https://optcgapi.com/media/static/Card_Images/OP02-089_p2.jpg,,0.41,0.35,2026-09-07,
OP02-114_r3,Borsalino (Reprint),PRB-01,Premium Booster -The Best-,SR,Black,Character,4,5000,,1000,Special,Navy,"[Opponent's Turn] This Character gains +1000 power and cannot be K.O.'d by effects.[Blocker] (After your opponent declares an attack, you may rest this card to make it the new target of the attack.)Disclaimer: This card was reprinted from the original set with changes to the artist credit (note the lack of pen symbol next to the artist name).",Yes,https://optcgapi.com/media/static/Card_Images/OP02-114_r3.jpg,,0.50,0.21,2026-09-07,
OP05-119_r1,Monkey.D.Luffy (OP05-119) (Reprint),PRB-01,Premium Booster -The Best-,SEC,Purple,Character,10,12000,,0,Strike,Straw Hat Crew The Four Emperors,"[On Play] DON!! -10: Place all of your Characters except this Character at the bottom of your deck in any order. Then, take an extra turn after this one.[Activate:Main][Once Per Turn] (1): Add up to 1 DON!! card from your DON!! deck and set it as active.Disclaimer: This card was reprinted from the original set with changes to the artist credit (note the lack of pen symbol next to the artist name).",Yes,https://optcgapi.com/media/static/Card_Images/OP05-119_r1.jpg,,9.24,4.99,2026-09-07,
ST10-010_p7,Trafalgar Law (ST10-010) (Reprint),PRB-01,Premium Booster -The Best-,SR,Purple,Character,4,5000,,1000,Slash,Heart Pirates,"[Blocker] (After your opponent declares an attack, you may rest this card to make it the new target of the attack.)[On Play] DON!! -1 (You may return the specified number of DON!! cards from your field to your DON!! deck.): If your opponent has 7 or more cards in their hand, trash 2 cards from your opponent's hand.Disclaimer: This card was reprinted from the original set with changes to the artist credit (note the lack of pen symbol next to the artist name).",Yes,https://optcgapi.com/media/static/Card_Images/ST10-010_p7.jpg,,3.37,3.44,2026-09-07,
OP05-015_p3,Belo Betty (Jolly Roger Foil),PRB-01,Premium Booster -The Best-,R,Red,Character,1,2000,,1000,Special,Revolutionary Army,"[On Play] Look at 5 cards from the top of your deck; reveal up to 1 [Revolutionary Army] type card other than [Belo Betty] and add it to your hand. Then, place the rest at the bottom of your deck in any order.",Yes,https://optcgapi.com/media/static/Card_Images/OP05-015_p3.jpg,,1.01,0.80,2026-09-07,
OP02-099_r1,Sakazuki (Reprint),PRB-01,Premium Booster -The Best-,SR,Black,Character,6,7000,,0,Special,Navy,[On Play] You may trash 1 card from your hand: K.O. up to 1 of your opponent's Characters with a cost of 5 or less.Disclaimer: This card was reprinted from the original set with changes to the artist credit (note the lack of pen symbol next to the artist name).,Yes,https://optcgapi.com/media/static/Card_Images/OP02-099_r1.jpg,,0.32,0.20,2026-09-07,
OP01-120_p7,Shanks (OP01-120) (Reprint),PRB-01,Premium Booster -The Best-,SEC,Red,Character,9,10000,,0,Slash,The Four Emperors Red-Haired Pirates,[Rush] (This card can attack on the turn in which it is played.)[When Attacking] Your opponent cannot activate a [Blocker] Character that has 2000 or less power during this battle.Disclaimer: This card was reprinted from the original set with changes to the artist credit (note the lack of pen symbol next to the artist name).,Yes,https://optcgapi.com/media/static/Card_Images/OP01-120_p7.jpg,,2.37,1.50,2026-09-07,
OP03-123_r1,Charlotte Katakuri (Reprint),PRB-01,Premium Booster -The Best-,SEC,Yellow,Character,8,8000,,0,Strike,Big Mom Pirates,[On Play] Add up to 1 Character with a cost of 8 or less to the top or bottom of the owner's Life cards face-up.Disclaimer: This card was reprinted from the original set with changes to the artist credit (note the lack of pen symbol next to the artist name).,Yes,https://optcgapi.com/media/static/Card_Images/OP03-123_r1.jpg,,2.78,2.34,2026-09-07,
OP04-044_r1,Kaido (OP04-044) (Reprint),PRB-01,Premium Booster -The Best-,SR,Blue,Character,10,12000,,0,Strike,Animal Kingdom Pirates The Four Emperors,[On Play] Return up to 1 Character with a cost of 8 or less and up to 1 Character with a cost of 3 or less to the owner's hand.Disclaimer: This card was reprinted from the original set with changes to the artist credit (note the lack of pen symbol next to the artist name).,Yes,https://optcgapi.com/media/static/Card_Images/OP04-044_r1.jpg,,0.40,0.25,2026-09-07,
OP04-104_r1,Sanji (Reprint),PRB-01,Premium Booster -The Best-,SR,Yellow,Character,3,5000,,1000,Ranged,The Vinsmoke Family,"[Blocker] (After your opponent declares an attack, you may rest this card to make it the new target of the attack.)[Trigger] You may trash 1 card from your hand: Play this card.Disclaimer: This card was reprinted from the original set with changes to the artist credit (note the lack of pen symbol next to the artist name).",Yes,https://optcgapi.com/media/static/Card_Images/OP04-104_r1.jpg,,0.48,0.25,2026-09-07,
OP05-007_r1,Sabo (OP05-007) (Reprint),PRB-01,Premium Booster -The Best-,SR,Red,Character,6,7000,,0,Special,Revolutionary Army,[On Play] K.O. up to 2 of your opponent's Characters with a total power of 4000 or less.Disclaimer: This card was reprinted from the original set with changes to the artist credit (note the lack of pen symbol next to the artist name).,Yes,https://optcgapi.com/media/static/Card_Images/OP05-007_r1.jpg,,0.33,0.15,2026-09-07,
OP05-118_r1,Kaido (OP05-118) (Reprint),PRB-01,Premium Booster -The Best-,SEC,Blue,Character,10,12000,,0,Special,Animal Kingdom Pirates The Four Emperors,[On Play] Draw 4 cards if your opponent has 3 or less Life cards.Disclaimer: This card was reprinted from the original set with changes to the artist credit (note the lack of pen symbol next to the artist name).,Yes,https://optcgapi.com/media/static/Card_Images/OP05-118_r1.jpg,,1.45,0.75,2026-09-07,
OP06-023_p2,Arlong (Jolly Roger Foil),PRB-01,Premium Booster -The Best-,R,Green,Character,4,6000,,0,Slash,Fish-Man Arlong Pirates East Blue,[On Play] You may trash 1 card from your hand: Up to 1 of your opponent's rested Leader cannot attack until the end of your opponent's next turn.[Trigger] Rest up to 1 of your opponent's Characters with a cost of 4 or less.,Yes,https://optcgapi.com/media/static/Card_Images/OP06-023_p2.jpg,,0.26,0.07,2026-09-07,
OP05-074_r1,"Eustass""Captain""Kid (Reprint)",PRB-01,Premium Booster -The Best-,SR,Purple,Character,5,6000,,1000,Special,Kid Pirates,"[Blocker][Your Turn][Once Per Turn] When a DON!! card on your field is returned to your DON!! deck, add up to 1 DON!! card from your DON!! deck and set it as active.Disclaimer: This card was reprinted from the original set with changes to the artist credit (note the lack of pen symbol next to the artist name).",Yes,https://optcgapi.com/media/static/Card_Images/OP05-074_r1.jpg,,0.72,0.40,2026-09-07,
OP01-041_p7,Kouzuki Momonosuke (Jolly Roger Foil),PRB-01,Premium Booster -The Best-,R,Green,Character,1,0,,0,Slash,Land of Wano Kouzuki Clan,"[Activate:Main] (1) (You may rest the specified number of DON!! cards in your cost area) You may rest this Character: Look at 5 cards from the top of your deck; reveal up to 1 ""Land of Wano"" type card and add it to your hand. Then, place the rest at the bottom of your deck in any order.This card has been officially errata'd.",Yes,https://optcgapi.com/media/static/Card_Images/OP01-041_p7.jpg,,0.25,0.09,2026-09-07,
OP05-015_r1,Belo Betty (OP05-015) (Reprint),PRB-01,Premium Booster -The Best-,R,Red,Character,1,2000,,1000,Special,Revolutionary Army,"[On Play] Look at 5 cards from the top of your deck; reveal up to 1 [Revolutionary Army] type card other than [Belo Betty] and add it to your hand. Then, place the rest at the bottom of your deck in any order.Disclaimer: This card was reprinted from the original set with changes to the artist credit (note the lack of pen symbol next to the artist name).",Yes,https://optcgapi.com/media/static/Card_Images/OP05-015_r1.jpg,,0.81,0.45,2026-09-07,
PRB-01-OP04-056_p2,Gum-Gum Red Roc (Alternate Art),PRB-01,Premium Booster -The Best-,R,Blue,Event,6,,,,,Straw Hat Crew,[Main] Place up to 1 Character at the bottom of the owner's deck.[Trigger] Place up to 1 Character with a cost of 4 or less at the bottom of the owner's deck.,Yes,https://optcgapi.com/media/static/Card_Images/OP04-056_p2.jpg,,46.26,38.99,2026-09-07,
OP04-100_p3,"Capone""Gang""Bege (OP04-100) (Jolly Roger Foil)",PRB-01,Premium Booster -The Best-,R,Yellow,Character,3,3000,,2000,Ranged,Firetank Pirates,[Trigger] Up to 1 of your opponent's Leader or Character cards cannot attack during this turn.,Yes,https://optcgapi.com/media/static/Card_Images/OP04-100_p3.jpg,,0.32,0.10,2026-09-07,
OP03-089_r2,Brannew (Reprint),PRB-01,Premium Booster -The Best-,R,Black,Character,2,3000,,1000,Wisdom,Navy,"[On Play] Look at 3 cards from the top of your deck; reveal up to 1 [Navy] type card other than [Brannew] and add it to your hand. Then, trash the rest.Disclaimer: This card was reprinted from the original set with changes to the artist credit (note the lack of pen symbol next to the artist name).",Yes,https://optcgapi.com/media/static/Card_Images/OP03-089_r2.jpg,,0.12,0.06,2026-09-07,
OP05-082_p4,Shirahoshi (OP05-082) (Alternate Art),PRB-01,Premium Booster -The Best-,R,Black,Character,1,0,,2000,Wisdom,Merfolk,"[Activate:Main] You may rest this Character and place 2 cards from your trash at the bottom of your deck in any order: If your opponent has 6 or more cards in their hand, your opponent trashes 1 card from their hand.",Yes,https://optcgapi.com/media/static/Card_Images/OP05-082_p4.jpg,,81.30,35.00,2026-09-07,
OP03-003_p4,Izo (OP03-003) (Jolly Roger Foil),PRB-01,Premium Booster -The Best-,R,Red,Character,1,2000,,1000,Ranged,Land of Wano Whitebeard Pirates,"[On Play] Look at 5 cards from the top of your deck; reveal up to 1 card with a type including ""Whitebeard Pirates"" other than [Izo] and add it to your hand. Then, place the rest at the bottom of your deck in any order.",Yes,https://optcgapi.com/media/static/Card_Images/OP03-003_p4.jpg,,0.26,0.10,2026-09-07,
OP05-015_p4,Belo Betty (Full Art),PRB-01,Premium Booster -The Best-,R,Red,Character,1,2000,,1000,Special,Revolutionary Army,"[On Play] Look at 5 cards from the top of your deck; reveal up to 1 [Revolutionary Army] type card other than [Belo Betty] and add it to your hand. Then, place the rest at the bottom of your deck in any order.",Yes,https://optcgapi.com/media/static/Card_Images/OP05-015_p4.jpg,,9.26,7.00,2026-09-07,
OP05-082_p3,Shirahoshi (OP05-082) (Full Art),PRB-01,Premium Booster -The Best-,R,Black,Character,1,0,,2000,Wisdom,Merfolk,"[Activate:Main] You may rest this Character and place 2 cards from your trash at the bottom of your deck in any order: If your opponent has 6 or more cards in their hand, your opponent trashes 1 card from their hand.",Yes,https://optcgapi.com/media/static/Card_Images/OP05-082_p3.jpg,,29.65,23.00,2026-09-07,
OP01-047_p4,Trafalgar Law (OP01-047) (Alternate Art),PRB-01,Premium Booster -The Best-,SR,Green,Character,5,6000,,0,Slash,Heart Pirates Supernovas,"[Blocker] (After your opponent declares an attack, you may rest this card to make it the new target of the attack.)[On Play] You may return 1 of your Characters to the owner's hand: Play up to 1 Character card with a cost of 3 or less from your hand.",Yes,https://optcgapi.com/media/static/Card_Images/OP01-047_p4.jpg,,18.93,6.06,2026-09-07,
OP05-057_p2,Hound Blaze (Jolly Roger Foil),PRB-01,Premium Booster -The Best-,R,Blue,Event,2,,,,,Navy,"[Main] Up to 1 of your Leader or Character cards gains +3000 power during this turn. Then, place up to 1 Character with a cost of 2 or less at the bottom of the owner's deck.[Trigger] Return up to 1 Character with a cost of 3 or less to the owner's hand.",Yes,https://optcgapi.com/media/static/Card_Images/OP05-057_p2.jpg,,0.36,0.09,2026-09-07,
OP02-004_p4,Edward.Newgate (OP02-004) (Alternate Art),PRB-01,Premium Booster -The Best-,SR,Red,Character,9,10000,,0,Special,The Four Emperors Whitebeard Pirates,"[On Play] Up to 1 of your Leader gains +2000 power until the start of your next turn. Then, you cannot add Life cards to your hand using your own effects during this turn.[DON!! x2] [When Attacking] K.O. up to 1 of your opponent's Characters with 3000 power or less.",Yes,https://optcgapi.com/media/static/Card_Images/OP02-004_p4.jpg,,7.93,4.00,2026-09-07,
OP06-036_p4,Ryuma (Alternate Art),PRB-01,Premium Booster -The Best-,R,Green,Character,4,6000,,0,Slash,Land of Wano Thriller Bark Pirates,[On Play] / [On K.O.] K.O. up to 1 of your opponent's rested Characters with a cost of 4 or less.,Yes,https://optcgapi.com/media/static/Card_Images/OP06-036_p4.jpg,,22.38,11.00,2026-09-07,
OP01-078_p4,Boa Hancock (OP01-078) (Alternate Art),PRB-01,Premium Booster -The Best-,SR,Blue,Character,4,5000,,1000,Special,Kuja Pirates The Seven Warlords of the Sea,"[Blocker] (After your opponent declares an attack, you may rest this card to make it the new target of the attack.)[DON!! x1] [When Attacking]/[On Block] Draw 1 card if you have 5 or less cards in your hand.",Yes,https://optcgapi.com/media/static/Card_Images/OP01-078_p4.jpg,,57.90,21.82,2026-09-07,
OP03-089_p4,Brannew (Jolly Roger Foil),PRB-01,Premium Booster -The Best-,R,Black,Character,2,3000,,1000,Wisdom,Navy,"[On Play] Look at 3 cards from the top of your deck; reveal up to 1 [Navy] type card other than [Brannew] and add it to your hand. Then, trash the rest.",Yes,https://optcgapi.com/media/static/Card_Images/OP03-089_p4.jpg,,0.25,0.14,2026-09-07,
OP04-089_r1,Bartolomeo (OP04-089) (Reprint),PRB-01,Premium Booster -The Best-,R,Black,Character,3,3000,,2000,Special,Dressrosa Barto Club,"[Blocker] (After your opponent declares an attack, you may rest this card to make it the new target of the attack.)Disclaimer: This card was reprinted from the original set with changes to the artist credit (note the lack of pen symbol next to the artist name).",Yes,https://optcgapi.com/media/static/Card_Images/OP04-089_r1_TNYzQKN.jpg,,0.15,0.07,2026-09-07,
OP05-034_p5,Baby 5 (OP05-034) (Alternate Art),PRB-01,Premium Booster -The Best-,R,Green,Character,1,1000,,1000,Special,Donquixote Pirates,"[Activate:Main] (1) (You may rest the specified number of DON!! cards in your cost area.) You may rest this Character: Look at 5 cards from the top of your deck; reveal up to 1 [Donquixote Pirates] type card and add it to your hand. Then, place the rest at the bottom of your deck in any order.",Yes,https://optcgapi.com/media/static/Card_Images/OP05-034_p5.jpg,,11.78,6.00,2026-09-07,
OP04-100_p5,"Capone""Gang""Bege (OP04-100) (Alternate Art)",PRB-01,Premium Booster -The Best-,R,Yellow,Character,3,3000,,2000,Ranged,Firetank Pirates,[Trigger] Up to 1 of your opponent's Leader or Character cards cannot attack during this turn.,Yes,https://optcgapi.com/media/static/Card_Images/OP04-100_p5.jpg,,2.63,2.49,2026-09-07,
PRB01-001_p1,Sanji (PRB01-001) (Alternate Art),PRB-01,Premium Booster -The Best-,L,Red,Leader,,5000,5,,Strike,Straw Hat Crew,[Activate:Main] [Once Per Turn] Up to 1 of your Characters without an [On Play] effect and with a cost of 8 or less gains [Rush] during this turn.(This card can attack on the turn in which it is played.),Yes,https://optcgapi.com/media/static/Card_Images/PRB01-001_p1.jpg,,108.54,35.00,2026-09-07,
OP03-113_p3,Charlotte Perospero (Alternate Art),PRB-01,Premium Booster -The Best-,SR,Yellow,Character,3,5000,,0,Special,Big Mom Pirates,"[On K.O.] Look at 3 cards from the top of your deck; reveal up to 1 [Big Mom Pirates] type card and add it to your hand. Then, place the rest at the bottom of your deck in any order.[Trigger] You may trash 1 card from your hand: Play this card.",Yes,https://optcgapi.com/media/static/Card_Images/OP03-113_p3.jpg,,3.54,3.20,2026-09-07,
OP05-105_p2,Satori (Jolly Roger Foil),PRB-01,Premium Booster -The Best-,R,Yellow,Character,5,5000,,2000,Strike,Sky Island Vassals,[Trigger] You may trash 1 card from your hand: Play this card.,Yes,https://optcgapi.com/media/static/Card_Images/OP05-105_p2.jpg,,0.38,0.11,2026-09-07,
OP01-051_p4,"Eustass""Captain""Kid (OP01-051) (Alternate Art)",PRB-01,Premium Booster -The Best-,SR,Green,Character,8,8000,,0,Special,Kid Pirates Supernovas,"[DON!! x1] [Opponent's Turn] If this Character is rested, your opponent cannot attack any card other than the Character [Eustass""Captain""Kid].[Activate:Main] [Once Per Turn] You may rest this Character: Play up to 1 Character card with a cost of 3 or less from your hand.This card has been officially errata'd.",Yes,https://optcgapi.com/media/static/Card_Images/OP01-051_p4.jpg,,6.66,5.35,2026-09-07,
OP05-115_p2,Two-Hundred Million Volts Amaru (Jolly Roger Foil),PRB-01,Premium Booster -The Best-,R,Yellow,Event,2,,,,,Sky Island,"[Main] Up to 1 of your Leader or Character cards gains +3000 power during this turn. Then, if you have 1 or less Life cards, rest up to 1 of your opponent's Characters with a cost of 4 or less.[Trigger] You may trash 2 cards from your hand: Add up to 1 card from the top of your deck to the top of your Life cards.",Yes,https://optcgapi.com/media/static/Card_Images/OP05-115_p2.jpg,,0.25,0.14,2026-09-07,
OP05-118_p3,Kaido (OP05-118) (Alternate Art),PRB-01,Premium Booster -The Best-,SEC,Blue,Character,10,12000,,0,Special,Animal Kingdom Pirates The Four Emperors,[On Play] Draw 4 cards if your opponent has 3 or less Life cards.,Yes,https://optcgapi.com/media/static/Card_Images/OP05-118_p3.jpg,,40.43,19.99,2026-09-07,
OP06-036_p3,Ryuma (Full Art),PRB-01,Premium Booster -The Best-,R,Green,Character,4,6000,,0,Slash,Land of Wano Thriller Bark Pirates,[On Play] / [On K.O.] K.O. up to 1 of your opponent's rested Characters with a cost of 4 or less.,Yes,https://optcgapi.com/media/static/Card_Images/OP06-036_p3.jpg,,7.60,7.50,2026-09-07,
OP04-056_p3,Gum-Gum Red Roc (Textured Foil),PRB-01,Premium Booster -The Best-,R,Blue,Event,6,,,,,Straw Hat Crew,[Main] Place up to 1 Character at the bottom of the owner's deck.[Trigger] Place up to 1 Character with a cost of 4 or less at the bottom of the owner's deck.,Yes,https://optcgapi.com/media/static/Card_Images/OP04-056_p3.jpg,,3.72,0.96,2026-09-07,
OP01-120_p5,Shanks (OP01-120) (Alternate Art),PRB-01,Premium Booster -The Best-,SEC,Red,Character,9,10000,,0,Slash,The Four Emperors Red-Haired Pirates,[Rush] (This card can attack on the turn in which it is played.)[When Attacking] Your opponent cannot activate a [Blocker] Character that has 2000 or less power during this battle.,Yes,https://optcgapi.com/media/static/Card_Images/OP01-120_p5.jpg,,29.49,13.99,2026-09-07,
OP05-105_r1,Satori (Reprint),PRB-01,Premium Booster -The Best-,R,Yellow,Character,5,5000,,2000,Strike,Sky Island Vassals,[Trigger] You may trash 1 card from your hand: Play this card.Disclaimer: This card was reprinted from the original set with changes to the artist credit (note the lack of pen symbol next to the artist name).,Yes,https://optcgapi.com/media/static/Card_Images/OP05-105_r1.jpg,,0.25,0.10,2026-09-07,
OP02-089_p4,Judgment of Hell (Alternate Art),PRB-01,Premium Booster -The Best-,R,Purple,Event,2,,,,,Impel Down,"[Counter] DON!! -1 (You may return the specified number of DON!! cards from your field to your DON!! deck.): Give up to a total of 2 of your opponent's Leader or Character cards -3000 power during this turn.[Trigger] If your opponent has 6 or more DON!! cards on their field, your opponent returns 1 DON!! card from their field to their DON!! deck.",Yes,https://optcgapi.com/media/static/Card_Images/OP02-089_p4.jpg,,5.20,3.49,2026-09-07,
OP04-031_p3,Donquixote Doflamingo (Alternate Art),PRB-01,Premium Booster -The Best-,SR,Green,Character,10,10000,,0,Special,Donquixote Pirates The Seven Warlords of the Sea,[On Play] Up to a total of 3 of your opponent's rested Leader and Character cards will not become active in your opponent's next Refresh Phase.,Yes,https://optcgapi.com/media/static/Card_Images/OP04-031_p3.jpg,,19.06,16.00,2026-09-07,
OP01-121_p4,Yamato (OP01-121) (Alternate Art),PRB-01,Premium Booster -The Best-,SEC,Green,Character,5,5000,,1000,Strike,Land of Wano,"Also treat this card's name as [Kouzuki Oden] according to the rules.[Double Attack] (This card deals 2 damage.)[Banish] (When this card deals damage, the target card is trashed without activating its Trigger.)",Yes,https://optcgapi.com/media/static/Card_Images/OP01-121_p4.jpg,,42.22,28.00,2026-09-07,
OP01-024_p3,Monkey.D.Luffy (OP01-024) (Alternate Art),PRB-01,Premium Booster -The Best-,SR,Red,Character,2,3000,,1000,Strike,Straw Hat Crew Supernovas,"[DON!! x2] This Character cannot be K.O.'d in battle by ""Strike"" attribute Characters.[Activate:Main] [Once Per Turn] Give this Character up to 2 rested DON!! cards.",Yes,https://optcgapi.com/media/static/Card_Images/OP01-024_p3.jpg,,73.23,49.99,2026-09-07,
OP06-023_p3,Arlong (Full Art),PRB-01,Premium Booster -The Best-,R,Green,Character,4,6000,,0,Slash,Fish-Man Arlong Pirates East Blue,[On Play] You may trash 1 card from your hand: Up to 1 of your opponent's rested Leader cannot attack until the end of your opponent's next turn.[Trigger] Rest up to 1 of your opponent's Characters with a cost of 4 or less.,Yes,https://optcgapi.com/media/static/Card_Images/OP06-023_p3.jpg,,2.23,1.97,2026-09-07,
OP03-110_p4,Charlotte Smoothie (Full Art),PRB-01,Premium Booster -The Best-,R,Yellow,Character,4,5000,,1000,Special,Big Mom Pirates,[When Attacking] You may add 1 card from the top or bottom of your Life cards to your hand: This Character gains +2000 power during this battle.,Yes,https://optcgapi.com/media/static/Card_Images/OP03-110_p4.jpg,,4.84,3.68,2026-09-07,
OP05-034_p3,Baby 5 (OP05-034) (Jolly Roger Foil),PRB-01,Premium Booster -The Best-,R,Green,Character,1,1000,,1000,Special,Donquixote Pirates,"[Activate:Main] (1) (You may rest the specified number of DON!! cards in your cost area.) You may rest this Character: Look at 5 cards from the top of your deck; reveal up to 1 [Donquixote Pirates] type card and add it to your hand. Then, place the rest at the bottom of your deck in any order.",Yes,https://optcgapi.com/media/static/Card_Images/OP05-034_p3.jpg,,0.24,0.13,2026-09-07,
OP05-115_p4,Two-Hundred Million Volts Amaru (Alternate Art),PRB-01,Premium Booster -The Best-,R,Yellow,Event,2,,,,,Sky Island,"[Main] Up to 1 of your Leader or Character cards gains +3000 power during this turn. Then, if you have 1 or less Life cards, rest up to 1 of your opponent's Characters with a cost of 4 or less.[Trigger] You may trash 2 cards from your hand: Add up to 1 card from the top of your deck to the top of your Life cards.",Yes,https://optcgapi.com/media/static/Card_Images/OP05-115_p4.jpg,,13.88,8.69,2026-09-07,
OP05-119_p4,Monkey.D.Luffy (OP05-119) (Alternate Art),PRB-01,Premium Booster -The Best-,SEC,Purple,Character,10,12000,,0,Strike,Straw Hat Crew The Four Emperors,"[On Play] DON!! -10: Place all of your Characters except this Character at the bottom of your deck in any order. Then, take an extra turn after this one.[Activate:Main][Once Per Turn] (1): Add up to 1 DON!! card from your DON!! deck and set it as active.",Yes,https://optcgapi.com/media/static/Card_Images/OP05-119_p4.jpg,,215.13,84.00,2026-09-07,
OP01-070_p4,Dracule Mihawk (OP01-070) (Alternate Art),PRB-01,Premium Booster -The Best-,SR,Blue,Character,9,9000,,0,Slash,The Seven Warlords of the Sea,[On Play] Place up to 1 Character with a cost of 7 or less at the bottom of the owner's deck.,Yes,https://optcgapi.com/media/static/Card_Images/OP01-070_p4.jpg,,14.16,10.00,2026-09-07,
OP02-018_p6,Marco (Alternate Art),PRB-01,Premium Booster -The Best-,R,Red,Character,4,5000,,1000,Special,Whitebeard Pirates,"[Blocker] (After your opponent declares an attack, you may rest this card to make it the new target of the attack.)[On K.O.] You may trash 1 card with a type including ""Whitebeard Pirates"" from your hand: If you have 2 or less Life cards, play this Character card from your trash rested.",Yes,https://optcgapi.com/media/static/Card_Images/OP02-018_p6.jpg,,4.76,5.50,2026-09-07,
OP06-036_p2,Ryuma (Jolly Roger Foil),PRB-01,Premium Booster -The Best-,R,Green,Character,4,6000,,0,Slash,Land of Wano Thriller Bark Pirates,[On Play] / [On K.O.] K.O. up to 1 of your opponent's rested Characters with a cost of 4 or less.,Yes,https://optcgapi.com/media/static/Card_Images/OP06-036_p2.jpg,,0.25,0.05,2026-09-07,
OP03-108_p3,Charlotte Cracker (Alternate Art),PRB-01,Premium Booster -The Best-,SR,Yellow,Character,4,5000,,1000,Slash,Big Mom Pirates,"[DON!! x1] If you have less Life cards than your opponent, this Character gains [Double Attack] and +1000 power. (This card deals 2 damage.)[Trigger] You may trash 1 card from your hand: Play this card.",Yes,https://optcgapi.com/media/static/Card_Images/OP03-108_p3.jpg,,3.41,3.20,2026-09-07,
OP05-034_r1,Baby 5 (OP05-034) (Reprint),PRB-01,Premium Booster -The Best-,R,Green,Character,1,1000,,1000,Special,Donquixote Pirates,"[Activate:Main] (1) (You may rest the specified number of DON!! cards in your cost area.) You may rest this Character: Look at 5 cards from the top of your deck; reveal up to 1 [Donquixote Pirates] type card and add it to your hand. Then, place the rest at the bottom of your deck in any order.Disclaimer: This card was reprinted from the original set with changes to the artist credit (note the lack of pen symbol next to the artist name).",Yes,https://optcgapi.com/media/static/Card_Images/OP05-034_r1.jpg,,0.16,0.07,2026-09-07,
OP02-096_p3,Kuzan (OP02-096) (Alternate Art),PRB-01,Premium Booster -The Best-,SR,Black,Character,4,5000,,0,Special,Navy,[On Play] Draw 1 card.[When Attacking] Give up to 1 of your opponent's Characters -4 cost during this turn.,Yes,https://optcgapi.com/media/static/Card_Images/OP02-096_p3.jpg,,5.93,4.95,2026-09-07,
OP03-003_r2,Izo (OP03-003) (Reprint),PRB-01,Premium Booster -The Best-,R,Red,Character,1,2000,,1000,Ranged,Land of Wano Whitebeard Pirates,"[On Play] Look at 5 cards from the top of your deck; reveal up to 1 card with a type including ""Whitebeard Pirates"" other than [Izo] and add it to your hand. Then, place the rest at the bottom of your deck in any order.Disclaimer: This card was reprinted from the original set with changes to the artist credit (note the lack of pen symbol next to the artist name).",Yes,https://optcgapi.com/media/static/Card_Images/OP03-003_r2.jpg,,0.13,0.03,2026-09-07,
OP03-057_p4,Three Thousand Worlds (Alternate Art),PRB-01,Premium Booster -The Best-,R,Blue,Event,4,,,,,Straw Hat Crew East Blue,[Main] Place up to 1 Character with a cost of 5 or less at the bottom of the owner's deck.[Trigger] Place up to 1 Character with a cost of 3 or less at the bottom of the owner's deck.,Yes,https://optcgapi.com/media/static/Card_Images/OP03-057_p4.jpg,,26.94,17.17,2026-09-07,
OP06-106_p3,Kouzuki Hiyori (Alternate Art),PRB-01,Premium Booster -The Best-,SR,Yellow,Character,2,0,,2000,Wisdom,Land of Wano Kouzuki Clan,[On Play] You may add 1 card from the top or bottom of your Life cards to your hand: Add up to 1 card from your hand to the top of your Life cards.,Yes,https://optcgapi.com/media/static/Card_Images/OP06-106_p3.jpg,,104.68,37.99,2026-09-07,
OP03-110_p5,Charlotte Smoothie (Alternate Art),PRB-01,Premium Booster -The Best-,R,Yellow,Character,4,5000,,1000,Special,Big Mom Pirates,[When Attacking] You may add 1 card from the top or bottom of your Life cards to your hand: This Character gains +2000 power during this battle.,Yes,https://optcgapi.com/media/static/Card_Images/OP03-110_p5.jpg,,6.60,5.99,2026-09-07,
OP04-089_p2,Bartolomeo (OP04-089) (Jolly Roger Foil),PRB-01,Premium Booster -The Best-,R,Black,Character,3,3000,,2000,Special,Dressrosa Barto Club,"[Blocker] (After your opponent declares an attack, you may rest this card to make it the new target of the attack.)",Yes,https://optcgapi.com/media/static/Card_Images/OP04-089_p2.jpg,,0.27,0.18,2026-09-07,
OP03-057_p2,Three Thousand Worlds (Jolly Roger Foil),PRB-01,Premium Booster -The Best-,R,Blue,Event,4,,,,,Straw Hat Crew East Blue,[Main] Place up to 1 Character with a cost of 5 or less at the bottom of the owner's deck.[Trigger] Place up to 1 Character with a cost of 3 or less at the bottom of the owner's deck.,Yes,https://optcgapi.com/media/static/Card_Images/OP03-057_p2.jpg,,0.30,0.12,2026-09-07,
OP03-089_p5,Brannew (Full Art),PRB-01,Premium Booster -The Best-,R,Black,Character,2,3000,,1000,Wisdom,Navy,"[On Play] Look at 3 cards from the top of your deck; reveal up to 1 [Navy] type card other than [Brannew] and add it to your hand. Then, trash the rest.",Yes,https://optcgapi.com/media/static/Card_Images/OP03-089_p5.jpg,,1.16,0.69,2026-09-07,
OP05-074_p5,"Eustass""Captain""Kid (OP05-074) (Alternate Art)",PRB-01,Premium Booster -The Best-,SR,Purple,Character,5,6000,,1000,Special,Kid Pirates,"[Blocker][Your Turn][Once Per Turn] When a DON!! card on your field is returned to your DON!! deck, add up to 1 DON!! card from your DON!! deck and set it as active.",Yes,https://optcgapi.com/media/static/Card_Images/OP05-074_p5.jpg,,16.19,15.95,2026-09-07,
OP05-057_p4,Hound Blaze (Alternate Art),PRB-01,Premium Booster -The Best-,R,Blue,Event,2,,,,,Navy,"[Main] Up to 1 of your Leader or Character cards gains +3000 power during this turn. Then, place up to 1 Character with a cost of 2 or less at the bottom of the owner's deck.[Trigger] Return up to 1 Character with a cost of 3 or less to the owner's hand.",Yes,https://optcgapi.com/media/static/Card_Images/OP05-057_p4.jpg,,51.49,9.47,2026-09-07,
OP04-112_p3,Yamato (OP04-112) (Alternate Art),PRB-01,Premium Booster -The Best-,SR,Yellow,Character,9,9000,,0,Strike,Land of Wano,"[On Play] K.O. up to 1 of your opponent's Characters with a cost equal to or less than the total of your and your opponent's Life cards. Then, if you have 1 or less Life cards, add up to 1 card from the top of your deck to the top of your Life cards.",Yes,https://optcgapi.com/media/static/Card_Images/OP04-112_p3.jpg,,57.74,28.00,2026-09-07,
OP03-123_p4,Charlotte Katakuri (Alternate Art),PRB-01,Premium Booster -The Best-,SEC,Yellow,Character,8,8000,,0,Strike,Big Mom Pirates,[On Play] Add up to 1 Character with a cost of 8 or less to the top or bottom of the owner's Life cards face-up.,Yes,https://optcgapi.com/media/static/Card_Images/OP03-123_p4.jpg,,54.21,28.00,2026-09-07,
OP03-003_p6,Izo (OP03-003) (Alternate Art),PRB-01,Premium Booster -The Best-,R,Red,Character,1,2000,,1000,Ranged,Land of Wano Whitebeard Pirates,"[On Play] Look at 5 cards from the top of your deck; reveal up to 1 card with a type including ""Whitebeard Pirates"" other than [Izo] and add it to your hand. Then, place the rest at the bottom of your deck in any order.",Yes,https://optcgapi.com/media/static/Card_Images/OP03-003_p6.jpg,,5.24,4.19,2026-09-07,
OP05-043_p3,Ulti (Alternate Art),PRB-01,Premium Booster -The Best-,SR,Blue,Character,4,5000,,1000,Strike,Animal Kingdom Pirates,"[On Play] If your Leader is multicolored, look at 3 cards from the top of your deck and add up to 1 card to your hand. Then, place the rest at the top or bottom of the deck in any order.",Yes,https://optcgapi.com/media/static/Card_Images/OP05-043_p3.jpg,,14.48,10.00,2026-09-07,
ST10-010_p4,Trafalgar Law (ST10-010) (Alternate Art),PRB-01,Premium Booster -The Best-,SR,Purple,Character,4,5000,,1000,Slash,Heart Pirates,"[Blocker] (After your opponent declares an attack, you may rest this card to make it the new target of the attack.)[On Play] DON!! -1 (You may return the specified number of DON!! cards from your field to your DON!! deck.): If your opponent has 7 or more cards in their hand, trash 2 cards from your opponent's hand.",Yes,https://optcgapi.com/media/static/Card_Images/ST10-010_p4.jpg,,115.15,28.99,2026-09-07,
OP02-099_p4,Sakazuki (Alternate Art),PRB-01,Premium Booster -The Best-,SR,Black,Character,6,7000,,0,Special,Navy,[On Play] You may trash 1 card from your hand: K.O. up to 1 of your opponent's Characters with a cost of 5 or less.,Yes,https://optcgapi.com/media/static/Card_Images/OP02-099_p4.jpg,,4.92,3.50,2026-09-07,
OP05-015_p5,Belo Betty (Alternate Art),PRB-01,Premium Booster -The Best-,R,Red,Character,1,2000,,1000,Special,Revolutionary Army,"[On Play] Look at 5 cards from the top of your deck; reveal up to 1 [Revolutionary Army] type card other than [Belo Betty] and add it to your hand. Then, place the rest at the bottom of your deck in any order.",Yes,https://optcgapi.com/media/static/Card_Images/OP05-015_p5.jpg,,31.53,18.50,2026-09-07,
OP03-110_p3,Charlotte Smoothie (Jolly Roger Foil),PRB-01,Premium Booster -The Best-,R,Yellow,Character,4,5000,,1000,Special,Big Mom Pirates,[When Attacking] You may add 1 card from the top or bottom of your Life cards to your hand: This Character gains +2000 power during this battle.,Yes,https://optcgapi.com/media/static/Card_Images/OP03-110_p3.jpg,,0.25,0.08,2026-09-07,
OP06-023_p4,Arlong (Alternate Art),PRB-01,Premium Booster -The Best-,R,Green,Character,4,6000,,0,Slash,Fish-Man Arlong Pirates East Blue,[On Play] You may trash 1 card from your hand: Up to 1 of your opponent's rested Leader cannot attack until the end of your opponent's next turn.[Trigger] Rest up to 1 of your opponent's Characters with a cost of 4 or less.,Yes,https://optcgapi.com/media/static/Card_Images/OP06-023_p4.jpg,,7.78,7.12,2026-09-07,
OP05-034_p4,Baby 5 (OP05-034) (Full Art),PRB-01,Premium Booster -The Best-,R,Green,Character,1,1000,,1000,Special,Donquixote Pirates,"[Activate:Main] (1) (You may rest the specified number of DON!! cards in your cost area.) You may rest this Character: Look at 5 cards from the top of your deck; reveal up to 1 [Donquixote Pirates] type card and add it to your hand. Then, place the rest at the bottom of your deck in any order.",Yes,https://optcgapi.com/media/static/Card_Images/OP05-034_p4.jpg,,3.99,2.00,2026-09-07,
OP02-018_p4,Marco (Jolly Roger Foil),PRB-01,Premium Booster -The Best-,R,Red,Character,4,5000,,1000,Special,Whitebeard Pirates,"[Blocker] (After your opponent declares an attack, you may rest this card to make it the new target of the attack.)[On K.O.] You may trash 1 card with a type including ""Whitebeard Pirates"" from your hand: If you have 2 or less Life cards, play this Character card from your trash rested.",Yes,https://optcgapi.com/media/static/Card_Images/OP02-018_p4.jpg,,0.32,0.10,2026-09-07,
OP04-100_p4,"Capone""Gang""Bege (OP04-100) (Full Art)",PRB-01,Premium Booster -The Best-,R,Yellow,Character,3,3000,,2000,Ranged,Firetank Pirates,[Trigger] Up to 1 of your opponent's Leader or Character cards cannot attack during this turn.,Yes,https://optcgapi.com/media/static/Card_Images/OP04-100_p4.jpg,,1.74,0.75,2026-09-07,
OP02-018_r2,Marco (Reprint),PRB-01,Premium Booster -The Best-,R,Red,Character,4,5000,,0,Special,Whitebeard Pirates,"[Blocker] (After your opponent declares an attack, you may rest this card to make it the new target of the attack.)[On K.O.] You may trash 1 card with a type including ""Whitebeard Pirates"" from your hand: If you have 2 or less Life cards, play this Character card from your trash rested.Disclaimer: This card was reprinted from the original set with changes to the artist credit (note the lack of pen symbol next to the artist name).",Yes,https://optcgapi.com/media/static/Card_Images/OP02-018_r2.jpg,,0.17,0.04,2026-09-07,
OP01-041_p5,Kouzuki Momonosuke (Alternate Art),PRB-01,Premium Booster -The Best-,R,Green,Character,1,0,,1000,Slash,Land of Wano Kouzuki Clan,"[Activate:Main] (1) (You may rest the specified number of DON!! cards in your cost area) You may rest this Character: Look at 5 cards from the top of your deck; reveal up to 1 ""Land of Wano"" type card and add it to your hand. Then, place the rest at the bottom of your deck in any order.",Yes,https://optcgapi.com/media/static/Card_Images/OP01-041_p5_BTppBsS.jpg,,5.35,4.00,2026-09-07,
OP02-018_p5,Marco (Full Art),PRB-01,Premium Booster -The Best-,R,Red,Character,4,5000,,1000,Special,Whitebeard Pirates,"[Blocker] (After your opponent declares an attack, you may rest this card to make it the new target of the attack.)[On K.O.] You may trash 1 card with a type including ""Whitebeard Pirates"" from your hand: If you have 2 or less Life cards, play this Character card from your trash rested.",Yes,https://optcgapi.com/media/static/Card_Images/OP02-018_p5.jpg,,8.05,5.51,2026-09-07,
OP03-089_p6,Brannew (Alternate Art),PRB-01,Premium Booster -The Best-,R,Black,Character,2,3000,,1000,Wisdom,Navy,"[On Play] Look at 3 cards from the top of your deck; reveal up to 1 [Navy] type card other than [Brannew] and add it to your hand. Then, trash the rest.",Yes,https://optcgapi.com/media/static/Card_Images/OP03-089_p6.jpg,,2.07,1.35,2026-09-07,
OP04-089_p4,Bartolomeo (OP04-089) (Alternate Art),PRB-01,Premium Booster -The Best-,R,Black,Character,3,3000,,2000,Special,Dressrosa Barto Club,"[Blocker] (After your opponent declares an attack, you may rest this card to make it the new target of the attack.)",Yes,https://optcgapi.com/media/static/Card_Images/OP04-089_p4.jpg,,8.63,7.49,2026-09-07,
OP04-089_p3,Bartolomeo (OP04-089) (Full Art),PRB-01,Premium Booster -The Best-,R,Black,Character,3,3000,,2000,Special,Dressrosa Barto Club,"[Blocker] (After your opponent declares an attack, you may rest this card to make it the new target of the attack.)",Yes,https://optcgapi.com/media/static/Card_Images/OP04-089_p3.jpg,,3.73,3.63,2026-09-07,
OP06-067_p4,Vinsmoke Yonji (OP06-067) (Alternate Art),PRB-01,Premium Booster -The Best-,R,Purple,Character,4,5000,,1000,Strike,The Vinsmoke Family GERMA 66,"If the number of DON!! cards on your field is equal to or less than the number on your opponent's field, this Character gains +1000 power.[Blocker] (After your opponent declares an attack, you may rest this card to make it the new target of the attack.)",Yes,https://optcgapi.com/media/static/Card_Images/OP06-067_p4.jpg,,5.27,4.90,2026-09-07,
OP04-044_p4,Kaido (OP04-044) (Alternate Art),PRB-01,Premium Booster -The Best-,SR,Blue,Character,10,12000,,0,Strike,Animal Kingdom Pirates The Four Emperors,[On Play] Return up to 1 Character with a cost of 8 or less and up to 1 Character with a cost of 3 or less to the owner's hand.,Yes,https://optcgapi.com/media/static/Card_Images/OP04-044_p4.jpg,,13.64,8.99,2026-09-07,
OP06-035_p3,Hody Jones (Alternate Art),PRB-01,Premium Booster -The Best-,SR,Green,Character,7,8000,,0,Strike,Fish-Man New Fish-Man Pirates,"[Rush] (This card can attack on the turn in which it is played.)[On Play] Rest up to a total of 2 of your opponent's Characters or DON!! cards. Then, add 1 card from the top of your Life cards to your hand.",Yes,https://optcgapi.com/media/static/Card_Images/OP06-035_p3.jpg,,31.59,14.50,2026-09-07,
OP06-065_p2,Vinsmoke Niji (OP06-065) (Jolly Roger Foil),PRB-01,Premium Booster -The Best-,R,Purple,Character,5,6000,,1000,Special,The Vinsmoke Family GERMA 66,"[On Play] If the number of DON!! cards on your field is equal to or less than the number on your opponent's field, choose one:• K.O. up to 1 of your opponent's Characters with a cost of 2 or less.• Return up to 1 of your opponent's Characters with a cost of 4 or less to the owner's hand.",Yes,https://optcgapi.com/media/static/Card_Images/OP06-065_p2.jpg,,0.20,0.08,2026-09-07,
OP06-067_p2,Vinsmoke Yonji (OP06-067) (Jolly Roger Foil),PRB-01,Premium Booster -The Best-,R,Purple,Character,4,5000,,1000,Strike,The Vinsmoke Family GERMA 66,"If the number of DON!! cards on your field is equal to or less than the number on your opponent's field, this Character gains +1000 power.[Blocker] (After your opponent declares an attack, you may rest this card to make it the new target of the attack.)",Yes,https://optcgapi.com/media/static/Card_Images/OP06-067_p2.jpg,,0.23,0.09,2026-09-07,
OP05-105_p4,Satori (Alternate Art),PRB-01,Premium Booster -The Best-,R,Yellow,Character,5,5000,,2000,Strike,Sky Island Vassals,[Trigger] You may trash 1 card from your hand: Play this card.,Yes,https://optcgapi.com/media/static/Card_Images/OP05-105_p4.jpg,,13.91,3.00,2026-09-07,
OP04-104_p3,Sanji (OP04-104) (Alternate Art),PRB-01,Premium Booster -The Best-,SR,Yellow,Character,3,5000,,1000,Ranged,The Vinsmoke Family,"[Blocker] (After your opponent declares an attack, you may rest this card to make it the new target of the attack.)[Trigger] You may trash 1 card from your hand: Play this card.",Yes,https://optcgapi.com/media/static/Card_Images/OP04-104_p3.jpg,,14.87,11.99,2026-09-07,
OP03-057_p3,Three Thousand Worlds (Textured Foil),PRB-01,Premium Booster -The Best-,R,Blue,Event,4,,,,,Straw Hat Crew East Blue,[Main] Place up to 1 Character with a cost of 5 or less at the bottom of the owner's deck.[Trigger] Place up to 1 Character with a cost of 3 or less at the bottom of the owner's deck.,Yes,https://optcgapi.com/media/static/Card_Images/OP03-057_p3.jpg,,2.23,2.23,2026-09-07,
OP05-007_p3,Sabo (OP05-007) (Alternate Art),PRB-01,Premium Booster -The Best-,SR,Red,Character,6,7000,,0,Special,Revolutionary Army,[On Play] K.O. up to 2 of your opponent's Characters with a total power of 4000 or less.,Yes,https://optcgapi.com/media/static/Card_Images/OP05-007_p3.jpg,,16.41,16.64,2026-09-07,
OP06-069_p4,Vinsmoke Reiju (OP06-069) (Alternate Art),PRB-01,Premium Booster -The Best-,SR,Purple,Character,4,5000,,1000,Special,The Vinsmoke Family GERMA 66,"[On Play] If the number of DON!! cards on your field is equal to or less than the number on your opponent's field and you have 5 or less cards in your hand, draw 2 cards.",Yes,https://optcgapi.com/media/static/Card_Images/OP06-069_p4.jpg,,41.16,22.00,2026-09-07,
OP02-114_p3,Borsalino (Alternate Art),PRB-01,Premium Booster -The Best-,SR,Black,Character,4,5000,,1000,Special,Navy,"[Opponent's Turn] This Character gains +1000 power and cannot be K.O.'d by effects.[Blocker] (After your opponent declares an attack, you may rest this card to make it the new target of the attack.)",Yes,https://optcgapi.com/media/static/Card_Images/OP02-114_p3.jpg,,4.53,4.76,2026-09-07,
OP06-086_p3,Gecko Moria (Alternate Art),PRB-01,Premium Booster -The Best-,SR,Black,Character,8,9000,,0,Special,The Seven Warlords of the Sea Thriller Bark Pirates,[On Play] Choose up to 1 Character card with a cost of 4 or less and up to 1 Character card with a cost of 2 or less from your trash. Play 1 card and play the other card rested.,Yes,https://optcgapi.com/media/static/Card_Images/OP06-086_p3.jpg,,16.46,12.00,2026-09-07,
OP02-121_p3,Kuzan (OP02-121) (Alternate Art),PRB-01,Premium Booster -The Best-,SEC,Black,Character,10,10000,,0,Special,Former Navy,[Your Turn] Give all of your opponent's Characters -5 cost.[On Play] K.O. up to 1 of your opponent's Characters with a cost of 0.,Yes,https://optcgapi.com/media/static/Card_Images/OP02-121_p3.jpg,,14.73,13.99,2026-09-07,
OP06-065_p4,Vinsmoke Niji (OP06-065) (Alternate Art),PRB-01,Premium Booster -The Best-,R,Purple,Character,5,6000,,1000,Special,The Vinsmoke Family GERMA 66,"[On Play] If the number of DON!! cards on your field is equal to or less than the number on your opponent's field, choose one:• K.O. up to 1 of your opponent's Characters with a cost of 2 or less.• Return up to 1 of your opponent's Characters with a cost of 4 or less to the owner's hand.",Yes,https://optcgapi.com/media/static/Card_Images/OP06-065_p4.jpg,,8.83,5.99,2026-09-07,
OP02-089_p3,Judgment of Hell (Textured Foil),PRB-01,Premium Booster -The Best-,R,Purple,Event,2,,,,,Impel Down,"[Counter] DON!! -1 (You may return the specified number of DON!! cards from your field to your DON!! deck.): Give up to a total of 2 of your opponent's Leader or Character cards -3000 power during this turn.[Trigger] If your opponent has 6 or more DON!! cards on their field, your opponent returns 1 DON!! card from their field to their DON!! deck.",Yes,https://optcgapi.com/media/static/Card_Images/OP02-089_p3.jpg,,4.26,3.28,2026-09-07,
OP05-074_r2,"Eustass""Captain""Kid (OP05-074) (Manga)",PRB-01,Premium Booster -The Best-,SR,Purple,Character,5,6000,,1000,Special,Kid Pirates,"[Blocker][Your Turn][Once Per Turn] When a DON!! card on your field is returned to your DON!! deck, add up to 1 DON!! card from your DON!! deck and set it as active.Disclaimer: This card was reprinted from the original set without the original textured foil.",Yes,https://optcgapi.com/media/static/Card_Images/OP05-074_r2.jpg,,770.62,790.00,2026-09-07,
ST04-003_p4,Kaido (ST04-003) (Alternate Art),PRB-01,Premium Booster -The Best-,SR,Purple,Character,9,10000,,0,Strike,Animal Kingdom Pirates The Four Emperors,[On Play] DON!! -5 (You may return the specified number of DON!! cards from your field to your DON!! deck.): K.O. up to 1 of your opponent's Characters with a cost of 6 or less.This Character gains [Rush] during this turn.(This card can attack on the turn in which it is played.),Yes,https://optcgapi.com/media/static/Card_Images/ST04-003_p4.jpg,,8.85,7.00,2026-09-07,
OP05-115_p3,Two-Hundred Million Volts Amaru (Textured Foil),PRB-01,Premium Booster -The Best-,R,Yellow,Event,2,,,,,Sky Island,"[Main] Up to 1 of your Leader or Character cards gains +3000 power during this turn. Then, if you have 1 or less Life cards, rest up to 1 of your opponent's Characters with a cost of 4 or less.[Trigger] You may trash 2 cards from your hand: Add up to 1 card from the top of your deck to the top of your Life cards.",Yes,https://optcgapi.com/media/static/Card_Images/OP05-115_p3.jpg,,1.55,1.29,2026-09-07,
OP06-065_p3,Vinsmoke Niji (OP06-065) (Full Art),PRB-01,Premium Booster -The Best-,R,Purple,Character,5,6000,,1000,Special,The Vinsmoke Family GERMA 66,"[On Play] If the number of DON!! cards on your field is equal to or less than the number on your opponent's field, choose one:• K.O. up to 1 of your opponent's Characters with a cost of 2 or less.• Return up to 1 of your opponent's Characters with a cost of 4 or less to the owner's hand.",Yes,https://optcgapi.com/media/static/Card_Images/OP06-065_p3.jpg,,4.20,3.75,2026-09-07,
PRB-01-OP01-041_p5,Kouzuki Momonosuke (Full Art),PRB-01,Premium Booster -The Best-,R,Green,Character,1,0,,0,Slash,Land of Wano Kouzuki Clan,"[Activate:Main] (1) (You may rest the specified number of DON!! cards in your cost area) You may rest this Character: Look at 5 cards from the top of your deck; reveal up to 1 ""Land of Wano"" type card and add it to your hand. Then, place the rest at the bottom of your deck in any order.This card has been officially errata'd.",Yes,https://optcgapi.com/media/static/Card_Images/OP01-041_p5.jpg,,1.03,0.99,2026-09-07,
OP05-057_p3,Hound Blaze (Textured Foil),PRB-01,Premium Booster -The Best-,R,Blue,Event,2,,,,,Navy,"[Main] Up to 1 of your Leader or Character cards gains +3000 power during this turn. Then, place up to 1 Character with a cost of 2 or less at the bottom of the owner's deck.[Trigger] Return up to 1 Character with a cost of 3 or less to the owner's hand.",Yes,https://optcgapi.com/media/static/Card_Images/OP05-057_p3.jpg,,6.32,2.99,2026-09-07,
OP05-069_r1,Trafalgar Law (OP05-069) (Manga),PRB-01,Premium Booster -The Best-,SR,Purple,Character,3,5000,,0,Slash,Heart Pirates,"[When Attacking] If your opponent has more DON!! cards on their field than you, look at 5 cards from the top of your deck; reveal up to 1 [Heart Pirates] type card and add it to your hand. Then, place the rest at the bottom of your deck in any order.Disclaimer: This card was reprinted from the original set without the original textured foil.",Yes,https://optcgapi.com/media/static/Card_Images/OP05-069_r1.jpg,,1000.00,1000.00,2026-09-07,
OP05-006_p3,Koala (Alternate Art),PRB-01,Premium Booster -The Best-,SR,Red,Character,2,3000,,2000,Strike,Revolutionary Army,"[On Play] If your Leader has the [Revolutionary Army] type, give up to 1 of your opponent's Characters -3000 power during this turn.",Yes,https://optcgapi.com/media/static/Card_Images/OP05-006_p3.jpg,,25.02,14.00,2026-09-07,
OP04-083_r1,Sabo (OP04-083) (Manga),PRB-01,Premium Booster -The Best-,SR,Black,Character,5,6000,,1000,Special,Revolutionary Army Dressrosa,"[Blocker] (After your opponent declares an attack, you may rest this card to make it the new target of the attack.)[On Play] None of your Characters can be K.O.'d by effects until the start of your next turn. Then, draw 2 cards and trash 2 cards from your hand.Disclaimer: This card was reprinted from the original set without the original textured foil.",Yes,https://optcgapi.com/media/static/Card_Images/OP04-083_r1.jpg,,650.99,819.98,2026-09-07,
OP05-105_p3,Satori (Full Art),PRB-01,Premium Booster -The Best-,R,Yellow,Character,5,5000,,2000,Strike,Sky Island Vassals,[Trigger] You may trash 1 card from your hand: Play this card.,Yes,https://optcgapi.com/media/static/Card_Images/OP05-105_p3.jpg,,6.21,1.50,2026-09-07,
OP03-003_p5,Izo (OP03-003) (Full Art),PRB-01,Premium Booster -The Best-,R,Red,Character,1,2000,,1000,Ranged,Land of Wano Whitebeard Pirates,"[On Play] Look at 5 cards from the top of your deck; reveal up to 1 card with a type including ""Whitebeard Pirates"" other than [Izo] and add it to your hand. Then, place the rest at the bottom of your deck in any order.",Yes,https://optcgapi.com/media/static/Card_Images/OP03-003_p5.jpg,,3.15,3.00,2026-09-07,
OP06-067_p3,Vinsmoke Yonji (OP06-067) (Full Art),PRB-01,Premium Booster -The Best-,R,Purple,Character,4,5000,,1000,Strike,The Vinsmoke Family GERMA 66,"If the number of DON!! cards on your field is equal to or less than the number on your opponent's field, this Character gains +1000 power.[Blocker] (After your opponent declares an attack, you may rest this card to make it the new target of the attack.)",Yes,https://optcgapi.com/media/static/Card_Images/OP06-067_p3.jpg,,2.64,2.54,2026-09-07,
OP03-110_r2,Charlotte Smoothie (Reprint),PRB-01,Premium Booster -The Best-,R,Yellow,Character,4,5000,,1000,Special,Big Mom Pirates,[When Attacking] You may add 1 card from the top or bottom of your Life cards to your hand: This Character gains +2000 power during this battle.Disclaimer: This card was reprinted from the original set with changes to the artist credit (note the lack of pen symbol next to the artist name).,Yes,https://optcgapi.com/media/static/Card_Images/OP03-110_r2.jpg,,0.17,0.08,2026-09-07,
OP01-016_p8,Nami (OP01-016) (Manga),PRB-01,Premium Booster -The Best-,R,Red,Character,1,2000,,2000,Special,Straw Hat Crew,"[On Play] Look at 5 cards from the top of your deck; reveal up to 1 ""Straw Hat Crew"" type Character card other than [Nami] and add it to your hand. Then, place the rest at the bottom of your deck in any order.",Yes,https://optcgapi.com/media/static/Card_Images/OP01-016_p8.jpg,,2017.24,630.00,2026-09-07,
OP03-122_r1,Sogeking (Manga),PRB-01,Premium Booster -The Best-,SEC,Blue,Character,7,6000,,1000,Ranged,Sniper Island,"Also treat this card's name as [Usopp] according to the rules.[On Play] Return up to 1 Character with a cost of 6 or less to the owner's hand. Then, draw 2 cards and trash 2 cards from your hand.Disclaimer: This card was reprinted from the original set without the original textured foil.",Yes,https://optcgapi.com/media/static/Card_Images/OP03-122_r1.jpg,,584.41,680.00,2026-09-07,
OP01-120_r2,Shanks (Manga),PRB-01,Premium Booster -The Best-,SEC,Red,Character,9,10000,,0,Slash,The Four Emperors Red-Haired Pirates,[Rush] (This card can attack on the turn in which it is played.)[When Attacking] Your opponent cannot activate a [Blocker] Character that has 2000 or less power during this battle.Disclaimer: This card was reprinted from the original set without the original textured foil.,Yes,https://optcgapi.com/media/static/Card_Images/OP01-120_r2.jpg,,1250.00,1800.00,2026-09-07,
OP05-119_r2,Monkey.D.Luffy (OP05-119) (Manga),PRB-01,Premium Booster -The Best-,SEC,Purple,Character,10,12000,,0,Strike,Straw Hat Crew The Four Emperors,"[On Play] DON!! -10: Place all of your Characters except this Character at the bottom of your deck in any order. Then, take an extra turn after this one.[Activate:Main][Once Per Turn] (1): Add up to 1 DON!! card from your DON!! deck and set it as active.Disclaimer: This card was reprinted from the original set without the original textured foil.",Yes,https://optcgapi.com/media/static/Card_Images/OP05-119_r2.jpg,,4250.00,7499.98,2026-09-07,
OP02-013_r1,Portgas.D.Ace (Manga),PRB-01,Premium Booster -The Best-,SR,Red,Character,7,7000,,0,Special,Whitebeard Pirates,"[On Play] Give up to 2 of your opponent's Characters -3000 power during this turn. Then, if your Leader's type includes ""Whitebeard Pirates"", this Character gains [Rush] during this turn. (This card can attack on the turn in which it is played.)Disclaimer: This card was reprinted from the original set without the original textured foil.",Yes,https://optcgapi.com/media/static/Card_Images/OP02-013_r1.jpg,,1000.00,3069.00,2026-09-07,
OP06-118_r1,Roronoa Zoro (Manga),PRB-01,Premium Booster -The Best-,SEC,Green,Character,9,9000,,0,Slash,Straw Hat Crew,[When Attacking][Once Per Turn](1)(You may rest the specified number of DON!! cards in your cost area.): Set this Character as active.[Activate:Main][Once Per Turn](2)(You may rest the specified number of DON!! cards in your cost area.): Set this Character as active.Disclaimer: This card was reprinted from the original set without the original textured foil.,Yes,https://optcgapi.com/media/static/Card_Images/OP06-118_r1.jpg,,2069.33,3000.00,2026-09-07,
OP06-106_r1,Kouzuki Hiyori,PRB-01,Premium Booster -The Best-,SR,Yellow,Character,2,0,,2000,Wisdom,Land of Wano/Kouzuki Clan,[On Play] You may add 1 card from the top or bottom of your Life cards to your hand: Add up to 1 card from your hand to the top of your Life cards.,Yes,https://optcgapi.com/media/static/Card_Images/OP06-106_r1.jpg,,2.35,2.14,2026-09-07,
OP05-115_r1,Two-Hundred Million Volts Amaru,PRB-01,Premium Booster -The Best-,R,Yellow,Event,2,,,,,Sky Island,"[Main] Up to 1 of your Leader or Character cards gains +3000 power during this turn. Then, if you have 1 or less Life cards, rest up to 1 of your opponent's Characters with a cost of 4 or less.   [Trigger] You may trash 2 cards from your hand: Add up to 1 card from the top of your deck to the top of your Life cards.",Yes,https://optcgapi.com/media/static/Card_Images/OP05-115_r1.jpg,,0.19,0.03,2026-09-07,
OP06-065_r1,Vinsmoke Niji,PRB-01,Premium Booster -The Best-,R,Purple,Character,5,6000,,1000,Special,The Vinsmoke Family/GERMA 66,"[On Play] If the number of DON!! cards on your field is equal to or less than the number on your opponent's field, choose one: • K.O. up to 1 of your opponent's Characters with a cost of 2 or less. • Return up to 1 of your opponent's Characters with a cost of 4 or less to the owner's hand.",Yes,https://optcgapi.com/media/static/Card_Images/OP06-065_r1.jpg,,0.22,0.10,2026-09-07,
OP06-067_r1,Vinsmoke Yonji,PRB-01,Premium Booster -The Best-,R,Purple,Character,4,5000,,1000,Strike,The Vinsmoke Family/GERMA 66,"If the number of DON!! cards on your field is equal to or less than the number on your opponent's field, this Character gains +1000 power. [Blocker] (After your opponent declares an attack, you may rest this card to make it the new target of the attack.)",Yes,https://optcgapi.com/media/static/Card_Images/OP06-067_r1.jpg,,0.20,0.10,2026-09-07,
OP06-069_r1,Vinsmoke Reiju,PRB-01,Premium Booster -The Best-,SR,Purple,Character,4,5000,,1000,Special,The Vinsmoke Family/GERMA 66,"[On Play] If the number of DON!! cards on your field is equal to or less than the number on your opponent's field and you have 5 or less cards in your hand, draw 2 cards.",Yes,https://optcgapi.com/media/static/Card_Images/OP06-069_r1.jpg,,1.37,1.25,2026-09-07,
ST04-003_r1,Kaido,PRB-01,Premium Booster -The Best-,SR,Purple,Character,9,10000,,0,Strike,The Four Emperors/Animal Kingdom Pirates,[On Play] DON!! -5 (You may return the specified number of DON!! cards from your field to your DON!! deck.): K.O. up to 1 of your opponent's Characters with a cost of 6 or less. This Character gains [Rush] during this turn. (This card can attack on the turn in which it is played.),Yes,https://optcgapi.com/media/static/Card_Images/ST04-003_r1.jpg,,1.25,1.02,2026-09-07,
OP02-089_r1,Judgment of Hell,PRB-01,Premium Booster -The Best-,R,Purple,Event,2,,,,,Impel Down,"[Counter] DON!! -1 (You may return the specified number of DON!! cards from your field to your DON!! deck.): Give up to a total of 2 of your opponent's Leader or Character cards -3000 power during this turn. [Trigger] If your opponent has 6 or more DON!! cards on their field, your opponent returns 1 DON!! card from their field to their DON!! deck.",Yes,https://optcgapi.com/media/static/Card_Images/OP02-089_r1.jpg,,0.75,0.99,2026-09-07,
OP06-036_r1,Ryuma,PRB-01,Premium Booster -The Best-,R,Green,Character,4,6000,,0,Slash,Land of Wano/Thriller Bark Pirates,[On Play] / [On K.O.] K.O. up to 1 of your opponent's rested Characters with a cost of 4 or less.,Yes,https://optcgapi.com/media/static/Card_Images/OP06-036_r1.jpg,,0.28,0.22,2026-09-07,
OP06-023_r1,Arlong,PRB-01,Premium Booster -The Best-,R,Green,Character,4,6000,,0,Slash,Fish-Man/East Blue/Arlong Pirates,[On Play] You may trash 1 card from your hand: Up to 1 of your opponent's rested Leader cannot attack until the end of your opponent's next turn. [Trigger] Rest up to 1 of your opponent's Characters with a cost of 4 or less.,Yes,https://optcgapi.com/media/static/Card_Images/OP06-023_r1.jpg,,0.36,0.15,2026-09-07,
OP01-047_r1,Trafalgar Law,PRB-01,Premium Booster -The Best-,SR,Green,Character,5,6000,,0,Slash,Supernovas/Heart Pirates,"[Blocker] (After your opponent declares an attack, you may rest this card to make it the new target of the attack.) [On Play] You may return 1 of your Characters to the owner's hand: Play up to 1 Character card with a cost of 3 or less from your hand.",Yes,https://optcgapi.com/media/static/Card_Images/OP01-047_r1.jpg,,2.10,1.56,2026-09-07,
OP01-051_r1,"Eustass""Captain""Kid",PRB-01,Premium Booster -The Best-,SR,Green,Character,8,8000,,0,Special,Supernovas/Kid Pirates,"[DON!! x1] [Opponent's Turn] If this Character is rested, your opponent cannot attack any card other than the Character [Eustass""Captain""Kid]. [Activate:Main] [Once Per Turn] You may rest this Character: Play up to 1 Character card with a cost of 3 or less from your hand.",Yes,https://optcgapi.com/media/static/Card_Images/OP01-051_r1.jpg,,2.24,1.68,2026-09-07,
OP01-041_r1,Kouzuki Momonosuke,PRB-01,Premium Booster -The Best-,R,Green,Character,1,0,,1000,Slash,Land of Wano/Kouzuki Clan,"[Activate:Main] (1) (You may rest the specified number of DON!! cards in your cost area) You may rest this Character: Look at 5 cards from the top of your deck; reveal up to 1 ""Land of Wano"" type card and add it to your hand. Then, place the rest at the bottom of your deck in any order.",Yes,https://optcgapi.com/media/static/Card_Images/OP01-041_r1.jpg,,0.29,0.15,2026-09-07,
OP06-035_r1,Hody Jones,PRB-01,Premium Booster -The Best-,SR,Green,Character,7,8000,,0,Strike,Fish-Man/New Fish-Man Pirates,"[Rush] (This card can attack on the turn in which it is played.) [On Play] Rest up to a total of 2 of your opponent's Characters or DON!! cards. Then, add 1 card from the top of your Life cards to your hand.",Yes,https://optcgapi.com/media/static/Card_Images/OP06-035_r1.jpg,,5.05,4.56,2026-09-07,
OP03-057_r1,Three Thousand Worlds,PRB-01,Premium Booster -The Best-,R,Blue,Event,4,,,,,East Blue/Straw Hat Crew,[Main] Place up to 1 Character with a cost of 5 or less at the bottom of the owner's deck.   [Trigger] Place up to 1 Character with a cost of 3 or less at the bottom of the owner's deck.,Yes,https://optcgapi.com/media/static/Card_Images/OP03-057_r1.jpg,,0.22,0.15,2026-09-07,
OP04-056_r1,Gum-Gum Red Roc,PRB-01,Premium Booster -The Best-,R,Blue,Event,6,,,,,Straw Hat Crew,[Main] Place up to 1 Character at the bottom of the owner's deck.   [Trigger] Place up to 1 Character with a cost of 4 or less at the bottom of the owner's deck.,Yes,https://optcgapi.com/media/static/Card_Images/OP04-056_r1.jpg,,1.78,1.50,2026-09-07,
OP05-057_r1,Hound Blaze,PRB-01,Premium Booster -The Best-,R,Blue,Event,2,,,,,Navy,"[Main] Up to 1 of your Leader or Character cards gains +3000 power during this turn. Then, place up to 1 Character with a cost of 2 or less at the bottom of the owner's deck.   [Trigger] Return up to 1 Character with a cost of 3 or less to the owner's hand.",Yes,https://optcgapi.com/media/static/Card_Images/OP05-057_r1.jpg,,0.25,0.10,2026-09-07,
OP01-024_r1,Monkey.D.Luffy,PRB-01,Premium Booster -The Best-,SR,Red,Character,2,3000,,1000,Strike,Supernovas/Straw Hat Crew,"[DON!! x2] This Character cannot be K.O.'d in battle by ""Strike"" attribute Characters.   [Activate:Main] [Once Per Turn] Give this Character up to 2 rested DON!! cards.",Yes,https://optcgapi.com/media/static/Card_Images/OP01-024_r1.jpg,,1.87,1.56,2026-09-07,
PRB02-008,Marco,PRB-02,Premium Booster -The Best- Vol. 2,SR,Blue,Character,4,6000,,0,Special,Former Whitebeard Pirates Land of Wano,"[Blocker](After your opponent declares an attack, you may rest this card to make it the new target of the attack.)[On K.O.] Draw 2 cards.",No,https://optcgapi.com/media/static/Card_Images/PRB02-008.jpg,,4.52,3.00,2026-09-07,
EB01-012_r1,Cavendish - EB01-012 (Reprint),PRB-02,Premium Booster -The Best- Vol. 2,SR,Green,Character,5,6000,,1000,Slash,Beautiful Pirates Supernovas,"[On Play]/[When Attacking] If your Leader has the [Supernovas] type and you have no other [Cavendish] Characters, set up to 2 of your DON!! cards as active.Disclaimer: This card was reprinted from the original set with changes to the copyright information (Note: the original print did not include ""EN"" at the end of the copyright).",Yes,https://optcgapi.com/media/static/Card_Images/EB01-012_r1.jpg,,1.33,0.55,2026-09-07,
PRB02-002,Trafalgar Law - PRB02-002,PRB-02,Premium Booster -The Best- Vol. 2,SR,Red,Character,6,7000,,1000,Slash,Heart Pirates The Seven Warlords of the Sea Punk Hazard,"[Once Per Turn] If this Character would be removed from the field by your opponent's effect, you may give this Character -2000 power during this turn instead.[When Attacking] Give up to 1 of your opponent's Characters -2000 power during this turn.",No,https://optcgapi.com/media/static/Card_Images/PRB02-002.jpg,,1.64,1.30,2026-09-07,
EB01-046_r1,Brook - EB01-046 (Reprint),PRB-02,Premium Booster -The Best- Vol. 2,SR,Black,Character,3,4000,,1000,Slash,Straw Hat Crew,"[On Play]/[When Attacking] Give up to 1 of your opponent's Characters -1 cost during this turn. Then, K.O. up to 1 of your opponent's Characters with a cost of 0.Disclaimer: This card was reprinted from the original set with changes to the copyright information (Note: the original print did not include ""EN"" at the end of the copyright).",Yes,https://optcgapi.com/media/static/Card_Images/EB01-046_r1.jpg,,0.86,0.35,2026-09-07,
PRB02-010,Charlotte Pudding - PRB02-010,PRB-02,Premium Booster -The Best- Vol. 2,SR,Purple,Character,7,5000,,1000,Wisdom,Big Mom Pirates,"[On Play] DON!! -2: If your Leader has the ""Big Mom Pirates"" type and your opponent has 6 or more DON!! cards on their field, draw 2 cards. Then, play up to 1 ""Big Mom Pirates"" type Character card with 6000 to 8000 power from your hand.",No,https://optcgapi.com/media/static/Card_Images/PRB02-010.jpg,,12.18,12.00,2026-09-07,
PRB02-014,Sabo - PRB02-014,PRB-02,Premium Booster -The Best- Vol. 2,SR,Black,Character,6,6000,,2000,Special,Revolutionary Army Dressrosa,"If you have 15 or more cards in your trash, give this card in your hand -3 cost.[Blocker] (After your opponent declares an attack, you may rest this card to make it the new target of the attack.)",No,https://optcgapi.com/media/static/Card_Images/PRB02-014.jpg,,5.10,2.60,2026-09-07,
PRB02-017,Boa Hancock,PRB-02,Premium Booster -The Best- Vol. 2,SR,Yellow,Character,5,7000,,0,Special,FILM Kuja Pirates The Seven Warlords of the Sea,[Once Per Turn] You may trash 1 card with a [Trigger] from your hand: Your opponent's rested Leader or up to 1 of your opponent's Characters other than [Monkey.D.Luffy] cannot attack until the end of your opponent's next End Phase.[Trigger] K.O up to 1 of your opponent's Characters with a cost of 4 or less,No,https://optcgapi.com/media/static/Card_Images/PRB02-017.jpg,,3.32,2.69,2026-09-07,
OP07-064_r1,Sanji (Reprint),PRB-02,Premium Booster -The Best- Vol. 2,SR,Purple,Character,6,6000,,0,Strike,Straw Hat Crew,"If the number of DON!! cards on your field is at least 2 less than the number on your opponent's field, give this card in your hand -3 cost.[Blocker] (After your opponent declares an attack, you may rest this card to make it the new target of the attack.)Disclaimer: This card was reprinted from the original set with changes to the copyright information (Note: the original print did not include ""EN"" at the end of the copyright).",Yes,https://optcgapi.com/media/static/Card_Images/OP07-064_r1.jpg,,1.23,0.75,2026-09-07,
PRB02-005,Monkey.D.Luffy - PRB02-005,PRB-02,Premium Booster -The Best- Vol. 2,SR,Green,Character,4,5000,,1000,Strike,Straw Hat Crew Supernovas,"[Your Turn] [On Play] If your Leader is multicolored and your opponent has 7 or less DON!! cards on their field, your opponent rests 1 of their active DON!! cards at the start of their next Main Phase.",No,https://optcgapi.com/media/static/Card_Images/PRB02-005.jpg,,1.77,0.99,2026-09-07,
OP10-032_r1,Tashigi (Reprint),PRB-02,Premium Booster -The Best- Vol. 2,SR,Green,Character,3,4000,,2000,Special,Navy Punk Hazard,"If you have a green Character other than [Tashigi] that would be removed from the field by your opponent's effect, you may rest this Character instead.Disclaimer: This card was reprinted from the original set with changes to the copyright information (Note: the original print did not include ""EN"" at the end of the copyright).",Yes,https://optcgapi.com/media/static/Card_Images/OP10-032_r1.jpg,,0.54,0.39,2026-09-07,
EB01-048_r1,Laboon (Reprint),PRB-02,Premium Booster -The Best- Vol. 2,SR,Black,Character,4,5000,,1000,Strike,Animal,"[Activate:Main]You may rest this Character: Give up to 1 of your opponent's Characters -4 cost during this turn.Disclaimer: This card was reprinted from the original set with changes to the copyright information (Note: the original print did not include ""EN"" at the end of the copyright).",Yes,https://optcgapi.com/media/static/Card_Images/EB01-048_r1.jpg,,4.06,4.22,2026-09-07,
EB01-057_r1,Shirahoshi (Reprint),PRB-02,Premium Booster -The Best- Vol. 2,SR,Yellow,Character,2,0,,0,Wisdom,Merfolk,"When this Character is K.O.'d by your opponent's effect, add up to 1 card from the top of your deck to the top of your Life cards.[Blocker] (After your opponent declares an attack, you may rest this card to make it the new target of the attack.)Disclaimer: This card was reprinted from the original set with changes to the copyright information (Note: the original print did not include ""EN"" at the end of the copyright).",Yes,https://optcgapi.com/media/static/Card_Images/EB01-057_r1.jpg,,0.54,0.40,2026-09-07,
OP04-083_r3,Sabo - OP04-083 (Reprint),PRB-02,Premium Booster -The Best- Vol. 2,SR,Black,Character,5,6000,,0,Special,Revolutionary Army Dressrosa,"[Blocker] (After your opponent declares an attack, you may rest this card to make it the new target of the attack.)[On Play] None of your Characters can be K.O.'d by effects until the start of your next turn. Then, draw 2 cards and trash 2 cards from your hand.Disclaimer: This card was reprinted from the original set with changes to the copyright information (Note: the original print did not include ""EN"" at the end of the copyright) and the Artist Credit (Note: there is no pencil design on top of the artist name).",Yes,https://optcgapi.com/media/static/Card_Images/OP04-083_r3.jpg,,0.46,0.37,2026-09-07,
EB01-061_r1,Mr.2.Bon.Kurei (Bentham) (Reprint),PRB-02,Premium Booster -The Best- Vol. 2,SEC,Purple,Character,4,1000,,0,Special,Former Baroque Works,"[On Play] Add up to 1 DON!! card from your DON!! deck and set it as active.[When Attacking] Select up to 1 of your opponent's Characters. This Character's base power becomes the same as the selected Character's power during this turn.Disclaimer: This card was reprinted from the original set with changes to the copyright information (Note: the original print did not include ""EN"" at the end of the copyright).",Yes,https://optcgapi.com/media/static/Card_Images/EB01-061_r1.jpg,,17.32,9.99,2026-09-07,
OP05-091_r1,Rebecca (Reprint),PRB-02,Premium Booster -The Best- Vol. 2,SR,Black,Character,4,0,,0,Wisdom,Dressrosa,"[Blocker][On Play] Add up to 1 black Character card with a cost of 3 to 7 other than [Rebecca] from your trash to your hand. Then, play up to 1 black Character card with a cost of 3 or less from your hand rested.Disclaimer: This card was reprinted from the original set with changes to the copyright information (Note: the original print did not include ""EN"" at the end of the copyright) and the Artist Credit (Note: there is no pencil design on top of the artist name).",Yes,https://optcgapi.com/media/static/Card_Images/OP05-091_r1.jpg,,1.28,1.09,2026-09-07,
EB02-061_r1,Monkey.D.Luffy - EB02-061 (Reprint),PRB-02,Premium Booster -The Best- Vol. 2,SEC,Purple,Character,6,7000,,0,Strike,Straw Hat Crew Water Seven,"If your Leader is multicolored and your opponent has 5 or more DON!! cards on their field, this Character gains [Rush].[When Attacking] [Once Per Turn] You may return 2 of your active DON!! cards to your DON!! deck: Set this Character as active. Then, add 1 card from the top of your Life cards to your hand.",Yes,https://optcgapi.com/media/static/Card_Images/EB02-061_r1_87VjsGa.jpg,,12.89,12.04,2026-09-07,
OP08-118_r1,Silvers Rayleigh - OP08-118 (Reprint),PRB-02,Premium Booster -The Best- Vol. 2,SEC,Red,Character,8,8000,,0,Slash,Former Roger Pirates,"[On Play] Select up to 2 of your opponent's Characters, and give 1 Character 3000 power and the other 2000 power until the end of your opponent's next turn. Then, K.O. up to 1 of your opponent's Characters with 3000 power or less.Disclaimer: This card was reprinted from the original set with changes to the copyright information (Note: the original print did not include ""EN"" at the end of the copyright).",Yes,https://optcgapi.com/media/static/Card_Images/OP08-118_r1.jpg,,3.37,1.50,2026-09-07,
OP06-119_r1,Sanji - OP06-119 (Reprint),PRB-02,Premium Booster -The Best- Vol. 2,SEC,Blue,Character,9,9000,,0,Strike,Straw Hat Crew,"[On Play] Reveal 1 card from the top of your deck and play up to 1 Character with a cost of 9 or less other than [Sanji]. Then, place the rest at the bottom of your deck.Disclaimer: This card was reprinted from the original set with changes to the copyright information (Note: the original print did not include ""EN"" at the end of the copyright).",Yes,https://optcgapi.com/media/static/Card_Images/OP06-119_r1_9ikPecz.jpg,,4.21,3.19,2026-09-07,
OP06-118_r2,Roronoa Zoro - OP06-118 (Reprint),PRB-02,Premium Booster -The Best- Vol. 2,SEC,Green,Character,9,9000,,0,Slash,Straw Hat Crew,"[When Attacking][Once Per Turn](1)(You may rest the specified number of DON!! cards in your cost area.): Set this Character as active.[Activate:Main][Once Per Turn](2)(You may rest the specified number of DON!! cards in your cost area.): Set this Character as active.Disclaimer: This card was reprinted from the original set with changes to the copyright information (Note: the original print did not include ""EN"" at the end of the copyright).",Yes,https://optcgapi.com/media/static/Card_Images/OP06-118_r2.jpg,,3.52,3.99,2026-09-07,
OP10-112_r1,"Eustass""Captain""Kid (Reprint)",PRB-02,Premium Booster -The Best- Vol. 2,SR,Yellow,Character,8,9000,,0,Special,Kid Pirates Supernovas,"[On Play] You may rest this Character: Trash up to 1 card from the top of your opponent's Life cards.[End of Your Turn] If your opponent has 2 or less Life cards, draw 1 card and trash 1 card from your hand.Disclaimer: This card was reprinted from the original set with changes to the copyright information (Note: the original print did not include ""EN"" at the end of the copyright).",Yes,https://optcgapi.com/media/static/Card_Images/OP10-112_r1.jpg,,1.20,0.76,2026-09-07,
OP07-015_r1,Monkey.D.Dragon (Reprint),PRB-02,Premium Booster -The Best- Vol. 2,SR,Red,Character,8,9000,,0,Special,Revolutionary Army,"[Rush](This card can attack on the turn in which it is played.)[On Play] Give up to 2 rested DON!! cards to your Leader or 1 of your Characters.Disclaimer: This card was reprinted from the original set with changes to the copyright information (Note: the original print did not include ""EN"" at the end of the copyright).",Yes,https://optcgapi.com/media/static/Card_Images/OP07-015_r1.jpg,,0.42,0.20,2026-09-07,
OP10-119_r1,Trafalgar Law - OP10-119 (Reprint),PRB-02,Premium Booster -The Best- Vol. 2,SEC,Yellow,Character,7,9000,,0,Slash,Heart Pirates Supernovas Dressrosa,"[On Play] Reveal up to 1 ""Supernovas"" type Character card from your hand and add it to the top of your Life cards face-down. Then, give up to 1 rested DON!! card to 1 of your ""Supernovas"" type Leader.Disclaimer: This card was reprinted from the original set with changes to the copyright information (Note: the original print did not include ""EN"" at the end of the copyright).",Yes,https://optcgapi.com/media/static/Card_Images/OP10-119_r1.jpg,,7.01,1.99,2026-09-07,
ST15-002_r1,Edward.Newgate - ST15-002 (Reprint),PRB-02,Premium Booster -The Best- Vol. 2,SR,Red,Character,7,8000,,0,Special,The Four Emperors Whitebeard Pirates,"[On Play] Give up to 1 rested DON!! card to your Leader or 1 of your Characters.[Activate: Main] You may rest this Character: K.O. up to 1 of your opponent's Characters with 5000 power or less.Disclaimer: This card was reprinted from the original set with changes to the copyright information (Note: the original print did not include ""EN"" at the end of the copyright).",Yes,https://optcgapi.com/media/static/Card_Images/ST15-002_r1.jpg,,0.55,0.25,2026-09-07,
OP07-119_r1,Portgas.D.Ace - OP07-119 (Reprint),PRB-02,Premium Booster -The Best- Vol. 2,SEC,Yellow,Character,10,10000,,0,Special,Whitebeard Pirates,"[On Play] Add up to 1 card from the top of your deck to the top of your Life cards. Then, if you have 2 or less Life cards, this Character gains [Rush] during this turn. (This card can attack on the turn in which it is played.)Disclaimer: This card was reprinted from the original set with changes to the copyright information (Note: the original print did not include ""EN"" at the end of the copyright).",Yes,https://optcgapi.com/media/static/Card_Images/OP07-119_r1.jpg,,1.81,1.71,2026-09-07,
OP08-074_r1,Black Maria (Reprint),PRB-02,Premium Booster -The Best- Vol. 2,SR,Purple,Character,3,2000,,0,Special,Animal Kingdom Pirates,"[Activate:Main] [Once Per Turn] If you have no other [Black Maria] Characters, add up to 5 DON!! cards from your DON!! deck and rest them. Then, at the end of this turn, return DON!! cards from your field to your DON!! deck until you have the same number of DON!! cards on your field as your opponent.Disclaimer: This card was reprinted from the original set with changes to the copyright information (Note: the original print did not include ""EN"" at the end of the copyright).",Yes,https://optcgapi.com/media/static/Card_Images/OP08-074_r1.jpg,,0.70,0.49,2026-09-07,
OP08-023_r1,Carrot (Reprint),PRB-02,Premium Booster -The Best- Vol. 2,SR,Green,Character,5,6000,,1000,Special,Minks,"[On Play]/[When Attacking] Up to 1 of your opponent's rested Characters with a cost of 7 or less will not become active in your opponent's next Refresh Phase.Disclaimer: This card was reprinted from the original set with changes to the copyright information (Note: the original print did not include ""EN"" at the end of the copyright).",Yes,https://optcgapi.com/media/static/Card_Images/OP08-023_r1.jpg,,1.21,0.65,2026-09-07,
ST16-004_r1,Shanks - ST16-004 (Reprint),PRB-02,Premium Booster -The Best- Vol. 2,SR,Green,Character,9,11000,,0,Slash,FILM The Four Emperors Red-Haired Pirates,"[On Play] K.O. up to 1 of your opponent's rested Characters.Disclaimer: This card was reprinted from the original set with changes to the copyright information (Note: the original print did not include ""EN"" at the end of the copyright).",Yes,https://optcgapi.com/media/static/Card_Images/ST16-004_r1.jpg,,4.79,2.00,2026-09-07,
OP09-004_r1,Shanks - OP09-004 (Reprint),PRB-02,Premium Booster -The Best- Vol. 2,SR,Red,Character,10,12000,,0,Slash,The Four Emperors Red-Haired Pirates,"Give all of your opponent's Characters 1000 power.[Rush] (This card can attack on the turn in which it is played.)Disclaimer: This card was reprinted from the original set with changes to the copyright information (Note: the original print did not include ""EN"" at the end of the copyright).",Yes,https://optcgapi.com/media/static/Card_Images/OP09-004_r1.jpg,,0.71,0.62,2026-09-07,
OP07-109_r1,Monkey.D.Luffy - OP07-109 (Reprint),PRB-02,Premium Booster -The Best- Vol. 2,SR,Yellow,Character,5,6000,,0,Strike,Straw Hat Crew The Four Emperors Egghead,"[Activate: Main]You may trash this Character: If you have 2 or less Life cards, K.O. up to 1 of your opponent's Characters with a cost of 4 or less. Then, draw 1 card.[Trigger] K.O. up to 1 of your opponent's Characters with a cost of 4 or less.Disclaimer: This card was reprinted from the original set with changes to the copyright information (Note: the original print did not include ""EN"" at the end of the copyright).",Yes,https://optcgapi.com/media/static/Card_Images/OP07-109_r1.jpg,,0.79,0.79,2026-09-07,
OP07-026_r1,Jewelry Bonney - OP07-026 (Reprint),PRB-02,Premium Booster -The Best- Vol. 2,SR,Green,Character,5,6000,,1000,Special,Bonney Pirates Supernovas,"[On Play] Up to 1 of your opponent's rested Character or DON!! cards will not become active in your opponent's next Refresh Phase.Disclaimer: This card was reprinted from the original set with changes to the copyright information (Note: the original print did not include ""EN"" at the end of the copyright).",Yes,https://optcgapi.com/media/static/Card_Images/OP07-026_r1.jpg,,1.34,1.00,2026-09-07,
OP06-058_r1,Gravity Blade Raging Tiger (Reprint),PRB-02,Premium Booster -The Best- Vol. 2,R,Blue,Event,7,,,,,Navy,"[Main] Place up to 2 Characters with a cost of 6 or less at the bottom of the owner's deck in any order.[Trigger] Place up to 1 Character with a cost of 5 or less at the bottom of the owner's deck.Disclaimer: This card was reprinted from the original set with changes to the copyright information (Note: the original print did not include ""EN"" at the end of the copyright).",Yes,https://optcgapi.com/media/static/Card_Images/OP06-058_r1.jpg,,4.13,2.20,2026-09-07,
OP07-118_r1,Sabo - OP07-118 (Reprint),PRB-02,Premium Booster -The Best- Vol. 2,SEC,Black,Character,8,9000,,0,Special,Revolutionary Army,"[On Play] You may trash 1 card from your hand: K.O. up to 1 of your opponent's Characters with a cost of 5 or less and up to 1 of your opponent's Characters with a cost of 3 or less.Disclaimer: This card was reprinted from the original set with changes to the copyright information (Note: the original print did not include ""EN"" at the end of the copyright).",Yes,https://optcgapi.com/media/static/Card_Images/OP07-118_r1.jpg,,1.14,0.75,2026-09-07,
OP06-047_r1,Charlotte Pudding (Reprint),PRB-02,Premium Booster -The Best- Vol. 2,R,Blue,Character,4,4000,,1000,Wisdom,Big Mom Pirates,"[On Play] Your opponent returns all cards in their hand to their deck and shuffles their deck. Then, your opponent draws 5 cards.Disclaimer: This card was reprinted from the original set with changes to the copyright information (Note: the original print did not include ""EN"" at the end of the copyright).",Yes,https://optcgapi.com/media/static/Card_Images/OP06-047_r1.jpg,,0.44,0.25,2026-09-07,
EB01-051_r1,Finger Pistol (Reprint),PRB-02,Premium Booster -The Best- Vol. 2,R,Black,Event,4,,,,,CP9,"[Main] You may trash 2 cards from the top of your deck: K.O. up to 1 of your opponent's Characters with a cost of 5 or less.Disclaimer: This card was reprinted from the original set with changes to the copyright information (Note: the original print did not include ""EN"" at the end of the copyright).",Yes,https://optcgapi.com/media/static/Card_Images/EB01-051_r1.jpg,,0.34,0.25,2026-09-07,
OP09-065_r1,Sanji - OP09-065 (Reprint),PRB-02,Premium Booster -The Best- Vol. 2,SR,Purple,Character,7,7000,,1000,Strike,Straw Hat Crew,"[On Play] You may return 1 or more DON!! cards from your field to your DON!! deck: This Character gains [Rush] during this turn. Then, rest up to 1 of your opponent's Characters with a cost of 6 or less.Disclaimer: This card was reprinted from the original set with changes to the copyright information (Note: the original print did not include ""EN"" at the end of the copyright).",Yes,https://optcgapi.com/media/static/Card_Images/OP09-065_r1.jpg,,0.49,0.38,2026-09-07,
OP06-107_r1,Kouzuki Momonosuke (Reprint),PRB-02,Premium Booster -The Best- Vol. 2,SR,Yellow,Character,5,6000,,0,Wisdom,Land of Wano Kouzuki Clan,"[Blocker] (After your opponent declares an attack, you may rest this card to make it the new target of the attack.)[On Play] Add up to 1 of your ""Land of Wano"" type Characters other than [Kouzuki Momonosuke] to the top or bottom of the owner's Life cards face-up.Disclaimer: This card was reprinted from the original set with changes to the copyright information (Note: the original print did not include ""EN"" at the end of the copyright).",Yes,https://optcgapi.com/media/static/Card_Images/OP06-107_r1.jpg,,0.33,0.10,2026-09-07,
OP06-115_r1,You're the One Who Should Disappear (Reprint),PRB-02,Premium Booster -The Best- Vol. 2,R,Yellow,Event,0,,,,,Sky Island,"[Counter] You may trash 1 card from your hand: Up to 1 of your Leader or Character cards gains +3000 power during this battle.[Trigger] If you have 0 Life cards, you may add up to 1 card from the top of your deck to the top of your Life cards. Then, trash 1 card from your hand.Disclaimer: This card was reprinted from the original set with changes to the copyright information (Note: the original print did not include ""EN"" at the end of the copyright).",Yes,https://optcgapi.com/media/static/Card_Images/OP06-115_r1.jpg,,1.41,1.16,2026-09-07,
OP09-009_r1,Benn.Beckman (Reprint),PRB-02,Premium Booster -The Best- Vol. 2,SR,Red,Character,7,7000,,1000,Ranged,Red-Haired Pirates,"[On Play] Trash up to 1 of your opponent's Characters with 6000 power or less.Disclaimer: This card was reprinted from the original set with changes to the copyright information (Note: the original print did not include ""EN"" at the end of the copyright).",Yes,https://optcgapi.com/media/static/Card_Images/OP09-009_r1.jpg,,0.73,0.72,2026-09-07,
OP03-072_r1,Gum-Gum Jet Gatling (Reprint),PRB-02,Premium Booster -The Best- Vol. 2,R,Purple,Event,0,,,,,Straw Hat Crew Water Seven,"[Counter] You may trash 1 card from your hand: Up to 1 of your Leader or Character cards gains +3000 power during this battle.[Trigger] Add up to 1 DON!! card from your DON!! deck and set it as active.Disclaimer: This card was reprinted from the original set with changes to the copyright information (Note: the original print did not include ""EN"" at the end of the copyright).",Yes,https://optcgapi.com/media/static/Card_Images/OP03-072_r1.jpg,,0.35,0.25,2026-09-07,
OP09-093_r3,Marshall.D.Teach - OP09-093 (Reprint),PRB-02,Premium Booster -The Best- Vol. 2,SR,Black,Character,10,12000,,0,Special,Blackbeard Pirates The Four Emperors,"[Blocker][Activate: Main] [Once Per Turn] If your Leader has the ""Blackbeard Pirates"" type and this Character was played on this turn, negate the effect of up to 1 of your opponent's Leader during this turn. Then, negate the effect of up to 1 of your opponent's Characters and that Character cannot attack until the end of your opponent's next turn.Disclaimer: This card was reprinted from the original set with changes to the copyright information (Note: the original print did not include ""EN"" at the end of the copyright).",Yes,https://optcgapi.com/media/static/Card_Images/OP09-093_r3.jpg,,1.00,0.87,2026-09-07,
OP10-011_r1,Tony Tony.Chopper (Reprint),PRB-02,Premium Booster -The Best- Vol. 2,R,Red,Character,4,4000,,2000,Strike,Straw Hat Crew Punk Hazard,"[Blocker] (After your opponent declares an attack, you may rest this card to make it the new target of the attack.)[Opponent's Turn] This Character gains +2000 power.Disclaimer: This card was reprinted from the original set with changes to the copyright information (Note: the original print did not include ""EN"" at the end of the copyright).",Yes,https://optcgapi.com/media/static/Card_Images/OP10-011_r1.jpg,,1.14,0.80,2026-09-07,
OP04-016_r1,Bad Manners Kick Course (Reprint),PRB-02,Premium Booster -The Best- Vol. 2,R,Red,Event,0,,,,,Alabasta Straw Hat Crew,"[Counter] You may trash 1 card from your hand: Up to 1 of your Leader or Character cards gains +3000 power during this battle.[Trigger] Give up to 1 of your opponent's Leader or Character cards -3000 power during this turn.Disclaimer: This card was reprinted from the original set with changes to the copyright information (Note: the original print did not include ""EN"" at the end of the copyright).",Yes,https://optcgapi.com/media/static/Card_Images/OP04-016_r1.jpg,,0.64,0.31,2026-09-07,
OP09-046_r1,Crocodile - OP09-046 (Reprint),PRB-02,Premium Booster -The Best- Vol. 2,SR,Blue,Character,7,7000,,1000,Special,Former Baroque Works Cross Guild,"[On Play] Play up to 1 ""Cross Guild"" type Character card or Character card with a type including ""Baroque Works"" with a cost of 5 or less from your hand.Disclaimer: This card was reprinted from the original set with changes to the copyright information (Note: the original print did not include ""EN"" at the end of the copyright).",Yes,https://optcgapi.com/media/static/Card_Images/OP09-046_r1.jpg,,0.31,0.25,2026-09-07,
ST17-002_r1,Trafalgar Law - ST17-002 (Reprint),PRB-02,Premium Booster -The Best- Vol. 2,SR,Blue,Character,4,5000,,0,Slash,Heart Pirates The Seven Warlords of the Sea,"[On Play] You may return 1 of your Characters to the owner's hand: If your Leader has the ""The Seven Warlords of the Sea"" type, return up to 1 Character with a cost of 4 or less to the owner's hand.Disclaimer: This card was reprinted from the original set with changes to the copyright information (Note: the original print did not include ""EN"" at the end of the copyright).",Yes,https://optcgapi.com/media/static/Card_Images/ST17-002_r1.jpg,,0.37,0.11,2026-09-07,
OP07-029_r1,Basil Hawkins - OP07-029 (Reprint),PRB-02,Premium Booster -The Best- Vol. 2,SR,Green,Character,6,0,,0,Slash,Hawkins Pirates Supernovas,"If your Leader has the [Supernovas] type, this Character gains [Blocker]. (After your opponent declares an attack, you may rest this card to make it the new target of the attack.)[Once Per Turn] If this Character would be removed from the field by your opponent's effect, you may rest 1 of your opponent's Characters instead.Disclaimer: This card was reprinted from the original set with changes to the copyright information (Note: the original print did not include ""EN"" at the end of the copyright).",Yes,https://optcgapi.com/media/static/Card_Images/OP07-029_r1.jpg,,0.36,0.18,2026-09-07,
OP09-072_r1,Franky - OP09-072 (Reprint),PRB-02,Premium Booster -The Best- Vol. 2,SR,Purple,Character,4,5000,,1000,Strike,Straw Hat Crew,"[Blocker] (After your opponent declares an attack, you may rest this card to make it the new target of the attack.)[On Play] DON!! 2, You may trash 1 card from your hand: Draw 2 cards.Disclaimer: This card was reprinted from the original set with changes to the copyright information (Note: the original print did not include ""EN"" at the end of the copyright).",Yes,https://optcgapi.com/media/static/Card_Images/OP09-072_r1.jpg,,0.47,0.41,2026-09-07,
OP03-044_r1,Kaya (Reprint),PRB-02,Premium Booster -The Best- Vol. 2,R,Blue,Character,1,0,,2000,Wisdom,East Blue,"[On Play] Draw 2 cards and trash 2 cards from your hand.Disclaimer: This card was reprinted from the original set with changes to the copyright information (Note: the original print did not include ""EN"" at the end of the copyright) and the Artist Credit (Note: there is no pencil design on top of the artist name).",Yes,https://optcgapi.com/media/static/Card_Images/OP03-044_r1.jpg,,0.30,0.24,2026-09-07,
OP02-068_r1,Gum-Gum Rain (Reprint),PRB-02,Premium Booster -The Best- Vol. 2,R,Blue,Event,0,,,,,Straw Hat Crew Impel Down,"[Counter] You may trash 1 card from your hand: Up to 1 of your Leader or Character cards gains +3000 power during this battle.[Trigger] Return up to 1 Character with a cost of 2 or less to the owner's hand.Disclaimer: This card was reprinted from the original set with changes to the copyright information (Note: the original print did not include ""EN"" at the end of the copyright).",Yes,https://optcgapi.com/media/static/Card_Images/OP02-068_r1.jpg,,0.38,0.37,2026-09-07,
OP09-048_r1,Dracule Mihawk - OP09-048 (Reprint),PRB-02,Premium Booster -The Best- Vol. 2,SR,Blue,Character,6,7000,,0,Slash,Cross Guild,"[Blocker] (After your opponent declares an attack, you may rest this card to make it the new target of the attack.)[On Play] Draw 2 cards and trash 1 card from your hand.Disclaimer: This card was reprinted from the original set with changes to the copyright information (Note: the original print did not include ""EN"" at the end of the copyright).",Yes,https://optcgapi.com/media/static/Card_Images/OP09-048_r1.jpg,,0.37,0.25,2026-09-07,
OP10-109_r1,Basil Hawkins - OP10-109 (Reprint),PRB-02,Premium Booster -The Best- Vol. 2,R,Yellow,Character,4,5000,,1000,Slash,Hawkins Pirates Supernovas,"[On K.O.] Trash up to 1 card from the top of your opponent's Life cards.[Trigger] Draw 2 cards and trash 1 card from your hand.Disclaimer: This card was reprinted from the original set with changes to the copyright information (Note: the original print did not include ""EN"" at the end of the copyright).",Yes,https://optcgapi.com/media/static/Card_Images/OP10-109_r1.jpg,,0.20,0.15,2026-09-07,
OP10-046_r1,Kyros (Reprint),PRB-02,Premium Booster -The Best- Vol. 2,SR,Blue,Character,7,9000,,0,Slash,Dressrosa,"[On Play] Return up to 1 Character with a cost of 5 or less to the owner's hand.Disclaimer: This card was reprinted from the original set with changes to the copyright information (Note: the original print did not include ""EN"" at the end of the copyright).",Yes,https://optcgapi.com/media/static/Card_Images/OP10-046_r1.jpg,,0.34,0.13,2026-09-07,
OP05-030_r1,Donquixote Rosinante (Reprint),PRB-02,Premium Booster -The Best- Vol. 2,R,Green,Character,2,1000,,0,Special,Donquixote Pirates Navy,"[Blocker] (After your opponent declares an attack, you may rest this card to make it the new target of the attack.)[Opponent's Turn] If your rested Character would be K.O.'d, you may trash this Character instead.Disclaimer: This card was reprinted from the original set with changes to the copyright information (Note: the original print did not include ""EN"" at the end of the copyright) and the Artist Credit (Note: there is no pencil design on top of the artist name).",Yes,https://optcgapi.com/media/static/Card_Images/OP05-030_r1.jpg,,0.27,0.20,2026-09-07,
PRB02-002_p1,Trafalgar Law - PRB02-002 (Alternate Art),PRB-02,Premium Booster -The Best- Vol. 2,SR,Red,Character,6,7000,,1000,Slash,Heart Pirates The Seven Warlords of the Sea Punk Hazard,"[Once Per Turn] If this Character would be removed from the field by your opponent's effect, you may give this Character -2000 power during this turn instead.[When Attacking] Give up to 1 of your opponent's Characters -2000 power during this turn.",Yes,https://optcgapi.com/media/static/Card_Images/PRB02-002_p1.jpg,,20.04,17.00,2026-09-07,
OP05-037_r1,Because the Side of Justice Will Be Whichever Side Wins!! (Reprint),PRB-02,Premium Booster -The Best- Vol. 2,R,Green,Event,0,,,,,Donquixote Pirates,"[Counter] You may trash 1 card from your hand: Up to 1 of your Leader or Character cards gains +3000 power during this battle.[Trigger] Rest up to 1 of your opponent's Characters with a cost of 4 or less.Disclaimer: This card was reprinted from the original set with changes to the copyright information (Note: the original print did not include ""EN"" at the end of the copyright).",Yes,https://optcgapi.com/media/static/Card_Images/OP05-037_r1.jpg,,0.28,0.10,2026-09-07,
OP10-109_p1,Basil Hawkins - OP10-109 (Alternate Art),PRB-02,Premium Booster -The Best- Vol. 2,R,Yellow,Character,4,5000,,1000,Slash,Hawkins Pirates Supernovas,[On K.O.] Trash up to 1 card from the top of your opponent's Life cards.[Trigger] Draw 2 cards and trash 1 card from your hand.,Yes,https://optcgapi.com/media/static/Card_Images/OP10-109_p1.jpg,,16.78,4.00,2026-09-07,
PRB02-007_p1,Jinbe - PRB02-007(Alternate Art),PRB-02,Premium Booster -The Best- Vol. 2,R,Blue,Character,4,5000,,1000,Strike,Fish-Man The Seven Warlords of the Sea The Sun Pirates,"[On Play] Look at 5 cards from the top of your deck; reveal up to 1 ""The Seven Warlords of the Sea"" type card other than [Jinbe] and add it to your hand. Then, place the rest at the bottom of your deck in any order.",Yes,https://optcgapi.com/media/static/Card_Images/PRB02-007_p1.jpg,,4.70,4.22,2026-09-07,
PRB02-010_p1,Charlotte Pudding - PRB02-010 (Alternate Art),PRB-02,Premium Booster -The Best- Vol. 2,SR,Purple,Character,7,5000,,1000,Wisdom,Big Mom Pirates,"[On Play] DON!! -2: If your Leader has the ""Big Mom Pirates"" type and your opponent has 6 or more DON!! cards on their field, draw 2 cards. Then, play up to 1 ""Big Mom Pirates"" type Character card with 6000 to 8000 power from your hand.",Yes,https://optcgapi.com/media/static/Card_Images/PRB02-010_p1.jpg,,54.26,30.00,2026-09-07,
OP09-078-r1,Gum-Gum Giant (Reprint),PRB-02,Premium Booster -The Best- Vol. 2,R,Purple,Event,1,,,,,Straw Hat Crew The Four Emperors,"[Counter] DON!! 2, You may trash 1 card from your hand: If your Leader has the ""Straw Hat Crew"" type, up to 1 of your Leader or Character cards gains +4000 power during this battle. Then, draw 2 cards.Disclaimer: This card was reprinted from the original set with changes to the copyright information (Note: the original print did not include ""EN"" at the end of the copyright).",Yes,https://optcgapi.com/media/static/Card_Images/OP09-078_r1.jpg,,3.88,0.39,2026-09-07,
OP09-002_r1,Uta (Reprint),PRB-02,Premium Booster -The Best- Vol. 2,R,Red,Character,1,2000,,1000,Special,FILM,"[On Play] Look at 5 cards from the top of your deck; reveal up to 1 ""Red-Haired Pirates"" type card and add it to your hand. Then, place the rest at the bottom of your deck in any order.Disclaimer: This card was reprinted from the original set with changes to the copyright information (Note: the original print did not include ""EN"" at the end of the copyright).",Yes,https://optcgapi.com/media/static/Card_Images/OP09-002_r1.jpg,,0.26,0.10,2026-09-07,
PRB02-013_p1,Gecko Moria (Alternate Art),PRB-02,Premium Booster -The Best- Vol. 2,R,Black,Character,6,7000,,0,Special,The Seven Warlords of the Sea Thriller Bark Pirates,"[On Play] If your Leader has the ""Thriller Bark Pirates"" type, play up to 1 Character card with a cost of 4 or less from your trash rested. Then, give up to 1 rested DON!! card to your Leader or 1 of your Characters.",Yes,https://optcgapi.com/media/static/Card_Images/PRB02-013_p1.jpg,,12.90,10.00,2026-09-07,
OP09-069_r1,Trafalgar Law - OP09-069 (Reprint),PRB-02,Premium Booster -The Best- Vol. 2,R,Purple,Character,1,2000,,0,Slash,Heart Pirates,"[On Play] Look at 4 cards from the top of your deck; reveal up to 1 ""Straw Hat Crew"" or ""Heart Pirates"" type card with a cost of 2 or more and add it to your hand. Then, place the rest at the bottom of your deck in any order.Disclaimer: This card was reprinted from the original set with changes to the copyright information (Note: the original print did not include ""EN"" at the end of the copyright).",Yes,https://optcgapi.com/media/static/Card_Images/OP09-069_r1.jpg,,0.53,0.35,2026-09-07,
PRB02-006_p1,Roronoa Zoro - PRB02-006 (Alternate Art),PRB-02,Premium Booster -The Best- Vol. 2,R,Green,Character,4,4000,,2000,Slash,Straw Hat Crew Supernovas,"[Opponent's Turn] If this Character would be rested by your opponent's Character's effect, you may rest 1 of your other Characters instead.[Blocker]",Yes,https://optcgapi.com/media/static/Card_Images/PRB02-006_p1.jpg,,33.46,16.00,2026-09-07,
PRB02-014_p1,Sabo - PRB02-014 (Alternate Art),PRB-02,Premium Booster -The Best- Vol. 2,SR,Black,Character,6,6000,,2000,Special,Revolutionary Army Dressrosa,"If you have 15 or more cards in your trash, give this card in your hand -3 cost.[Blocker] (After your opponent declares an attack, you may rest this card to make it the new target of the attack.)",Yes,https://optcgapi.com/media/static/Card_Images/PRB02-014_p1.jpg,,16.01,13.99,2026-09-07,
PRB02-004_p1,Jewelry Bonney - PRB02-004 (Alternate Art),PRB-02,Premium Booster -The Best- Vol. 2,R,Green,Character,3,3000,,1000,Special,Bonney Pirates Supernovas,"[Blocker] (After your opponent declares an attack, you may rest this card to make it the new target of the attack.)[On Your Opponent's Attack] [Once Per Turn] Set up to 1 of your DON!! cards as active.",Yes,https://optcgapi.com/media/static/Card_Images/PRB02-004_p1.jpg,,10.48,9.99,2026-09-07,
OP06-115_p1,You're the One Who Should Disappear (Alternate Art),PRB-02,Premium Booster -The Best- Vol. 2,R,Yellow,Event,0,,,,,Sky Island,"[Counter] You may trash 1 card from your hand: Up to 1 of your Leader or Character cards gains +3000 power during this battle.[Trigger] If you have 0 Life cards, you may add up to 1 card from the top of your deck to the top of your Life cards. Then, trash 1 card from your hand.",Yes,https://optcgapi.com/media/static/Card_Images/OP06-115_p1.jpg,,21.11,14.00,2026-09-07,
PRB02-009_p1,Mr.3(Galdino) - PRB02-009 (Alternate Art),PRB-02,Premium Booster -The Best- Vol. 2,R,Blue,Character,2,1000,,1000,Special,Former Baroque Works Cross Guild,This effect can be activated when this Character is rested by your opponent's effect. You may trash this Character and draw 2 cards.[Blocker],Yes,https://optcgapi.com/media/static/Card_Images/PRB02-009_p1.jpg,,7.76,5.78,2026-09-07,
OP09-056_p1,Mr.3(Galdino) - OP09-056 (Alternate Art),PRB-02,Premium Booster -The Best- Vol. 2,R,Blue,Character,1,2000,,1000,Special,Former Baroque Works Cross Guild,"[On Play] Look at 4 cards from the top of your deck; reveal up to 1 ""Cross Guild"" type card or card with a type including ""Baroque Works"" other than [Mr.3(Galdino)] and add it to your hand. Then, place the rest at the bottom of your deck in any order.",Yes,https://optcgapi.com/media/static/Card_Images/OP09-056_p1.jpg,,4.55,2.00,2026-09-07,
OP10-095_p1,Roronoa Zoro - OP10-095 (Alternate Art),PRB-02,Premium Booster -The Best- Vol. 2,R,Black,Character,4,6000,,0,Slash,Straw Hat Crew Supernovas Dressrosa,"[On Play] You may rest 1 of your ""Dressrosa"" type Leader or Stage cards: K.O. up to 1 of your opponent's Characters with a cost of 4 or less. Then, trash 2 cards from the top of your deck.",Yes,https://optcgapi.com/media/static/Card_Images/OP10-095_p1.jpg,,12.33,9.39,2026-09-07,
PRB02-012_p1,Nami (Alternate Art),PRB-02,Premium Booster -The Best- Vol. 2,R,Purple,Character,2,2000,,1000,Special,Straw Hat Crew,"[On Play] Look at 5 cards from the top of your deck; reveal up to 1 ""Straw Hat Crew"" type card other than [Nami] and add it to your hand. Then, place the rest at the bottom of your deck in any order.[Trigger] Play this card.",Yes,https://optcgapi.com/media/static/Card_Images/PRB02-012_p1.jpg,,37.74,34.95,2026-09-07,
PRB02-016_p1,Otama (Alternate Art),PRB-02,Premium Booster -The Best- Vol. 2,R,Yellow,Character,2,0,,2000,Special,Land of Wano,[Activate: Main] You may rest this Character and add 1 card from the top or bottom of your Life cards to your hand: Up to 1 of your Leader or Character cards gains +3000 power during this turn.[Trigger] Rest up to 1 of your opponent's Characters with a cost of 4 or less.,Yes,https://optcgapi.com/media/static/Card_Images/PRB02-016_p1.jpg,,10.57,5.00,2026-09-07,
PRB02-001_p1,Koby (Alternate Art),PRB-02,Premium Booster -The Best- Vol. 2,R,Red,Character,4,5000,,1000,Strike,Navy SWORD,"[Opponent's Turn] If your Leader has the ""Navy"" type, this Character gains +1000 power.[When Attacking] K.O. up to 1 of your opponent's Characters with 3000 base power or less. Then, if you have 6 or less cards in your hand, draw 1 card.",Yes,https://optcgapi.com/media/static/Card_Images/PRB02-001_p1.jpg,,36.14,17.00,2026-09-07,
PRB02-015_p1,Shiryu (Alternate Art),PRB-02,Premium Booster -The Best- Vol. 2,R,Black,Character,4,5000,,1000,Slash,Blackbeard Pirates,"If your Leader has the ""Blackbeard Pirates"" type, this Character gains [Blocker] and +4 cost.[On K.O.] If your Leader has the ""Blackbeard Pirates"" type, K.O. up to 1 of your opponent's Characters with a base cost of 4 or less.",Yes,https://optcgapi.com/media/static/Card_Images/PRB02-015_p1.jpg,,5.73,5.97,2026-09-07,
PRB02-011_p1,Donquixote Doflamingo (Alternate Art),PRB-02,Premium Booster -The Best- Vol. 2,R,Purple,Character,5,6000,,1000,Special,Donquixote Pirates The Seven Warlords of the Sea,"[Blocker][On Play] If your Leader is multicolored, add up to 1 DON!! card from your DON!! deck and rest it.",Yes,https://optcgapi.com/media/static/Card_Images/PRB02-011_p1.jpg,,6.66,5.99,2026-09-07,
PRB02-018_p1,Portgas.D.Ace - PRB02-018 (Alternate Art),PRB-02,Premium Booster -The Best- Vol. 2,R,Yellow,Character,5,7000,,0,Special,Whitebeard Pirates,"[On Play] If you have a face-up Life card, play up to 1 [Sabo], [Portgas.D.Ace], or [Monkey.D.Luffy] with a cost of 2 from your hand or trash.",Yes,https://optcgapi.com/media/static/Card_Images/PRB02-018_p1.jpg,,9.30,6.49,2026-09-07,
OP07-021_p8,Urouge (Alternate Art),PRB-02,Premium Booster -The Best- Vol. 2,R,Green,Character,4,5000,,1000,Strike,Fallen Monk Pirates Supernovas,"[Blocker] (After your opponent declares an attack, you may rest this card to make it the new target of the attack.)[End of Your Turn] Set up to 1 of your DON!! cards as active.",Yes,https://optcgapi.com/media/static/Card_Images/OP07-021_p8.jpg,,1.57,1.23,2026-09-07,
OP03-097_r1,Six King Pistol (Reprint),PRB-02,Premium Booster -The Best- Vol. 2,R,Black,Event,0,,,,,CP9,"[Counter] You may trash 1 card from your hand: Up to 1 of your Leader or Character cards gains +3000 power during this battle.[Trigger] Draw 1 card. Then, K.O. up to 1 of your opponent's Characters with a cost of 1 or less.Disclaimer: This card was reprinted from the original set with changes to the copyright information (Note: the original print did not include ""EN"" at the end of the copyright).",Yes,https://optcgapi.com/media/static/Card_Images/OP03-097_r1.jpg,,0.21,0.12,2026-09-07,
OP05-030_p1,Donquixote Rosinante (Alternate Art),PRB-02,Premium Booster -The Best- Vol. 2,R,Green,Character,2,1000,,1000,Special,Donquixote Pirates Navy,"[Blocker] (After your opponent declares an attack, you may rest this card to make it the new target of the attack.)[Opponent's Turn] If your rested Character would be K.O.'d, you may trash this Character instead.",Yes,https://optcgapi.com/media/static/Card_Images/OP05-030_p1.jpg,,3.80,2.50,2026-09-07,
PRB02-008_p1,Marco (Alternate Art),PRB-02,Premium Booster -The Best- Vol. 2,SR,Blue,Character,4,6000,,0,Special,Former Whitebeard Pirates Land of Wano,"[Blocker](After your opponent declares an attack, you may rest this card to make it the new target of the attack.)[On K.O.] Draw 2 cards.",Yes,https://optcgapi.com/media/static/Card_Images/PRB02-008_p1.jpg,,80.36,22.00,2026-09-07,
OP08-067_r1,Charlotte Pudding - OP08-067 (Reprint),PRB-02,Premium Booster -The Best- Vol. 2,R,Purple,Character,3,4000,,1000,Wisdom,Big Mom Pirates,"[Your Turn] [Once Per Turn] When a DON!! card on your field is returned to your DON!! deck, add up to 1 DON!! card from your DON!! deck and rest it.Disclaimer: This card was reprinted from the original set with changes to the copyright information (Note: the original print did not include ""EN"" at the end of the copyright).",Yes,https://optcgapi.com/media/static/Card_Images/OP08-067_r1.jpg,,0.28,0.18,2026-09-07,
OP04-016_P1,Bad Manners Kick Course (Alternate Art),PRB-02,Premium Booster -The Best- Vol. 2,R,Red,Event,0,,,,,Alabasta Straw Hat Crew,[Counter] You may trash 1 card from your hand: Up to 1 of your Leader or Character cards gains +3000 power during this battle.[Trigger] Give up to 1 of your opponent's Leader or Character cards -3000 power during this turn.,Yes,https://optcgapi.com/media/static/Card_Images/OP04-016_p1.jpg,,46.81,13.00,2026-09-07,
OP06-058_p1,Gravity Blade Raging Tiger (Alternate Art),PRB-02,Premium Booster -The Best- Vol. 2,R,Blue,Event,7,,,,,Navy,[Main] Place up to 2 Characters with a cost of 6 or less at the bottom of the owner's deck in any order.[Trigger] Place up to 1 Character with a cost of 5 or less at the bottom of the owner's deck.,Yes,https://optcgapi.com/media/static/Card_Images/OP06-058_p1.jpg,,41.65,15.99,2026-09-07,
PRB02-003_p1,Lucky.Roux (Alternate Art),PRB-02,Premium Booster -The Best- Vol. 2,R,Red,Character,4,2000,,1000,Ranged,Red-Haired Pirates,"[Blocker] (After your opponent declares an attack, you may rest this card to make it the new target of the attack.)[On Play] You may trash 1 Character card with 6000 power or more from your hand: Draw 2 cards.",Yes,https://optcgapi.com/media/static/Card_Images/PRB02-003_p1.jpg,,11.41,5.99,2026-09-07,
OP03-072_p1,Gum-Gum Jet Gatling (Alternate Art),PRB-02,Premium Booster -The Best- Vol. 2,R,Purple,Event,0,,,,,Straw Hat Crew Water Seven,[Counter] You may trash 1 card from your hand: Up to 1 of your Leader or Character cards gains +3000 power during this battle.[Trigger] Add up to 1 DON!! card from your DON!! deck and set it as active.,Yes,https://optcgapi.com/media/static/Card_Images/OP03-072_p1.jpg,,16.35,12.88,2026-09-07,
OP07-107_r1,Franky - OP07-107 (Reprint),PRB-02,Premium Booster -The Best- Vol. 2,R,Yellow,Character,4,5000,,2000,Strike,Straw Hat Crew Egghead,"[Trigger] Draw 1 card. Then, if you have 1 or less Life cards, play this card.Disclaimer: This card was reprinted from the original set with changes to the copyright information (Note: the original print did not include ""EN"" at the end of the copyright).",Yes,https://optcgapi.com/media/static/Card_Images/OP07-107_r1.jpg,,0.26,0.20,2026-09-07,
OP09-096_r1,My Era...Begins!! (Reprint),PRB-02,Premium Booster -The Best- Vol. 2,R,Black,Event,1,,,,,Blackbeard Pirates,"[Main] Look at 3 cards from the top of your deck; reveal up to 1 ""Blackbeard Pirates"" type card other than [My Era...Begins!!] and add it to your hand. Then, trash the rest.[Trigger] Activate this card's [Main] effect.Disclaimer: This card was reprinted from the original set with changes to the copyright information (Note: the original print did not include ""EN"" at the end of the copyright).",Yes,https://optcgapi.com/media/static/Card_Images/OP09-096_r1.jpg,,1.10,0.90,2026-09-07,
OP09-086_p1,Jesus Burgess (Alternate Art),PRB-02,Premium Booster -The Best- Vol. 2,R,Black,Character,4,5000,,1000,Strike,Blackbeard Pirates,"This Character cannot be K.O.'d by your opponent's effects.If your Leader has the ""Blackbeard Pirates"" type, this Character gains +1000 power for every 4 cards in your trash.",Yes,https://optcgapi.com/media/static/Card_Images/OP09-086_p1.jpg,,65.96,29.00,2026-09-07,
PRB02-005_p1,Monkey.D.Luffy - PRB02-005 (Alternate Art),PRB-02,Premium Booster -The Best- Vol. 2,SR,Green,Character,4,5000,,1000,Strike,Straw Hat Crew Supernovas,"[Your Turn] [On Play] If your Leader is multicolored and your opponent has 7 or less DON!! cards on their field, your opponent rests 1 of their active DON!! cards at the start of their next Main Phase.",Yes,https://optcgapi.com/media/static/Card_Images/PRB02-005_p1.jpg,,16.92,14.98,2026-09-07,
OP10-011_p1,Tony Tony.Chopper (Alternate Art),PRB-02,Premium Booster -The Best- Vol. 2,R,Red,Character,4,4000,,2000,Strike,Straw Hat Crew Punk Hazard,"[Blocker] (After your opponent declares an attack, you may rest this card to make it the new target of the attack.)[Opponent's Turn] This Character gains +2000 power.",Yes,https://optcgapi.com/media/static/Card_Images/OP10-011_p1.jpg,,37.73,19.95,2026-09-07,
EB01-015_p5,Scratchmen Apoo - EB01-015 (Alternate Art),PRB-02,Premium Booster -The Best- Vol. 2,R,Green,Character,1,1000,,2000,Special,On-Air Pirates Supernovas,[On Play] Rest up to 1 of your opponent's Characters with a cost of 2 or less.,Yes,https://optcgapi.com/media/static/Card_Images/EB01-015_p5.jpg,,5.33,2.00,2026-09-07,
EB01-015_r1,Scratchmen Apoo - EB01-015 (Reprint),PRB-02,Premium Booster -The Best- Vol. 2,R,Green,Character,1,1000,,2000,Special,On-Air Pirates Supernovas,"[On Play] Rest up to 1 of your opponent's Characters with a cost of 2 or less.Disclaimer: This card was reprinted from the original set with changes to the copyright information (Note: the original print did not include ""EN"" at the end of the copyright).",Yes,https://optcgapi.com/media/static/Card_Images/EB01-015_r1.jpg,,0.32,0.19,2026-09-07,
PRB02-017_p1,Boa Hancock (Alternate Art),PRB-02,Premium Booster -The Best- Vol. 2,SR,Yellow,Character,5,7000,,0,Special,FILM Kuja Pirates The Seven Warlords of the Sea,[Once Per Turn] You may trash 1 card with a [Trigger] from your hand: Your opponent's rested Leader or up to 1 of your opponent's Characters other than [Monkey.D.Luffy] cannot attack until the end of your opponent's next End Phase.[Trigger] K.O up to 1 of your opponent's Characters with a cost of 4 or less,Yes,https://optcgapi.com/media/static/Card_Images/PRB02-017_p1.jpg,,77.24,39.45,2026-09-07,
OP09-078_p1,Gum-Gum Giant (Manga),PRB-02,Premium Booster -The Best- Vol. 2,R,Purple,Event,1,,,,,Straw Hat Crew The Four Emperors,"[Counter] DON!! 2, You may trash 1 card from your hand: If your Leader has the ""Straw Hat Crew"" type, up to 1 of your Leader or Character cards gains +4000 power during this battle. Then, draw 2 cards.",Yes,https://optcgapi.com/media/static/Card_Images/OP09-078_p1_QtJ1DiN.jpg,,409.60,469.99,2026-09-07,
ST17-002_p1,Trafalgar Law - ST17-002 (Alternate Art),PRB-02,Premium Booster -The Best- Vol. 2,SR,Blue,Character,4,5000,,1000,Slash,Heart Pirates The Seven Warlords of the Sea,"[On Play] You may return 1 of your Characters to the owner's hand: If your Leader has the ""The Seven Warlords of the Sea"" type, return up to 1 Character with a cost of 4 or less to the owner's hand.",Yes,https://optcgapi.com/media/static/Card_Images/ST17-002_p1.jpg,,20.46,10.00,2026-09-07,
ST16-004_p2,Shanks - ST16-004 (Alternate Art),PRB-02,Premium Booster -The Best- Vol. 2,SR,Green,Character,9,11000,,0,Slash,FILM The Four Emperors Red-Haired Pirates,[On Play] K.O. up to 1 of your opponent's rested Characters.,Yes,https://optcgapi.com/media/static/Card_Images/ST16-004_p2.jpg,,51.35,14.99,2026-09-07,
OP09-057_r2,Cross Guild (Manga),PRB-02,Premium Booster -The Best- Vol. 2,R,Blue,Event,1,,,,,Cross Guild,"[Main] Look at 4 cards from the top of your deck; reveal up to 1 ""Cross Guild"" type card and add it to your hand. Then, place the rest at the bottom of your deck in any order.[Trigger] Activate this card's [Main] effect.",Yes,https://optcgapi.com/media/static/Card_Images/OP09-057_r2.jpg,,88.52,69.65,2026-09-07,
OP09-020_r2,Come On!! We'll Fight You!! (Manga),PRB-02,Premium Booster -The Best- Vol. 2,R,Red,Event,1,,,,,The Four Emperors Red-Haired Pirates,"[Main] Look at 5 cards from the top of your deck; reveal up to 1 ""Red-Haired Pirates"" type card other than [Come On!! We'll Fight You!!] and add it to your hand. Then, place the rest at the bottom of your deck in any order.[Trigger] Draw 1 card.",Yes,https://optcgapi.com/media/static/Card_Images/OP09-020_r2.jpg,,74.99,78.17,2026-09-07,
OP09-076_p2,Roronoa Zoro - OP09-076 (Alternate Art),PRB-02,Premium Booster -The Best- Vol. 2,R,Purple,Character,3,5000,,0,Slash,Straw Hat Crew,[On Play] You may return 1 or more DON!! cards from your field to your DON!! deck: Add up to 1 DON!! card from your DON!! deck and set it as active.,Yes,https://optcgapi.com/media/static/Card_Images/OP09-076_p2.jpg,,59.31,50.00,2026-09-07,
PRB-02-EB02-061_r1,Monkey.D.Luffy - EB02-061 (SP),PRB-02,Premium Booster -The Best- Vol. 2,SEC,Purple,Character,6,7000,,0,Strike,Straw Hat Crew Water Seven,"If your Leader is multicolored and your opponent has 5 or more DON!! cards on their field, this Character gains [Rush].[When Attacking] [Once Per Turn] You may return 2 of your active DON!! cards to your DON!! deck: Set this Character as active. Then, add 1 card from the top of your Life cards to your hand.",Yes,https://optcgapi.com/media/static/Card_Images/EB02-061_r1.jpg,,478.59,350.00,2026-09-07,
OP06-047,Charlotte Pudding (SP),PRB-02,Premium Booster -The Best- Vol. 2,R,Blue,Character,4,4000,,1000,Wisdom,Big Mom Pirates,"[On Play] Your opponent returns all cards in their hand to their deck and shuffles their deck. Then, your opponent draws 5 cards.",No,https://optcgapi.com/media/static/Card_Images/OP06-047_p1.jpg,,90.20,44.00,2026-09-07,
OP09-096_p1,My Era...Begins!! (Manga),PRB-02,Premium Booster -The Best- Vol. 2,R,Black,Event,1,,,,,Blackbeard Pirates,"[Main] Look at 3 cards from the top of your deck; reveal up to 1 ""Blackbeard Pirates"" type card other than [My Era...Begins!!] and add it to your hand. Then, trash the rest.[Trigger] Activate this card's [Main] effect.",Yes,https://optcgapi.com/media/static/Card_Images/OP09-096_p1.jpg,,102.95,99.40,2026-09-07,
ST15-002_p2,Edward.Newgate - ST15-002 (Alternate Art),PRB-02,Premium Booster -The Best- Vol. 2,SR,Red,Character,7,8000,,0,Special,The Four Emperors Whitebeard Pirates,[On Play] Give up to 1 rested DON!! card to your Leader or 1 of your Characters.[Activate: Main] You may rest this Character: K.O. up to 1 of your opponent's Characters with 5000 power or less.,Yes,https://optcgapi.com/media/static/Card_Images/ST15-002_p2.jpg,,36.88,19.00,2026-09-07,
OP05-102_r1,Gedatsu (Reprint),PRB-02,Premium Booster -The Best- Vol. 2,R,Yellow,Character,5,6000,,1000,Strike,Sky Island Vassals,"[On Play] K.O. up to 1 of your opponent's Characters with a cost equal to or less than the number of your opponent's Life cards.Disclaimer: This card was reprinted from the original set with changes to the copyright information (Note: the original print did not include ""EN"" at the end of the copyright) and the Artist Credit (Note: there is no pencil design on top of the artist name).",Yes,https://optcgapi.com/media/static/Card_Images/OP05-102_r1.jpg,,0.20,0.10,2026-09-07,
OP06-007_p6,Shanks (SP),PRB-02,Premium Booster -The Best- Vol. 2,SR,Red,Character,10,12000,,0,Slash,FILM The Four Emperors Red-Haired Pirates,[On play] K.O. up to 1 of your opponent's Characters with 10000 power or less.,Yes,https://optcgapi.com/media/static/Card_Images/OP06-007_p6.jpg,,206.95,114.99,2026-09-07,
OP09-076_r2,Roronoa Zoro - OP09-076,PRB-02,Premium Booster -The Best- Vol. 2,R,Purple,Character,3,5000,,0,Slash,Straw Hat Crew,"[On Play] You may return 1 or more DON!! cards from your field to your DON!! deck: Add up to 1 DON!! card from your DON!! deck and set it as active.Disclaimer: This card was reprinted from the original set with changes to the copyright information (Note: the original print did not include ""EN"" at the end of the copyright).",Yes,https://optcgapi.com/media/static/Card_Images/OP09-076_r2.jpg,,0.24,0.15,2026-09-07,
OP02-068_p1,Gum-Gum Rain (Alternate Art),PRB-02,Premium Booster -The Best- Vol. 2,R,Blue,Event,0,,,,,Straw Hat Crew Impel Down,[Counter] You may trash 1 card from your hand: Up to 1 of your Leader or Character cards gains +3000 power during this battle.[Trigger] Return up to 1 Character with a cost of 2 or less to the owner's hand.,Yes,https://optcgapi.com/media/static/Card_Images/OP02-068_p1.jpg,,54.51,15.99,2026-09-07,
PRB-02-OP05-091_p1,Rebecca (SP),PRB-02,Premium Booster -The Best- Vol. 2,SR,Black,Character,4,0,,1000,Wisdom,Dressrosa,"[Blocker][On Play] Add up to 1 black Character card with a cost of 3 to 7 other than [Rebecca] from your trash to your hand. Then, play up to 1 black Character card with a cost of 3 or less from your hand rested.",Yes,https://optcgapi.com/media/static/Card_Images/OP05-091_p1_LMalLg1.jpg,,136.83,50.00,2026-09-07,
PRB-02-OP08-023_p1,Carrot (SP),PRB-02,Premium Booster -The Best- Vol. 2,SR,Green,Character,5,6000,,1000,Special,Minks,[On Play]/[When Attacking] Up to 1 of your opponent's rested Characters with a cost of 7 or less will not become active in your opponent's next Refresh Phase.,Yes,https://optcgapi.com/media/static/Card_Images/OP08-023_p1_8FjIUrx.jpg,,104.96,49.99,2026-09-07,
OP10-095_r1,Roronoa Zoro - OP10-095 (Reprint),PRB-02,Premium Booster -The Best- Vol. 2,R,Black,Character,4,6000,,0,Slash,Straw Hat Crew Supernovas Dressrosa,"[On Play] You may rest 1 of your ""Dressrosa"" type Leader or Stage cards: K.O. up to 1 of your opponent's Characters with a cost of 4 or less. Then, trash 2 cards from the top of your deck.Disclaimer: This card was reprinted from the original set with changes to the copyright information (Note: the original print did not include ""EN"" at the end of the copyright).",Yes,https://optcgapi.com/media/static/Card_Images/OP10-095_r1.jpg,,0.17,0.09,2026-09-07,
EB01-051_p1,Finger Pistol (Alternate Art),PRB-02,Premium Booster -The Best- Vol. 2,R,Black,Event,4,,,,,CP9,[Main] You may trash 2 cards from the top of your deck: K.O. up to 1 of your opponent's Characters with a cost of 5 or less.,Yes,https://optcgapi.com/media/static/Card_Images/EB01-051_p1.jpg,,8.45,2.91,2026-09-07,
OP07-021_r2,Urouge (Reprint),PRB-02,Premium Booster -The Best- Vol. 2,R,Green,Character,4,5000,,1000,Strike,Fallen Monk Pirates Supernovas,"[Blocker] (After your opponent declares an attack, you may rest this card to make it the new target of the attack.)[End of Your Turn] Set up to 1 of your DON!! cards as active.Disclaimer: This card was reprinted from the original set with changes to the copyright information (Note: the original print did not include ""EN"" at the end of the copyright).",Yes,https://optcgapi.com/media/static/Card_Images/OP07-021_r2.jpg,,0.13,0.05,2026-09-07,
PRB-02-OP10-119_p1,Trafalgar Law - OP10-119 (SP),PRB-02,Premium Booster -The Best- Vol. 2,SEC,Yellow,Character,7,9000,,0,Slash,Heart Pirates Supernovas Dressrosa,"[On Play] Reveal up to 1 ""Supernovas"" type Character card from your hand and add it to the top of your Life cards face-down. Then, give up to 1 rested DON!! card to 1 of your ""Supernovas"" type Leader.",Yes,https://optcgapi.com/media/static/Card_Images/OP10-119_p1_sEtXfvx.jpg,,168.02,109.99,2026-09-07,
OP09-005_r1,Silvers Rayleigh - OP09-005 (Reprint),PRB-02,Premium Booster -The Best- Vol. 2,R,Red,Character,5,6000,,0,Slash,Roger Pirates,"[Blocker] (After your opponent declares an attack, you may rest this card to make it the new target of the attack.)[On Play] If your opponent has 2 or more Characters with a base power of 5000 or more, draw 2 cards and trash 1 card from your hand.Disclaimer: This card was reprinted from the original set with changes to the copyright information (Note: the original print did not include ""EN"" at the end of the copyright).",Yes,https://optcgapi.com/media/static/Card_Images/OP09-005_r1.jpg,,0.14,0.08,2026-09-07,
OP06-119_p3,Sanji - OP06-119 (Manga),PRB-02,Premium Booster -The Best- Vol. 2,SEC,Blue,Character,9,9000,,0,Strike,Straw Hat Crew,"[On Play] Reveal 1 card from the top of your deck and play up to 1 Character with a cost of 9 or less other than [Sanji]. Then, place the rest at the bottom of your deck.",Yes,https://optcgapi.com/media/static/Card_Images/OP06-119_p3.jpg,,2194.00,900.00,2026-09-07,
OP09-057_r1,Cross Guild (Reprint),PRB-02,Premium Booster -The Best- Vol. 2,R,Blue,Event,1,,,,,Cross Guild,"[Main] Look at 4 cards from the top of your deck; reveal up to 1 ""Cross Guild"" type card and add it to your hand. Then, place the rest at the bottom of your deck in any order.[Trigger] Activate this card's [Main] effect.Disclaimer: This card was reprinted from the original set with changes to the copyright information (Note: the original print did not include ""EN"" at the end of the copyright).",Yes,https://optcgapi.com/media/static/Card_Images/OP09-057_r1_Ert5om6.jpg,,0.13,0.09,2026-09-07,
OP09-086_r2,Jesus Burgess (Reprint),PRB-02,Premium Booster -The Best- Vol. 2,R,Black,Character,4,5000,,0,Strike,Blackbeard Pirates,"This Character cannot be K.O.'d by your opponent's effects.If your Leader has the ""Blackbeard Pirates"" type, this Character gains +1000 power for every 4 cards in your trash.Disclaimer: This card was reprinted from the original set with changes to the copyright information (Note: the original print did not include ""EN"" at the end of the copyright).",Yes,https://optcgapi.com/media/static/Card_Images/OP09-086_r2.jpg,,0.13,0.10,2026-09-07,
OP09-056_r2,Mr.3(Galdino) - OP09-056 (Reprint),PRB-02,Premium Booster -The Best- Vol. 2,R,Blue,Character,1,2000,,0,Special,Former Baroque Works Cross Guild,"[On Play] Look at 4 cards from the top of your deck; reveal up to 1 ""Cross Guild"" type card or card with a type including ""Baroque Works"" other than [Mr.3(Galdino)] and add it to your hand. Then, place the rest at the bottom of your deck in any order.Disclaimer: This card was reprinted from the original set with changes to the copyright information (Note: the original print did not include ""EN"" at the end of the copyright).",Yes,https://optcgapi.com/media/static/Card_Images/OP09-056_r2.jpg,,0.13,0.07,2026-09-07,
OP13-054,Yamato,OP-13,Carrying On His Will,SR,Blue,Character,5,6000,,1000,Strike,Land of Wano,"[On Play] If you have 3 or less Life cards, draw 2 cards. Then, give up to 1 rested DON!! card to your Leader.",No,https://optcgapi.com/media/static/Card_Images/OP13-054_3WUipek.jpg,,0.41,0.24,2026-09-07,
OP13-042,Edward.Newgate,OP-13,Carrying On His Will,SR,Blue,Character,10,12000,,0,Special,The Four Emperors Whitebeard Pirates,"[Blocker]
[On Play] Draw 2 cards and trash 1 card from your hand. Then, give your Leader and 1 Character up to 2 rested DON!! cards each.",No,https://optcgapi.com/media/static/Card_Images/OP13-042_cORQUwo.jpg,,0.65,0.67,2026-09-07,
OP13-108,Jewelry Bonney (108),OP-13,Carrying On His Will,SR,Yellow,Character,9,10000,,0,Special,Bonney Pirates Egghead,"[On Play] If your Leader has the ""Egghead"" type, this Character gains [Rush] during this turn. Then, your opponent adds 1 card from the top of their Life cards to their hand.
[Trigger] If you have 1 or less Life cards, rest up to 1 of your opponent's Characters with a cost of 7 or less.",No,https://optcgapi.com/media/static/Card_Images/OP13-108_MzSUtnf.jpg,,1.41,1.26,2026-09-07,
OP13-066,Silvers Rayleigh,OP-13,Carrying On His Will,SR,Purple,Character,8,9000,,0,Slash,Roger Pirates,"[Rush]
[On Play] If you have any DON!! cards given, rest up to 1 of your opponent's Characters with a cost of 5 or less. Then, add up to 1 DON!! card from your DON!! deck and set it as active at the end of this turn.",No,https://optcgapi.com/media/static/Card_Images/OP13-066_mZjUgJ3.jpg,,0.28,0.20,2026-09-07,
OP13-028,Shanks (028),OP-13,Carrying On His Will,SR,Green,Character,10,12000,,0,Slash,FILM The Four Emperors Red-Haired Pirates,"[On Play] Set all of your DON!! cards as active. Then, you cannot play cards from your hand during this turn.",No,https://optcgapi.com/media/static/Card_Images/OP13-028_UaROPGm.jpg,,0.43,0.25,2026-09-07,
OP13-023,Uta,OP-13,Carrying On His Will,SR,Green,Character,4,5000,,1000,Special,FILM,"[On Play] Set up to 2 of your DON!! cards as active. Then, you cannot play Character cards with a base cost of 5 or more during this turn.
[On K.O.] Play up to 1 Character card with a cost of 5 or less from your hand rested.",No,https://optcgapi.com/media/static/Card_Images/OP13-023_BcP4IIz.jpg,,0.50,0.24,2026-09-07,
OP13-110,Stussy,OP-13,Carrying On His Will,SR,Yellow,Character,7,7000,,0,Special,CP0 Egghead,"[Blocker]
[On Play] If your Leader has the ""Egghead"" type, play up to 1 Character card with a cost of 5 or less and a [Trigger] from your hand.",No,https://optcgapi.com/media/static/Card_Images/OP13-110_4U0fObw.jpg,,0.34,0.24,2026-09-07,
OP13-007,Ace & Sabo & Luffy,OP-13,Carrying On His Will,SR,Red,Character,1,1000,,2000,Strike,Goa Kingdom,[Activate: Main] You may give 1 of your active DON!! cards to 1 of your Leader or Character cards and trash this Character: Give up to 1 of your opponent's Characters 3000 power during this turn.,No,https://optcgapi.com/media/static/Card_Images/OP13-007_cqp8TzS.jpg,,2.32,2.99,2026-09-07,
OP13-064,Gol.D.Roger (064),OP-13,Carrying On His Will,SR,Purple,Character,10,13000,,0,Slash,Roger Pirates King of the Pirates,"Your Leader and all of your Characters that do not have a type including ""Roger Pirates"" have their effects negated.
[On Play] DON!! 3: Your Leader gains +2000 power until the end of your opponent's next End Phase. Then, give all of your opponent's Characters -2000 power until the end of your opponent's next End Phase.",No,https://optcgapi.com/media/static/Card_Images/OP13-064_a6yIXi4.jpg,,0.34,0.24,2026-09-07,
OP13-118,Monkey.D.Luffy (118),OP-13,Carrying On His Will,SEC,Green,Character,6,7000,,0,Strike,Straw Hat Crew Supernovas Fish-Man Island,"[Double Attack]
[On Play] If your Leader is multicolored, set up to 4 of your DON!! cards as active. Then, you cannot play Character cards with a base cost of 5 or more during this turn.",No,https://optcgapi.com/media/static/Card_Images/OP13-118_AZWGnsD.jpg,,13.83,12.00,2026-09-07,
OP13-120,Sabo (120) (SP),OP-13,Carrying On His Will,SEC,Black,Character,6,7000,,0,Special,Revolutionary Army Dressrosa,"[Blocker]
[Activate: Main] [Once Per Turn] Up to 1 of your Characters gains +2 cost until the end of your opponent's next turn. Then, give up to 1 rested DON!! card to your Leader.",No,https://optcgapi.com/media/static/Card_Images/OP13-120_z0pbdkv.jpg,,13.39,12.70,2026-09-07,
OP13-119,Portgas.D.Ace (119),OP-13,Carrying On His Will,SEC,Blue,Character,6,7000,,0,Special,Whitebeard Pirates,"If you have 3 or less Life cards, this Character gains [Rush].
[On Play] Give up to 1 rested DON!! card to your Leader. Then, you may return up to 1 of your opponent's Characters with a cost of 5 or less to the owner's hand. If you do, your opponent plays up to 1 Character card with a cost of 4 or less from their hand.",No,https://optcgapi.com/media/static/Card_Images/OP13-119_2YugQh1.jpg,,2.03,1.28,2026-09-07,
OP13-065_p1,Shanks (065) (Alternate Art),OP-13,Carrying On His Will,R,Purple,Character,1,2000,,1000,Slash,Roger Pirates,"[On Play] Look at 5 cards from the top of your deck; reveal up to 1 card with a type including ""Roger Pirates"" other than [Shanks] and add it to your hand. Then, place the rest at the bottom of your deck in any order.",Yes,https://optcgapi.com/media/static/Card_Images/OP13-065_p1_2rAgYMu.jpg,,7.81,6.46,2026-09-07,
OP13-016_p1,Monkey.D.Garp (Alternate Art),OP-13,Carrying On His Will,R,Red,Character,1,2000,,1000,Strike,Navy,"[On Play] If your Leader is [Sabo], [Portgas.D.Ace] or [Monkey.D.Luffy], look at 4 cards from the top of your deck; reveal up to 1 card with a cost of 3 or more and add it to your hand. Then, place the rest at the bottom of your deck in any order.",Yes,https://optcgapi.com/media/static/Card_Images/OP13-016_p1_OvF5vix.jpg,,21.64,13.00,2026-09-07,
OP13-113_p1,Lilith (Alternate Art),OP-13,Carrying On His Will,R,Yellow,Character,1,2000,,1000,Wisdom,Scientist Egghead,"[On Play] Look at 4 cards from the top of your deck; reveal up to 1 card with a [Trigger] other than [Lilith] and add it to your hand. Then, place the rest at the bottom of your deck in any order.
[Trigger] Activate this card's [On Play] effect.",Yes,https://optcgapi.com/media/static/Card_Images/OP13-113_p1_Tn6Q6cv.jpg,,11.30,9.00,2026-09-07,
OP13-066_p1,Silvers Rayleigh (Alternate Art),OP-13,Carrying On His Will,SR,Purple,Character,8,9000,,0,Slash,Roger Pirates,"[Rush]
[On Play] If you have any DON!! cards given, rest up to 1 of your opponent's Characters with a cost of 5 or less. Then, add up to 1 DON!! card from your DON!! deck and set it as active at the end of this turn.",Yes,https://optcgapi.com/media/static/Card_Images/OP13-066_p1_YADp4US.jpg,,3.74,3.75,2026-09-07,
OP13-023_p1,Uta (Alternate Art),OP-13,Carrying On His Will,SR,Green,Character,4,5000,,1000,Special,FILM,"[On Play] Set up to 2 of your DON!! cards as active. Then, you cannot play Character cards with a base cost of 5 or more during this turn.
[On K.O.] Play up to 1 Character card with a cost of 5 or less from your hand rested.",Yes,https://optcgapi.com/media/static/Card_Images/OP13-023_p1_QoP0Ctw.jpg,,5.74,4.96,2026-09-07,
OP13-054_p1,Yamato (Alternate Art),OP-13,Carrying On His Will,SR,Blue,Character,5,6000,,1000,Strike,Land of Wano,"[On Play] If you have 3 or less Life cards, draw 2 cards. Then, give up to 1 rested DON!! card to your Leader.",Yes,https://optcgapi.com/media/static/Card_Images/OP13-054_p1_70Fwd6z.jpg,,13.56,13.41,2026-09-07,
OP13-120_p1,Sabo (120) (Parallel),OP-13,Carrying On His Will,SEC,Black,Character,6,7000,,0,Special,Revolutionary Army Dressrosa,"[Blocker][Activate: Main] [Once Per Turn] Up to 1 of your Characters gains +2 cost until the end of your opponent's next turn. Then, give up to 1 rested DON!! card to your Leader.",Yes,https://optcgapi.com/media/static/Card_Images/OP13-120_p1_2A43PIv.jpg,,19.68,18.25,2026-09-07,
OP13-027_p1,Sanji (Alternate Art),OP-13,Carrying On His Will,R,Green,Character,5,7000,,0,Strike,FILM Straw Hat Crew,"[On Play] Set up to 2 of your DON!! cards as active.
[End of Your Turn] If your Leader has the ""FILM"" or ""Straw Hat Crew"" type, set up to 1 of your DON!! cards as active.",Yes,https://optcgapi.com/media/static/Card_Images/OP13-027_p1_M0OVDMA.jpg,,13.60,10.05,2026-09-07,
OP13-002_p1,Portgas.D.Ace (002) (Alternate Art),OP-13,Carrying On His Will,L,Blue Red,Leader,,6000,3,,Special,Whitebeard Pirates,"[On Your Opponent's Attack] [Once Per Turn] You may trash 1 card from your hand: Give up to 1 of your opponent's Leader or Character cards 2000 power during this battle.
[DON!! x1] [Once Per Turn] When you take damage or your Character with 6000 base power or more is K.O.'d, draw 1 card.",Yes,https://optcgapi.com/media/static/Card_Images/OP13-002_p1_9XMhMTI.jpg,,20.36,18.99,2026-09-07,
OP13-083_p1,St. Jaygarcia Saturn (Alternate Art),OP-13,Carrying On His Will,R,Black,Character,4,5000,,1000,Special,Celestial Dragons Five Elders,"If you have 7 or more cards in your trash, this Character cannot be removed from the field by your opponent's effects.
[On Play] Look at 5 cards from the top of your deck; reveal up to 1 ""Five Elders"" type card and add it to your hand. Then, place the rest at the bottom of your deck in any order.",Yes,https://optcgapi.com/media/static/Card_Images/OP13-083_p1_DyviEiB.jpg,,24.27,12.99,2026-09-07,
OP13-079_p1,Imu (Alternate Art),OP-13,Carrying On His Will,L,Black,Leader,,5000,4,,?,?,"Under the rules of this game, you cannot include Events with a cost of 2 or more in your deck and at the start of the game, play up to 1 [Mary Geoise] type Stage card from your deck.[Activate: Main] [Once Per Turn] You may trash 1 of your [Celestial Dragons] type Characters or 1 card from your hand: Draw 1 card.",Yes,https://optcgapi.com/media/static/Card_Images/OP13-079_p1_ZUsrXMm.jpg,,25.03,17.99,2026-09-07,
OP13-110_p1,Stussy (Alternate Art),OP-13,Carrying On His Will,SR,Yellow,Character,7,7000,,0,Special,CP0 Egghead,"[Blocker]
[On Play] If your Leader has the ""Egghead"" type, play up to 1 Character card with a cost of 5 or less and a [Trigger] from your hand.",Yes,https://optcgapi.com/media/static/Card_Images/OP13-110_p1_b3Ihbdz.jpg,,14.57,12.80,2026-09-07,
OP13-118_p1,Monkey.D.Luffy (118) (Parallel),OP-13,Carrying On His Will,SEC,Green,Character,6,7000,,0,Strike,Straw Hat Crew Supernovas Fish-Man Island,"[Double Attack][On Play] If your Leader is multicolored, set up to 4 of your DON!! cards as active. Then, you cannot play Character cards with a base cost of 5 or more during this turn.",Yes,https://optcgapi.com/media/static/Card_Images/OP13-118_p1_Ly1IuQY.jpg,,80.96,65.00,2026-09-07,
OP13-114_p1,S-Snake (Alternate Art),OP-13,Carrying On His Will,R,Yellow,Character,4,5000,,1000,Special,Egghead Seraphim,"[On Play]/[When Attacking] You may turn 1 card from the top of your Life cards face-up: Give up to 1 of your opponent's Characters 2000 power during this turn.
[Trigger] You may trash 1 card from your hand: Play this card.",Yes,https://optcgapi.com/media/static/Card_Images/OP13-114_p1_OWb9veP.jpg,,3.71,3.00,2026-09-07,
OP13-089_p1,St. Topman Warcury (Alternate Art),OP-13,Carrying On His Will,R,Black,Character,4,5000,,1000,Special,Celestial Dragons Five Elders,"If you have 7 or more cards in your trash, this Character cannot be removed from the field by your opponent's effects and gains [Blocker].
[On K.O.] Draw 1 card.",Yes,https://optcgapi.com/media/static/Card_Images/OP13-089_p1_r3ef0LC.jpg,,21.05,21.63,2026-09-07,
OP13-007_p1,Ace & Sabo & Luffy (Alternate Art),OP-13,Carrying On His Will,SR,Red,Character,1,1000,,2000,Strike,Goa Kingdom,[Activate: Main] You may give 1 of your active DON!! cards to 1 of your Leader or Character cards and trash this Character: Give up to 1 of your opponent's Characters 3000 power during this turn.,Yes,https://optcgapi.com/media/static/Card_Images/OP13-007_p1_UuwwQ8I.jpg,,24.07,23.03,2026-09-07,
OP13-003_p1,Gol.D.Roger (003) (Alternate Art),OP-13,Carrying On His Will,L,Purple Red,Leader,,7000,5,,Slash,Roger Pirates King of the Pirates,"If you have any DON!! cards on your field, 1 DON!! card placed during your DON!! Phase is given to your Leader.
If you have 9 or less DON!! cards on your field, give this Leader 2000 power.",Yes,https://optcgapi.com/media/static/Card_Images/OP13-003_p1_GrKKKHI.jpg,,23.09,19.95,2026-09-07,
OP13-042_p1,Edward.Newgate (Alternate Art),OP-13,Carrying On His Will,SR,Blue,Character,10,12000,,0,Special,The Four Emperors Whitebeard Pirates,"[Blocker]
[On Play] Draw 2 cards and trash 1 card from your hand. Then, give your Leader and 1 Character up to 2 rested DON!! cards each.",Yes,https://optcgapi.com/media/static/Card_Images/OP13-042_p1_WwBji85.jpg,,14.38,14.38,2026-09-07,
OP13-080_p1,St. Ethanbaron V. Nusjuro (Alternate Art),OP-13,Carrying On His Will,R,Black,Character,6,5000,,1000,Slash,Celestial Dragons Five Elders,"If you have 7 or more cards in your trash, this Character cannot be removed from the field by your opponent's effects and gains [Rush].
[When Attacking] If you have 10 or more cards in your trash, give up to 1 of your opponent's Characters 2000 power during this turn.",Yes,https://optcgapi.com/media/static/Card_Images/OP13-080_p1_Znm7jSk.jpg,,22.59,21.98,2026-09-07,
OP13-091_p1,St. Marcus Mars (Alternate Art),OP-13,Carrying On His Will,R,Black,Character,6,5000,,1000,Special,Celestial Dragons Five Elders,"If you have 7 or more cards in your trash, this Character cannot be removed from the field by your opponent's effects and gains [Blocker].
[On Play] You may trash 1 card from your hand: K.O. up to 1 of your opponent's Characters with a base cost of 5 or less.",Yes,https://optcgapi.com/media/static/Card_Images/OP13-091_p1_lf28Mou.jpg,,24.84,23.00,2026-09-07,
OP13-119_p1,Portgas.D.Ace (119) (Parallel),OP-13,Carrying On His Will,SEC,Blue,Character,6,7000,,0,Special,Whitebeard Pirates,"If you have 3 or less Life cards, this Character gains [Rush].[On Play] Give up to 1 rested DON!! card to your Leader. Then, you may return up to 1 of your opponent's Characters with a cost of 5 or less to the owner's hand. If you do, your opponent plays up to 1 Character card with a cost of 4 or less from their hand.",Yes,https://optcgapi.com/media/static/Card_Images/OP13-119_p1_duXGvRJ.jpg,,18.51,18.00,2026-09-07,
OP13-004_p1,Sabo (004) (Alternate Art),OP-13,Carrying On His Will,L,Red Black,Leader,,5000,5,,Special,Revolutionary Army Dressrosa,"If you have 4 or more Life cards, give this Leader 1000 power.
[DON!! x1] If you have a Character with a cost of 8 or more, your Leader and all of your Characters gain +1000 power.",Yes,https://optcgapi.com/media/static/Card_Images/OP13-004_p1_EdPEmQv.jpg,,39.61,15.49,2026-09-07,
OP13-051_p1,Boa Hancock (Alternate Art),OP-13,Carrying On His Will,R,Blue,Character,3,5000,,0,Special,Kuja Pirates The Seven Warlords of the Sea,"[On K.O.] If your Leader is [Boa Hancock] or multicolored, draw 2 cards.",Yes,https://optcgapi.com/media/static/Card_Images/OP13-051_p1_vuQ63Jj.jpg,,16.25,15.99,2026-09-07,
OP13-084_p1,St. Shepherd Ju Peter (Alternate Art),OP-13,Carrying On His Will,R,Black,Character,7,5000,,2000,Special,Celestial Dragons Five Elders,"If you have 7 or more cards in your trash, this Character cannot be removed from the field by your opponent's effects.
[Your Turn] If you have 10 or more cards in your trash, set the base power of all of your ""Five Elders"" type Characters to 7000.",Yes,https://optcgapi.com/media/static/Card_Images/OP13-084_p1_oqpeaa5.jpg,,17.13,13.00,2026-09-07,
OP11-058_p1,Monkey.D.Luffy - OP11-058 (TR),OP-13,Carrying On His Will,TR,Blue,Character,5,7000,,1000,Strike,Straw Hat Crew,"If you have 5 or more cards in your hand, this Character cannot attack.[Blocker] (After your opponent declares an attack, you may rest this card to make it the new target of the attack.)",Yes,https://optcgapi.com/media/static/Card_Images/OP11-058_p1.jpg,,45.75,40.00,2026-09-07,
OP13-100_p1,Jewelry Bonney (100) (Alternate Art),OP-13,Carrying On His Will,L,Yellow,Leader,,5000,5,,Special,Bonney Pirates Egghead,[Your Turn] [Once Per Turn] This effect can be activated when you play a Character with a [Trigger]. Give up to 2 rested DON!! cards to 1 of your Leader or Character cards.,Yes,https://optcgapi.com/media/static/Card_Images/OP13-100_p1_IzreIOG.jpg,,14.14,9.00,2026-09-07,
OP13-001_p1,Monkey.D.Luffy (001) (Alternate Art),OP-13,Carrying On His Will,L,Green Red,Leader,,5000,4,,Strike,Straw Hat Crew Supernovas,"[DON!! x1] [On Your Opponent's Attack] If you have 5 or less active DON!! cards, you may rest any number of your DON!! cards. For every DON!! card rested this way, this Leader or up to 1 of your ""Straw Hat Crew"" type Characters gains +2000 power during this battle.",Yes,https://optcgapi.com/media/static/Card_Images/OP13-001_p1_ovgL62d.jpg,,47.54,34.99,2026-09-07,
OP13-108_p1,Jewelry Bonney (108) (Alternate Art),OP-13,Carrying On His Will,SR,Yellow,Character,9,10000,,0,Special,Bonney Pirates Egghead,"[On Play] If your Leader has the ""Egghead"" type, this Character gains [Rush] during this turn. Then, your opponent adds 1 card from the top of their Life cards to their hand.
[Trigger] If you have 1 or less Life cards, rest up to 1 of your opponent's Characters with a cost of 7 or less.",Yes,https://optcgapi.com/media/static/Card_Images/OP13-108_p1_L2qVa00.jpg,,13.09,9.00,2026-09-07,
OP13-064_p1,Gol.D.Roger (064) (Alternate Art),OP-13,Carrying On His Will,SR,Purple,Character,10,13000,,0,Slash,Roger Pirates King of the Pirates,"Your Leader and all of your Characters that do not have a type including ""Roger Pirates"" have their effects negated.
[On Play] DON!! 3: Your Leader gains +2000 power until the end of your opponent's next End Phase. Then, give all of your opponent's Characters 2000 power until the end of your opponent's next End Phase.",Yes,https://optcgapi.com/media/static/Card_Images/OP13-064_p1_vix6oRm.jpg,,12.76,9.95,2026-09-07,
OP13-076_p1,Divine Departure (Alternate Art),OP-13,Carrying On His Will,R,Purple,Event,0,,,,,Roger Pirates King of the Pirates,"[Main] You may rest 5 of your DON!! cards: If you have any DON!! cards given, give up to 1 of your opponent's Characters 8000 power during this turn.
[Counter] You may trash 1 card from your hand: Up to 1 of your Leader or Character cards gains +3000 power during this battle.",Yes,https://optcgapi.com/media/static/Card_Images/OP13-076_p1_sBzOJ6b.jpg,,79.06,45.00,2026-09-07,
OP13-028_p1,Shanks (028) (Alternate Art),OP-13,Carrying On His Will,SR,Green,Character,10,12000,,0,Slash,FILM The Four Emperors Red-Haired Pirates,"[On Play] Set all of your DON!! cards as active. Then, you cannot play cards from your hand during this turn.",Yes,https://optcgapi.com/media/static/Card_Images/OP13-028_p1_rvGiRHX.jpg,,7.05,7.02,2026-09-07,
OP13-119_p4,Portgas.D.Ace (119) (Wanted Poster),OP-13,Carrying On His Will,SEC,Blue,Character,6,7000,,0,Special,Whitebeard Pirates,"If you have 3 or less Life cards, this Character gains [Rush].[On Play] Give up to 1 rested DON!! card to your Leader. Then, you may return up to 1 of your opponent's Characters with a cost of 5 or less to the owner's hand. If you do, your opponent plays up to 1 Character card with a cost of 4 or less from their hand.",Yes,https://optcgapi.com/media/static/Card_Images/OP13-119_p4.jpg,,433.10,160.00,2026-09-07,
OP09-119_p3,Monkey.D.Luffy - OP09-119 (SP),OP-13,Carrying On His Will,SEC,Purple,Character,9,10000,,0,Strike,Straw Hat Crew,[On Play] You may return 1 or more DON!! cards from your field to your DON!! deck: Draw 1 card and this Character gains [Rush] during this turn.,Yes,https://optcgapi.com/media/static/Card_Images/OP09-119_p3.jpg,,376.33,228.05,2026-09-07,
OP10-030_p2,Smoker - OP10-030 (SP),OP-13,Carrying On His Will,SR,Green,Character,5,7000,,0,Slash,Navy Punk Hazard,"[Banish] (When this card deals damage, the target card is trashed without activating its Trigger.)[Activate: Main] Set up to 1 of your DON!! cards as active. Then, you cannot set DON!! cards as active using Character effects during this turn.",Yes,https://optcgapi.com/media/static/Card_Images/OP10-030_p2.jpg,,88.62,50.00,2026-09-07,
OP07-111_p2,Lilith - OP07-111 (SP),OP-13,Carrying On His Will,SR,Yellow,Character,3,5000,,0,Wisdom,Scientist Egghead,"[On Play] Look at 5 cards from the top of your deck; reveal up to 1 [Egghead] type card other than [Lilith] and add it to your hand. Then, place the rest at the bottom of your deck in any order.[Trigger] If your Leader is [Vegapunk], play this card.",Yes,https://optcgapi.com/media/static/Card_Images/OP07-111_p2.jpg,,58.53,43.98,2026-09-07,
OP09-009_p3,Benn.Beckman (SP),OP-13,Carrying On His Will,SR,Red,Character,7,7000,,1000,Ranged,Red-Haired Pirates,[On Play] Trash up to 1 of your opponent's Characters with 6000 power or less.,Yes,https://optcgapi.com/media/static/Card_Images/OP09-009_p3.jpg,,50.22,35.00,2026-09-07,
OP09-118_p3,Gol.D.Roger - OP09-118 (SP) (Wanted Poster),OP-13,Carrying On His Will,SEC,Red,Character,10,13000,,0,Slash,Roger Pirates King of the Pirates,"[Rush] (This card can attack on the turn in which it is played.)When your opponent activates [Blocker], if either you or your opponent has 0 Life cards, you win the game.",Yes,https://optcgapi.com/media/static/Card_Images/OP09-118_p3.jpg,,174.00,124.99,2026-09-07,
EB02-028_p1,Portgas.D.Ace - EB02-028 (SP),OP-13,Carrying On His Will,R,Blue,Character,5,5000,,1000,Special,Alabasta Whitebeard Pirates,"[On Play] If your Leader's type includes ""Whitebeard Pirates"", look at 5 cards from the top of your deck; reveal up to 1 Character card with a cost of 2 and add it to your hand. Then, place the rest at the bottom of your deck in any order and play up to 1 Character card with a cost of 2 from your hand rested.",Yes,https://optcgapi.com/media/static/Card_Images/EB02-028_p1.jpg,,123.93,99.12,2026-09-07,
OP07-118_p2,Sabo - OP07-118 (SP),OP-13,Carrying On His Will,SEC,Black,Character,8,9000,,0,Special,Revolutionary Army,[On Play] You may trash 1 card from your hand: K.O. up to 1 of your opponent's Characters with a cost of 5 or less and up to 1 of your opponent's Characters with a cost of 3 or less.,Yes,https://optcgapi.com/media/static/Card_Images/OP07-118_p2.jpg,,68.83,50.00,2026-09-07,
OP13-120_p4,Sabo (120) (Wanted Poster),OP-13,Carrying On His Will,SEC,Black,Character,6,7000,,0,Special,Revolutionary Army Dressrosa,"[Blocker][Activate: Main] [Once Per Turn] Up to 1 of your Characters gains +2 cost until the end of your opponent's next turn. Then, give up to 1 rested DON!! card to your Leader.",Yes,https://optcgapi.com/media/static/Card_Images/OP13-120_p4.jpg,,125.62,95.62,2026-09-07,
OP13-118_p4,Monkey.D.Luffy (118) (Wanted Poster),OP-13,Carrying On His Will,SEC,Green,Character,6,7000,,0,Strike,Straw Hat Crew Supernovas Fish-Man Island,"[Double Attack][On Play] If your Leader is multicolored, set up to 4 of your DON!! cards as active. Then, you cannot play Character cards with a base cost of 5 or more during this turn.",Yes,https://optcgapi.com/media/static/Card_Images/OP13-118_p4.jpg,,330.92,244.95,2026-09-07,
OP13-120_p2,Sabo (120) (Super Alternate Art),OP-13,Carrying On His Will,SEC,Black,Character,6,7000,,0,Special,Revolutionary Army Dressrosa,"[Blocker][Activate: Main] [Once Per Turn] Up to 1 of your Characters gains +2 cost until the end of your opponent's next turn. Then, give up to 1 rested DON!! card to your Leader.",Yes,https://optcgapi.com/media/static/Card_Images/OP13-120_p2.jpg,,748.62,500.00,2026-09-07,
OP13-119_p2,Portgas.D.Ace (119) (Super Alternate Art),OP-13,Carrying On His Will,SEC,Blue,Character,6,7000,,0,Special,Whitebeard Pirates,"If you have 3 or less Life cards, this Character gains [Rush].[On Play] Give up to 1 rested DON!! card to your Leader. Then, you may return up to 1 of your opponent's Characters with a cost of 5 or less to the owner's hand. If you do, your opponent plays up to 1 Character card with a cost of 4 or less from their hand.",Yes,https://optcgapi.com/media/static/Card_Images/OP13-119_p2.jpg,,1085.64,910.00,2026-09-07,
OP13-118_p2,Monkey.D.Luffy (118) (Super Alternate Art),OP-13,Carrying On His Will,SEC,Green,Character,6,7000,,0,Strike,Straw Hat Crew Supernovas Fish-Man Island,"[Double Attack][On Play] If your Leader is multicolored, set up to 4 of your DON!! cards as active. Then, you cannot play Character cards with a base cost of 5 or more during this turn.",Yes,https://optcgapi.com/media/static/Card_Images/OP13-118_p2.jpg,,2116.43,2999.00,2026-09-07,
OP09-004_p6,Shanks - OP09-004 (SP) (Silver),OP-13,Carrying On His Will,SR,Red,Character,10,12000,,0,Slash,The Four Emperors Red-Haired Pirates,Give all of your opponent's Characters 1000 power.[Rush] (This card can attack on the turn in which it is played.),Yes,https://optcgapi.com/media/static/Card_Images/OP09-004_p6.jpg,,1070.71,625.00,2026-09-07,
OP13-119_p3,Portgas.D.Ace (119) (Red Super Alternate Art),OP-13,Carrying On His Will,SEC,Blue,Character,6,7000,,0,Special,Whitebeard Pirates,"If you have 3 or less Life cards, this Character gains [Rush].[On Play] Give up to 1 rested DON!! card to your Leader. Then, you may return up to 1 of your opponent's Characters with a cost of 5 or less to the owner's hand. If you do, your opponent plays up to 1 Character card with a cost of 4 or less from their hand.",Yes,https://optcgapi.com/media/static/Card_Images/OP13-119_p3.jpg,,4420.37,5500.00,2026-09-07,
OP13-120_p3,Sabo (120) (Red Super Alternate Art),OP-13,Carrying On His Will,SEC,Black,Character,6,7000,,0,Special,Dressrosa/Revolutionary Army,"[Blocker] [Activate: Main] [Once Per Turn] Up to 1 of your Characters gains +2 cost until the end of your opponent's next turn. Then, give up to 1 rested DON!! card to your Leader.",Yes,https://optcgapi.com/media/static/Card_Images/OP13-120_p3.jpg,,4749.98,15000.00,2026-09-07,
OP13-118_p3,Monkey.D.Luffy (118) (Red Super Alternate Art),OP-13,Carrying On His Will,SEC,Green,Character,6,7000,,0,Strike,Fish-Man Island/Supernovas/Straw Hat Crew,"[Double Attack] [On Play] If your Leader is multicolored, set up to 4 of your DON!! cards as active. Then, you cannot play Character cards with a base cost of 5 or more during this turn.",Yes,https://optcgapi.com/media/static/Card_Images/OP13-118_p3.jpg,,8489.98,12000.00,2026-09-07,
OP13-082,Five Elders,OP-13,Carrying On His Will,SR,Black,Character,10,12000,,0,Slash / Special,Celestial Dragons Five Elders,"[Activate: Main] If your Leader is [Imu], you may rest 1 of your DON!! cards and trash 1 card from your hand: Trash all of your Characters and play up to 5 ""Five Elders"" type Character cards with 5000 power and different card names from your trash.",No,https://optcgapi.com/media/static/Card_Images/OP13-082.jpg,,0.72,0.42,2026-09-07,
OP13-082_p1,Five Elders (Alternate Art),OP-13,Carrying On His Will,SR,Black,Character,10,12000,,0,Slash / Special,Celestial Dragons Five Elders,"[Activate: Main] If your Leader is [Imu], you may rest 1 of your DON!! cards and trash 1 card from your hand: Trash all of your Characters and play up to 5 ""Five Elders"" type Character cards with 5000 power and different card names from your trash.",Yes,https://optcgapi.com/media/static/Card_Images/OP13-082_p1.jpg,,19.69,15.99,2026-09-07,
OP13-080_p2,St. Ethanbaron V. Nusjuro (Parallel),OP-13,Carrying On His Will,R,Black,Character,6,5000,,1000,Slash,Celestial Dragons Five Elders,"If you have 7 or more cards in your trash, this Character cannot be removed from the field by your opponent's effects and gains [Rush]. [When Attacking] If you have 10 or more cards in your trash, give up to 1 of your opponent's Characters 2000 power during this turn.",Yes,https://optcgapi.com/media/static/Card_Images/OP13-080_p2.jpg,,399.93,225.00,2026-09-07,
OP13-083_p2,St. Jaygarcia Saturn (Parallel),OP-13,Carrying On His Will,R,Black,Character,4,5000,,1000,Special,Celestial Dragons Five Elders,"If you have 7 or more cards in your trash, this Character cannot be removed from the field by your opponent's effects. [On Play] Look at 5 cards from the top of your deck; reveal up to 1 ""Five Elders"" type card and add it to your hand. Then, place the rest at the bottom of your deck in any order.",Yes,https://optcgapi.com/media/static/Card_Images/OP13-083_p2.jpg,,392.11,225.00,2026-09-07,
OP13-089_p2,St. Topman Warcury (Parallel),OP-13,Carrying On His Will,R,Black,Character,4,5000,,1000,Special,Celestial Dragons Five Elders,"If you have 7 or more cards in your trash, this Character cannot be removed from the field by your opponent's effects and gains [Blocker]. [On K.O.] Draw 1 card.",Yes,https://optcgapi.com/media/static/Card_Images/OP13-089_p2.jpg,,382.78,225.00,2026-09-07,
OP13-091_p2,St. Marcus Mars (Parallel),OP-13,Carrying On His Will,R,Black,Character,6,5000,,1000,Special,Celestial Dragons Five Elders,"If you have 7 or more cards in your trash, this Character cannot be removed from the field by your opponent's effects and gains [Blocker]. [On Play] You may trash 1 card from your hand: K.O. up to 1 of your opponent's Characters with a base cost of 5 or less.",Yes,https://optcgapi.com/media/static/Card_Images/OP13-091_p2.jpg,,492.70,492.70,2026-09-07,
OP14-112,Boa Hancock - OP14-112,OP14-EB04,The Azure Sea's Seven,SR,Yellow,Character,9,10000,,0,Special,Kuja Pirates The Seven Warlords of the Sea,"[On Play] If your Leader has the {The Seven Warlords of the Sea} type, add up to 1 card from the top of your deck to the top of your Life cards. Then, add up to 1 card from the top of your opponent's Life cards to the owner's hand.
[Trigger] Play up to 1 Character card with 6000 power or less and a [Trigger] from your hand.",No,https://optcgapi.com/media/static/Card_Images/OP14-112_7Isffre.jpg,,6.59,5.77,2026-09-07,
OP14-069,Donquixote Doflamingo - OP14-069,OP14-EB04,The Azure Sea's Seven,SR,Purple,Character,10,10000,,0,Special,Donquixote Pirates The Seven Warlords of the Sea,"[On Play] DON!! -3: Choose one:
•If your Leader has the {Donquixote Pirates} type, K.O. up to 1 of your opponent's Characters with a cost of 8 or less.
•Up to 3 of your opponent's Characters with a cost of 7 or less cannot be rested until the end of your opponent's next End Phase.",No,https://optcgapi.com/media/static/Card_Images/OP14-069_NfkEOhR.jpg,,1.00,0.75,2026-09-07,
OP14-104,Gecko Moria - OP14-104,OP14-EB04,The Azure Sea's Seven,SR,Yellow,Character,8,10000,,0,Special,The Seven Warlords of the Sea Thriller Bark Pirates,"[On Play] Select up to 1 {Thriller Bark Pirates} type Character with a cost of 4 or less from your trash and play it or add it to the top of your Life cards face-up.
[Trigger] Play up to 1 Character card with a cost of 4 or less from your trash.",No,https://optcgapi.com/media/static/Card_Images/OP14-104_oN07MEM.jpg,,6.43,2.99,2026-09-07,
OP14-031,Nami,OP14-EB04,The Azure Sea's Seven,SR,Green,Character,4,2000,,0,Special,FILM Straw Hat Crew,"[Blocker]
[On Play] Rest up to 2 of your opponent's Characters with a cost of 8 or less. Then, set up to 5 of your DON!! cards as active at the end of this turn.",No,https://optcgapi.com/media/static/Card_Images/OP14-031_TmbG3pL.jpg,,6.07,4.60,2026-09-07,
OP14-033,Perona - OP14-033,OP14-EB04,The Azure Sea's Seven,SR,Green,Character,5,6000,,1000,Special,Thriller Bark Pirates Muggy Kingdom,"[On Play] Up to 2 of your opponent's Characters with a cost of 5 or less cannot be rested until the end of your opponent's next End Phase.
[On K.O.] You may rest 1 of your cards: Play up to 1 green Character card with a cost of 5 or less from your hand.",No,https://optcgapi.com/media/static/Card_Images/OP14-033_uR0ynX1.jpg,,8.69,7.99,2026-09-07,
OP14-084,Ms. All Sunday,OP14-EB04,The Azure Sea's Seven,SR,Black,Character,7,8000,,0,Strike,Baroque Works,"[On Play] If your Leader's type includes ""Baroque Works"", play up to 1 Character card with a type including ""Baroque Works"" and a cost of 4 or less and up to 1 Character card with a type including ""Baroque Works"" and a cost of 1 from your trash.",No,https://optcgapi.com/media/static/Card_Images/OP14-084_59GqPHf.jpg,,1.73,1.59,2026-09-07,
OP14-049,Jinbe - OP14-049,OP14-EB04,The Azure Sea's Seven,SR,Blue,Character,8,10000,,0,Strike,Fish-Man The Seven Warlords of the Sea The Sun Pirates,"When a card is trashed from your hand by an effect, this Character gains [Rush] during this turn.
[On Play] You may rest 2 of your DON!! cards: Draw 2 cards and return up to 1 Character with a cost of 7 or less to the owner's hand.",No,https://optcgapi.com/media/static/Card_Images/OP14-049_1UHbvnP.jpg,,1.65,1.63,2026-09-07,
OP14-091,Mr.2.Bon.Kurei (Bentham),OP14-EB04,The Azure Sea's Seven,SR,Black,Character,4,5000,,1000,Strike,Baroque Works,"[On K.O.] Play up to 1 Character card with a type including ""Baroque Works"" and a cost of 5 or less other than [Mr.2.Bon.Kurei.(Bentham)] from your hand or trash.",No,https://optcgapi.com/media/static/Card_Images/OP14-091_RLnYPiP.jpg,,0.95,0.69,2026-09-07,
OP14-013,Monkey.D.Luffy - OP14-013,OP14-EB04,The Azure Sea's Seven,SR,Red,Character,1,0,,1000,Strike,Straw Hat Crew Supernovas,"[On Play] Look at 5 cards from the top of your deck; reveal up to 1 {Supernovas} type card other than [Monkey.D.Luffy] and add it to your hand. Then, place the rest at the bottom of your deck in any order.
[When Attacking] Give up to 1 of your opponent's Characters -1000 power during this turn.",No,https://optcgapi.com/media/static/Card_Images/OP14-013_3PlMyyC.jpg,,0.73,0.50,2026-09-07,
OP14-120,Crocodile - OP14-120,OP14-EB04,The Azure Sea's Seven,SEC,Black,Character,8,10000,,0,Special,Baroque Works The Seven Warlords of the Sea,"[On Play] up to 1 of your opponent's Characters with a cost of 9 or less cannot attack until the end of your opponent's next End Phase. Then, if your opponent has a Character 1ith a cost of 0 or with a cost of 8 or more, draw 1 card.
[On K.O.] You may trash 1 card from your hand: Play this Character card from your trash.",No,https://optcgapi.com/media/static/Card_Images/OP14-120_XqBISrN.jpg,,8.58,3.00,2026-09-07,
EB04-013,Carrot,OP14-EB04,The Azure Sea's Seven,SR,Green,Character,8,9000,,0,Special,Minks,"[On Play] If your Leader has the {Minks} type, set up to 2 of your {Minks} type Characters and your Leader as active.",No,https://optcgapi.com/media/static/Card_Images/EB04-013_02aVati.jpg,,0.55,0.36,2026-09-07,
EB04-025,Nefeltari Vivi,OP14-EB04,The Azure Sea's Seven,SR,Blue,Character,7,4000,,0,Slash,Alabasta,"[On Play] Play up to 1 {Alabasta} type Character card with a cost of 8 or less other than [Nefeltari Vivi] from your hand. Then, your opponent places 1 card from your hand at the bottom of their deck.",No,https://optcgapi.com/media/static/Card_Images/EB04-025_fwno3ms.jpg,,0.76,0.46,2026-09-07,
EB04-036,Foxy,OP14-EB04,The Azure Sea's Seven,SR,Purple,Character,8,9000,,0,Special,Foxy Pirates,"[On Play] DON!! -1: If your Leader has the {Foxy Pirates} type, draw 2 cards and trash 1 card from your hand. Then, rest up to 1 of your opponent's Characters with a cost of 9 or less.
[Activate: Main] [Once Per Turn] Add up to 1 DON!! card from your DON!! deck and rest it.",No,https://optcgapi.com/media/static/Card_Images/EB04-036_UKmg4zc.jpg,,0.32,0.28,2026-09-07,
OP14-090_p1,Mr.1 (Daz.Bonez) (Alternate Art),OP14-EB04,The Azure Sea's Seven,R,Black,Character,5,6000,,1000,Slash,Baroque Works,"If there is a Character with a cost of 0 or with a cost of 8 or more, this Character can attack Characters on the turn in which it is played.
[On Play] Rest up to 1 of your opponent's Characters with a cost of 0.",Yes,https://optcgapi.com/media/static/Card_Images/OP14-090_p1_iZtQpaV.jpg,,5.26,3.74,2026-09-07,
OP14-091_p1,Mr.2.Bon.Kurei (Bentham) (Alternate Art),OP14-EB04,The Azure Sea's Seven,SR,Black,Character,4,5000,,1000,Strike,Baroque Works,"[On K.O.] Play up to 1 Character card with a type including ""Baroque Works"" and a cost of 5 or less other than [Mr.2.Bon.Kurei.(Bentham)] from your hand or trash.",Yes,https://optcgapi.com/media/static/Card_Images/OP14-091_p1_516VxGE.jpg,,13.37,14.69,2026-09-07,
OP14-031_p1,Nami (Alternate Art),OP14-EB04,The Azure Sea's Seven,SR,Green,Character,4,2000,,0,Special,FILM Straw Hat Crew,"[Blocker]
[On Play] Rest up to 2 of your opponent's Characters with a cost of 8 or less. Then, set up to 5 of your DON!! cards as active at the end of this turn.",Yes,https://optcgapi.com/media/static/Card_Images/OP14-031_p1_S44j4Cc.jpg,,63.19,38.00,2026-09-07,
OP14-049_p1,Jinbe - OP14-049 (Alternate Art),OP14-EB04,The Azure Sea's Seven,SR,Blue,Character,8,10000,,0,Strike,Fish-Man The Seven Warlords of the Sea The Sun Pirates,"When a card is trashed from your hand by an effect, this Character gains [Rush] during this turn.
[On Play] You may rest 2 of your DON!! cards: Draw 2 cards and return up to 1 Character with a cost of 7 or less to the owner's hand.",Yes,https://optcgapi.com/media/static/Card_Images/OP14-049_p1_IdEefPK.jpg,,11.35,12.00,2026-09-07,
OP14-001_p1,Trafalgar Law - OP14-001 (Alternate Art),OP14-EB04,The Azure Sea's Seven,L,Red,Leader,,5000,5,,Slash,Heart Pirates Supernovas The Seven Warlords of the Sea,[Activate:Main] [Once Per Turn] Select 2 of your {Supernovas} or {Heart Pirates} type Characters. Swap the base power of the selected Characters with each other during this turn.,Yes,https://optcgapi.com/media/static/Card_Images/OP14-001_p1_TH0mi0Y.jpg,,21.24,20.00,2026-09-07,
OP14-084_p1,Ms. All Sunday (Alternate Art),OP14-EB04,The Azure Sea's Seven,SR,Black,Character,7,8000,,0,Strike,Baroque Works,"[On Play] If your Leader's type includes ""Baroque Works"", play up to 1 Character card with a type including ""Baroque Works"" and a cost of 4 or less and up to 1 Character card with a type including ""Baroque Works"" and a cost of 1 from your trash.",Yes,https://optcgapi.com/media/static/Card_Images/OP14-084_p1_RTfuoka.jpg,,55.69,41.05,2026-09-07,
EB04-018_p1,Megalo (Alternate Art),OP14-EB04,The Azure Sea's Seven,R,Green,Character,4,4000,,2000,Wisdom,Animal Fish-Man Island,[On Play] You may rest this Character: K.O. up to 1 of your opponent's rested Characters with 8000 power or less.,Yes,https://optcgapi.com/media/static/Card_Images/EB04-018_p1_xWf2jlX.jpg,,22.39,17.75,2026-09-07,
OP14-111_p1,Perona - OP14-111 (Alternate Art),OP14-EB04,The Azure Sea's Seven,R,Yellow,Character,4,5000,,1000,Special,Thriller Bark Pirates,"[On Play]/[On K.O] Up to 1 of your opponent's Characters with a cost of 6 or less cannot attack until the end of your opponent's next End Phase.
[Trigger] Play up to 1 {Thriller Bark Pirates} type Character card with a cost of 4 or less from your trash rested.",Yes,https://optcgapi.com/media/static/Card_Images/OP14-111_p1_NcAFI0k.jpg,,27.13,27.19,2026-09-07,
OP14-061_p1,Vergo (Alternate Art),OP14-EB04,The Azure Sea's Seven,R,Purple,Character,5,7000,,0,Strike,Donquixote Pirates Navy Punk Hazard,"[Once Per Turn] If your {Donquixote Pirates} type Character would be removed from the field by your opponent's effect, you may return 1 DON!! card from your field to your DON!! deck instead.
[When Attacking] DON!! -1: Give up to 1 of your opponent's Characters -2000 power during this turn.",Yes,https://optcgapi.com/media/static/Card_Images/OP14-061_p1_S6owozX.jpg,,3.75,2.00,2026-09-07,
OP14-027_p1,Shanks (Alternate Art),OP14-EB04,The Azure Sea's Seven,R,Green,Character,7,9000,,0,Slash,The Four Emperors Red-Haired Pirates East Blue,"[Your Turn] When this Character becomes rested, rest up to 1 of your opponent's Characters with 7000 base power or less.
[Opponent's Turn] If this Character is rested, give all of your opponent's Characters -1000 power.",Yes,https://optcgapi.com/media/static/Card_Images/OP14-027_p1_ErPVyNP.jpg,,23.48,19.99,2026-09-07,
OP14-079_p1,Crocodile - OP14-079 (Alternate Art),OP14-EB04,The Azure Sea's Seven,L,Black,Leader,,5000,5,,Special,Baroque Works The Seven Warlords of the Sea,"All of your opponent's Characters cannot be removed from the field by your effects.
[Activate: Main] [Once Per Turn] You may K.O. 1 of your Characters with a type including ""Baroque Works"": Give up to 1 of your opponent's Characters -10 cost during this turn. Then, you may trash 2 cards from the top of your deck.",Yes,https://optcgapi.com/media/static/Card_Images/OP14-079_p1_Vyro8jz.jpg,,26.35,21.05,2026-09-07,
OP14-104_p1,Gecko Moria - OP14-104 (Alternate Art),OP14-EB04,The Azure Sea's Seven,SR,Yellow,Character,8,10000,,0,Special,The Seven Warlords of the Sea Thriller Bark Pirates,"[On Play] Select up to 1 {Thriller Bark Pirates} type Character with a cost of 4 or less from your trash and play it or add it to the top of your Life cards face-up.
[Trigger] Play up to 1 Character card with a cost of 4 or less from your trash.",Yes,https://optcgapi.com/media/static/Card_Images/OP14-104_p1_ZK1uyaO.jpg,,33.68,25.00,2026-09-07,
OP14-060_p1,Donquixote Doflamingo - OP14-060 (Alternate Art),OP14-EB04,The Azure Sea's Seven,L,Purple,Leader,,5000,5,,Special,Donquixote Pirates The Seven Warlords of the Sea,[On Your Opponent's Attack] [Once Per Turn] DON!! -1: Select your Leader or 1 of your {Donquixote Pirates} type Characters. Change the attack target to the selected card.,Yes,https://optcgapi.com/media/static/Card_Images/OP14-060_p1.jpg,,22.90,22.99,2026-09-07,
OP14-020_p1,Dracule Mihawk - OP14-020 (Alternate Art),OP14-EB04,The Azure Sea's Seven,L,Green,Leader,,5000,5,,Slash,The Seven Warlords of the Sea,"If your opponent's Leader has the ""Slash"" attribute, this leader gains +1000 power.
[Activate:Main] [Once Per Turn] You may rest 1 of your cards: If there is a Character with a cost of 5 or more, set up to 3 of your DON!! cards as active. Then, you cannot play character cards during this turn.",Yes,https://optcgapi.com/media/static/Card_Images/OP14-020_p1_jDSsWWh.jpg,,67.60,49.99,2026-09-07,
OP14-120_p1,Crocodile - OP14-120 (Alternate Art),OP14-EB04,The Azure Sea's Seven,SEC,Black,Character,8,10000,,0,Special,Baroque Works The Seven Warlords of the Sea,"[On Play] up to 1 of your opponent's Characters with a cost of 9 or less cannot attack until the end of your opponent's next End Phase. Then, if your opponent has a Character 1ith a cost of 0 or with a cost of 8 or more, draw 1 card.
[On K.O.] You may trash 1 card from your hand: Play this Character card from your trash.",Yes,https://optcgapi.com/media/static/Card_Images/OP14-120_p1_JDoyJx2.jpg,,35.33,38.99,2026-09-07,
OP14-069_p1,Donquixote Doflamingo - OP14-069 (Alternate Art),OP14-EB04,The Azure Sea's Seven,SR,Purple,Character,10,10000,,0,Special,Donquixote Pirates The Seven Warlords of the Sea,"[On Play] DON!! -3: Choose one:
•If your Leader has the {Donquixote Pirates} type, K.O. up to 1 of your opponent's Characters with a cost of 8 or less.
•Up to 3 of your opponent's Characters with a cost of 7 or less cannot be rested until the end of your opponent's next End Phase.",Yes,https://optcgapi.com/media/static/Card_Images/OP14-069_p1_ueX6tig.jpg,,9.70,8.90,2026-09-07,
OP14-040_p1,Jinbe - OP14-040 (Alternate Art),OP14-EB04,The Azure Sea's Seven,L,Blue,Leader,,5000,5,,Strike,Fish-Man The Seven Warlords of the Sea The Sun Pirates,[Activate: Main] You may trash 1 card from your hand: Give up to 2 rested DON!! cards to 1 of your {Fish-Man} or {Merfolk} type Leader or Character cards.,Yes,https://optcgapi.com/media/static/Card_Images/OP14-040_p1_W5xIfK8.jpg,,10.60,11.98,2026-09-07,
EB04-022_p1,Issho - EB04-022 (Alternate Art),OP14-EB04,The Azure Sea's Seven,R,Blue,Character,5,7000,,0,Slash,Navy Dressrosa,"[On Play] You may trash 2 cards from your hand: If your opponent has 6 or more cards in their hand, your opponent places 2 cards from their hand at the bottom of their deck in any order.
[DON!!×1] [When Attacking] You may trash 1 card from your hand: Give up to 1 of your opponent's Characters-2000 power during this turn.",Yes,https://optcgapi.com/media/static/Card_Images/EB04-022_p1_SP2d53S.jpg,,7.14,5.00,2026-09-07,
OP14-119_p1,Dracule Mihawk - OP14-119 (Alternate Art),OP14-EB04,The Azure Sea's Seven,SEC,Green,Character,9,10000,,0,Slash,The Seven Warlords of the Sea,"[Your Turn] When this Character becomes rested, up to 1 of your opponent's Characters with a cost or 9 or less cannot be rested until the end of your opponent's next End Phase.
[On Your Opponent's Attack] [Once Per Turn] You may trash 1 card from your hand: Up to 1 of your Leader or Character cards gains +2000 power during this battle.",Yes,https://optcgapi.com/media/static/Card_Images/OP14-119_p1_msFsNgZ.jpg,,27.58,22.00,2026-09-07,
OP14-033_p1,Perona - OP14-033 (Alternate Art),OP14-EB04,The Azure Sea's Seven,SR,Green,Character,5,6000,,1000,Special,Thriller Bark Pirates Muggy Kingdom,"[On Play] Up to 2 of your opponent's Characters with a cost of 5 or less cannot be rested until the end of your opponent's next End Phase.
[On K.O.] You may rest 1 of your cards: Play up to 1 green Character card with a cost of 5 or less from your hand.",Yes,https://optcgapi.com/media/static/Card_Images/OP14-033_p1_DLOzgD5.jpg,,47.81,20.00,2026-09-07,
EB04-012_p1,Kikunojo - EB04-012 (Alternate Art),OP14-EB04,The Azure Sea's Seven,SR,Green,Character,7,8000,,0,Slash,Land of Wano The Akazaya Nine,"[Activate:Main] [Once Per Turn] If this Character has played on this turn, set your {Land of Wano} type Leader as active.",Yes,https://optcgapi.com/media/static/Card_Images/EB04-012_p1_AZlti1j.jpg,,4.26,4.47,2026-09-07,
OP14-096_p1,Ground Death (Alternate Art),OP14-EB04,The Azure Sea's Seven,R,Black,Event,1,,,,,Baroque Works The Seven Warlords of the Sea,[Main] You may rest 2 of your Don!! cards: Negate the effect of up to 1 of your opponent's Characters with a cost of 5 or less during this turn.[Counter] If you have 10 or more cards in your trash up to 1 of your Leader or Character cards gains +4000 power during this battle.,Yes,https://optcgapi.com/media/static/Card_Images/OP14-096_p1_jXSvtE4.jpg,,125.21,99.99,2026-09-07,
EB04-036_p1,Foxy (Alternate Art),OP14-EB04,The Azure Sea's Seven,SR,Purple,Character,8,9000,,0,Special,Foxy Pirates,"[On Play] DON!! -1: If your Leader has the {Foxy Pirates} type, draw 2 cards and trash 1 card from your hand. Then, rest up to 1 of your opponent's Characters with a cost of 9 or less.
[Activate: Main] [Once Per Turn] Add up to 1 DON!! card from your DON!! deck and rest it.",Yes,https://optcgapi.com/media/static/Card_Images/EB04-036_p1_GxpOTQr.jpg,,11.68,10.05,2026-09-07,
EB04-013_p1,Carrot (Alternate Art),OP14-EB04,The Azure Sea's Seven,SR,Green,Character,8,9000,,0,Special,Minks,"[On Play] If your Leader has the {Minks} type, set up to 2 of your {Minks} type Characters and your Leader as active.",Yes,https://optcgapi.com/media/static/Card_Images/EB04-013_p1_8nR143E.jpg,,7.75,5.00,2026-09-07,
OP14-009_p1,Trafalgar Law - OP14-009 (Alternate Art),OP14-EB04,The Azure Sea's Seven,SR,Red,Character,9,10000,,0,Slash,Heart Pirates Supernovas The Seven Warlords of the Sea,"[Rush]
[On Your Opponent's Attack] [Once Per Turn] You may trash 2 cards from your hand: Select your Leader and 1 Character. Swap the base power of the selected cards with each other during this battle.",Yes,https://optcgapi.com/media/static/Card_Images/OP14-009_p1_xfgCC7W.jpg,,14.87,13.90,2026-09-07,
EB04-031_p1,King (Alternate Art),OP14-EB04,The Azure Sea's Seven,R,Purple,Character,6,7000,,0,Special,Animal Kingdom Pirates Lunarian,"If this Character would be K.O.'d, you may return 1 DON!! card from your field to your DON!! deck instead.
[Activate: Main] [Once Per Turn] If your Leader has the {Animal Kingdom Pirates} type and you have no other [King] Characters, add up to 1 DON!! card from your, DON!! deck and set it as active, and add up to 1 additional DON!! card and rest it.",Yes,https://optcgapi.com/media/static/Card_Images/EB04-031_p1_KugJhR3.jpg,,37.01,29.99,2026-09-07,
EB04-025_p1,Nefeltari Vivi (Alternate Art),OP14-EB04,The Azure Sea's Seven,SR,Blue,Character,7,4000,,0,Slash,Alabasta,"[On Play] Play up to 1 {Alabasta} type Character card with a cost of 8 or less other than [Nefeltari Vivi] from your hand. Then, your opponent places 1 card from your hand at the bottom of their deck.",Yes,https://optcgapi.com/media/static/Card_Images/EB04-025_p1_9mhjRwC.jpg,,30.62,24.95,2026-09-07,
OP14-013_p1,Monkey.D.Luffy - OP14-013 (Alternate Art),OP14-EB04,The Azure Sea's Seven,SR,Red,Character,1,0,,1000,Strike,Straw Hat Crew Supernovas,"[On Play] Look at 5 cards from the top of your deck; reveal up to 1 {Supernovas} type card other than [Monkey.D.Luffy] and add it to your hand. Then, place the rest at the bottom of your deck in any order.[When Attacking] Give up to 1 of your opponent's Characters -1000 power during this turn.",Yes,https://optcgapi.com/media/static/Card_Images/OP14-013_p1_0wTWlNh.jpg,,11.48,10.00,2026-09-07,
OP14-112_p1,Boa Hancock - OP14-112 (Alternate Art),OP14-EB04,The Azure Sea's Seven,SR,Yellow,Character,9,10000,,0,Special,Kuja Pirates The Seven Warlords of the Sea,"[On Play] If your Leader has the {The Seven Warlords of the Sea} type, add up to 1 card from the top of your deck to the top of your Life cards. Then, add up to 1 card from the top of your opponent's Life cards to the owner's hand.
[Trigger] Play up to 1 Character card with 6000 power or less and a [Trigger] from your hand.",Yes,https://optcgapi.com/media/static/Card_Images/OP14-112_p1_FuOrRQo.jpg,,84.06,56.46,2026-09-07,
OP12-108_p2,Donquixote Rosinante - OP12-108,OP14-EB04,The Azure Sea's Seven,TR,Yellow,Character,1,2000,,1000,Special,Donquixote Pirates Navy,"[On Play] Look at 5 cards from the top of your deck; reveal up to 1 [Trafalgar Law] and add it to your hand. Then, place the rest at the bottom of your deck in any order.",Yes,https://optcgapi.com/media/static/Card_Images/OP12-108_p2.jpg,,35.43,33.94,2026-09-07,
OP14-015_p1,Roronoa Zoro - OP14-015 (Alternate Art),OP14-EB04,The Azure Sea's Seven,R,Red,Character,7,8000,,0,Slash,Straw Hat Crew Supernovas,"[Rush] (This card can attack on the turn in which it is played.)
[When Attacking] Give up to 1 of your opponent's Characters -1000 power during this turn.",Yes,https://optcgapi.com/media/static/Card_Images/OP14-015_p1_7BUGfa9.jpg,,9.33,9.00,2026-09-07,
OP14-118_p1,You'll Frighten Me... (Alternate Art),OP14-EB04,The Azure Sea's Seven,R,Yellow,Event,1,,,,,Kuja Pirates The Seven Warlords of the Sea,"[Counter] If you have 2 or less Life cards, up to 1 of your opponent's active Characters cannot attack during this turn.[Trigger] Play up to 1 Character card with 6000 power or less and a [Trigger] from your hand.",Yes,https://optcgapi.com/media/static/Card_Images/OP14-118_p1_h4F7bDJ.jpg,,177.98,172.64,2026-09-07,
EB04-038_p1,Rosinante & Law (Alternate Art),OP14-EB04,The Azure Sea's Seven,SR,Purple,Character,6,8000,,0,Special Wisdom,Donquixote Pirates Navy,"Under the rules of this game, also treat this card's name as [Trafalgar Law] and [Donquixote Rosinante].
[Blocker]
[On Play] If the number of DON!! cards on your field is equal to or less than the number on your opponent's field, draw 1 card. Then, add up to 1 DON!! card from your DON!! deck and set it as active.",Yes,https://optcgapi.com/media/static/Card_Images/EB04-038_p1_Yocax12.jpg,,28.02,26.99,2026-09-07,
OP10-065_p1,Sugar - OP10-065 (SP),OP14-EB04,The Azure Sea's Seven,R,Purple,Character,1,1000,,1000,Special,Donquixote Pirates,"[Activate: Main] Rest 1 of your DON!! cards and you may rest this Character: Look at 5 cards from the top of your deck; reveal up to 1 {Donquixote Pirates} type card and add it to your hand. Then, place the rest at the bottom of your deck in any order.",Yes,https://optcgapi.com/media/static/Card_Images/OP10-065_p1.jpg,,81.57,67.38,2026-09-07,
EB04-039_p1,"Eustass""Captain""Kid - EB04-039 (SP)",OP14-EB04,The Azure Sea's Seven,R,Purple,Character,7,8000,,0,Special,Kid Pirates Supernovas,[On Play] Add up to 1 DON!! card from your DON!! deck and set it as active.[Activate: Main] You may trash this Character: Play up to 1 {Kid Pirates} type Character card with a cost of 5 or less from your hand.,Yes,https://optcgapi.com/media/static/Card_Images/EB04-039_p1_goaLYDz.jpg,,89.00,74.00,2026-09-07,
OP14-112_p2,Boa Hancock - OP14-112 (SP),OP14-EB04,The Azure Sea's Seven,SR,Yellow,Character,9,10000,,0,Special,Kuja Pirates The Seven Warlords of the Sea,"[On Play] If your Leader has the {The Seven Warlords of the Sea} type, add up to 1 card from the top of your deck to the top of your Life cards. Then, add up to 1 card from the top of your opponent's Life cards to the owner's hand.[Trigger] Play up to 1 Character card with 6000 power or less and a [Trigger] from your hand.",Yes,https://optcgapi.com/media/static/Card_Images/OP14-112_p2.jpg,,531.82,399.99,2026-09-07,
OP06-093_p5,Perona - OP06-093 (SP),OP14-EB04,The Azure Sea's Seven,SR,Black,Character,4,5000,,2000,Special,Thriller Bark Pirates,"[On Play] If your opponent has 5 or more cards in their hand, choose one:• Your opponent trashes 1 card from their hand.• Give up to 1 of your opponent's Characters 3 cost during this turn.",Yes,https://optcgapi.com/media/static/Card_Images/OP06-093_p5.jpg,,154.30,115.05,2026-09-07,
PRB02-006_p2,Roronoa Zoro - PRB02-006 (SP),OP14-EB04,The Azure Sea's Seven,R,Green,Character,4,4000,,2000,Slash,Straw Hat Crew Supernovas,"[Opponent's Turn] If this Character would be rested by your opponent's Character's effect, you may rest 1 of your other Characters instead.[Blocker]",Yes,https://optcgapi.com/media/static/Card_Images/PRB02-006_p2.jpg,,900.12,755.00,2026-09-07,
EB01-023_p1,Edward Weevil - EB01-023 (SP),OP14-EB04,The Azure Sea's Seven,R,Blue,Character,4,6000,,0,Slash,The Seven Warlords of the Sea,[On Play] Draw 1 card.,Yes,https://optcgapi.com/media/static/Card_Images/EB01-023_p1.jpg,,44.77,30.00,2026-09-07,
OP14-119_p2,Dracule Mihawk (Manga),OP14-EB04,The Azure Sea's Seven,SEC,Green,Character,9,10000,,0,Slash,The Seven Warlords of the Sea,"[Your Turn] When this Character becomes rested, up to 1 of your opponent's Characters with a cost of 9 or less cannot be rested until the end of your opponent's next End Phase.[On Your Opponent's Attack] [Once Per Turn] You may trash 1 card from your hand: Up to 1 of your Leader or Character cards gains +2000 power during this battle.",Yes,https://optcgapi.com/media/static/Card_Images/OP14-119_p2.jpg,,721.77,689.99,2026-09-07,
OP12-030_p2,Dracule Mihawk - OP12-030 (SP),OP14-EB04,The Azure Sea's Seven,SR,Green,Character,8,8000,,0,Slash,The Seven Warlords of the Sea Muggy Kingdom,"[Blocker][On Play] Set up to 4 of your DON!! cards as active. Then, you cannot play Character cards with a base cost of 7 or more during this turn.",Yes,https://optcgapi.com/media/static/Card_Images/OP12-030_p2.jpg,,141.63,120.00,2026-09-07,
EB01-003_p5,Kid & Killer - EB01-003 (SP),OP14-EB04,The Azure Sea's Seven,R,Red,Character,4,5000,,0,Slash Special,Kid Pirates Supernovas,"[Rush] (This card can attack on the turn in which it is played.)[When Attacking] If your opponent has 2 or less Life cards, this Character gains +2000 power during this turn.",Yes,https://optcgapi.com/media/static/Card_Images/EB01-003_p5.jpg,,81.27,60.00,2026-09-07,
OP07-046_p2,Sengoku - OP07-046 (SP),OP14-EB04,The Azure Sea's Seven,R,Blue,Character,1,2000,,1000,Wisdom,Navy,"[On Play] Look at 5 cards from the top of your deck; reveal up to 1 {The Seven Warlords of the Sea} type card and add it to your hand. Then, place the rest at the bottom of your deck in any order.",Yes,https://optcgapi.com/media/static/Card_Images/OP07-046_p2.jpg,,59.93,50.00,2026-09-07,
OP09-051_p4,Buggy - OP09-051 (SP) (Gold),OP14-EB04,The Azure Sea's Seven,R,Blue,Character,10,12000,,0,Slash,The Four Emperors Cross Guild,"[On Play] Place up to 1 of your opponent's Characters at the bottom of the owner's deck. Then, if you do not have 5 Characters with a cost of 5 or more, place this Character at the bottom of the owner's deck.",Yes,https://optcgapi.com/media/static/Card_Images/OP09-051_p4.jpg,,1621.75,1499.99,2026-09-07,
OP09-051_p5,Buggy - OP09-051 (SP),OP14-EB04,The Azure Sea's Seven,R,Blue,Character,10,12000,,0,Slash,The Four Emperors Cross Guild,"[On Play] Place up to 1 of your opponent's Characters at the bottom of the owner's deck. Then, if you do not have 5 Characters with a cost of 5 or more, place this Character at the bottom of the owner's deck.",Yes,https://optcgapi.com/media/static/Card_Images/OP09-051_p5.jpg,,823.17,823.00,2026-09-07,
OP14-041_p1,Boa Hancock - OP14-041 (Alternate Art),OP14-EB04,The Azure Sea's Seven,L,Blue Yellow,Leader,,5000,4,,Special,Kuja Pirates The Seven Warlords of the Sea,"[Opponent's Turn] When you play a Character, draw 1 card. [DON!!x1] [Once Per Turn] When one of your {Amazon Lily} or {Kuja Pirates} type Characters with 5000 base power or more is K.O.'d add up to 1 card from the top of your opponent's Life cards to the owner's hand.",Yes,https://optcgapi.com/media/static/Card_Images/OP14-041_p1_waNoiMm.jpg,,99.06,99.00,2026-09-07,
OP14-119,Dracule Mihawk - OP14-119,OP14-EB04,The Azure Sea's Seven,SEC,Green,Character,9,10000,,0,Slash,The Seven Warlords of the Sea,"[Your Turn] When this Character becomes rested, up to 1 of your opponent's Characters with a cost or 9 or less cannot be rested until the end of your opponent's next End Phase. [On Your Opponent's Attack] [Once Per Turn] You may trash 1 card from your hand: Up to 1 of your Leader or Character cards gains +2000 power during this battle.",No,https://optcgapi.com/media/static/Card_Images/OP14-119_OkSnUtV.jpg,,3.57,3.52,2026-09-07,
OP14-009,Trafalgar Law - OP14-009,OP14-EB04,The Azure Sea's Seven,SR,Red,Character,9,10000,,0,Slash,Heart Pirates Supernovas The Seven Warlords of the Sea,[Rush] [On Your Opponent's Attack] [Once Per Turn] You may trash 2 cards from your hand: Select your Leader and 1 Character. Swap the base power of the selected cards with each other during this battle.,No,https://optcgapi.com/media/static/Card_Images/OP14-009_PbcDe5b.jpg,,0.54,0.24,2026-09-07,
EB04-038,Rosinante & Law,OP14-EB04,The Azure Sea's Seven,SR,Purple,Character,6,8000,,0,Special Wisdom,Donquixote Pirates Navy,"Under the rules of this game, also treat this card's name as [Trafalgar Law] and [Donquixote Rosinante]. [Blocker] [On Play] If the number of DON!! cards on your field is equal to or less than the number on your opponent's field, draw 1 card. Then, add up to 1 DON!! card from your DON!! deck and set it as active.",No,https://optcgapi.com/media/static/Card_Images/EB04-038_kpirl1P.jpg,,1.21,1.09,2026-09-07,
EB04-012,Kikunojo - EB04-012,OP14-EB04,The Azure Sea's Seven,SR,Green,Character,7,8000,,0,Slash,Land of Wano The Akazaya Nine,"[Activate:Main] [Once Per Turn] If this Character has played on this turn, set your {Land of Wano} type Leader as active.",No,https://optcgapi.com/media/static/Card_Images/EB04-012_tJwjU5P.jpg,,0.34,0.25,2026-09-07,
EB03-053,Nami (053),EB-03,Extra Booster: One Piece Heroines Edition,SR,Yellow,Character,5,6000,,1000,Special,Straw Hat Crew,"[On Play] Give up to 1 rested DON!! card to your Leader. Then, if your opponent has 3 or more Life cards, add up to 1 card from the top of your opponent's Life cards to the owner's hand.
[On K.O.] You may turn 1 card from the top of your Life cards face-up: Play up to 1 Character card with 6000 power or less from your hand.",No,https://optcgapi.com/media/static/Card_Images/EB03-053_arCxpha.jpg,,12.92,12.17,2026-09-07,
EB03-055,Nico Robin (055),EB-03,Extra Booster: One Piece Heroines Edition,SR,Yellow,Character,7,8000,,0,Strike,Straw Hat Crew,"[On Play] You may trash 1 card from the top of your Life cards: If your Leader has the {Straw Hat Crew} type, add up to 2 cards from the top of your deck to the top of your Life cards.
[Opponent's Turn] [On K.O.] You may deal 1 damage to your opponent.",No,https://optcgapi.com/media/static/Card_Images/EB03-055_LbFmh29.jpg,,9.17,8.34,2026-09-07,
EB03-024,Nefeltari Vivi (024),EB-03,Extra Booster: One Piece Heroines Edition,SR,Blue,Character,5,4000,,1000,Wisdom,Alabasta,"[Blocker]
[On Play] Play up to 1 {Alabasta} or {Straw Hat Crew} type Character card with a cost of 5 or less from your hand. Then, you cannot play any Character cards on your field during this turn.",No,https://optcgapi.com/media/static/Card_Images/EB03-024_feZ5Nqs.jpg,,1.23,1.14,2026-09-07,
EB03-031,Vinsmoke Reiju,EB-03,Extra Booster: One Piece Heroines Edition,SR,Purple,Character,5,5000,,1000,Special,The Vinsmoke Family GERMA 66,"[Your Turn] [On Play] DON!! 1: If your Leader is [Sanji], activate the [Main] effect of up to 1 Event card with a cost of 7 or less in your trash.",No,https://optcgapi.com/media/static/Card_Images/EB03-031_pj32ahE.jpg,,0.77,0.65,2026-09-07,
EB03-042,Koala,EB-03,Extra Booster: One Piece Heroines Edition,SR,Black,Character,4,5000,,1000,Strike,Revolutionary Army Dressrosa,"If your Leader has the {Revolutionary Army} type, this Character gains +4 cost.
[Opponent's Turn] [On K.O.] Play up to 1 {Revolutionary Army} type Character card with a cost of 6 or less other than [Koala] or up to 1 [Nico Robin] with a cost of 6 or less from your hand or trash.",No,https://optcgapi.com/media/static/Card_Images/EB03-042_lpNLIoz.jpg,,0.61,0.55,2026-09-07,
EB03-045,Perona (045),EB-03,Extra Booster: One Piece Heroines Edition,SR,Black,Character,4,6000,,0,Special,Thriller Bark Pirates Muggy Kingdom,"[Blocker]
[On Play] Give up to 1 rested DON!! card to your Leader or 1 of your Characters. Then, if you have 10 or more cards in your trash, play up to 1 {Thriller Bark Pirates} type Character card with a cost of 2 or less from your trash rested.",No,https://optcgapi.com/media/static/Card_Images/EB03-045_TwK7Sqe.jpg,,0.76,0.62,2026-09-07,
EB03-026,Boa Hancock,EB-03,Extra Booster: One Piece Heroines Edition,SR,Blue,Character,6,8000,,0,Special,Kuja Pirates The Seven Warlords of the Sea,"[On Play] If your opponent has 5 or more cards in their hand, your opponent places 1 card from their hand at the bottom of their deck.
[Activate: Main] [Once Per Turn] You may place 1 of your Characters at the bottom of the owner's deck: Give your Leader and 1 Character up to 1 rested DON!! card each.",No,https://optcgapi.com/media/static/Card_Images/EB03-026_uqjpoKr.jpg,,1.00,0.99,2026-09-07,
EB03-018,Tashigi,EB-03,Extra Booster: One Piece Heroines Edition,SR,Green,Character,4,6000,,0,Slash,Navy,"[Opponent's Turn] This Character cannot be K.O.'d by your opponent's effects and gains [Blocker].
[End of Your Turn] You may rest 1 of your DON!! cards and trash 1 card from your hand: Set this Character as active.",No,https://optcgapi.com/media/static/Card_Images/EB03-018_ekJcbSG.jpg,,0.60,0.18,2026-09-07,
EB02-026_p2,Nefeltari Vivi - EB02-026,EB-03,Extra Booster: One Piece Heroines Edition,SR,Blue,Character,3,2000,,1000,Slash,Alabasta,"[On Play] If your Leader is multicolored and you have 5 or less cards in your hand, draw 2 cards.",Yes,https://optcgapi.com/media/static/Card_Images/EB02-026_p2.jpg,,8.36,7.32,2026-09-07,
EB03_OP09-034_p1,Perona - OP09-034,EB-03,Extra Booster: One Piece Heroines Edition,R,Green,Character,1,2000,,2000,Special,Thriller Bark Pirates Muggy Kingdom,"[On Play] Look at 5 cards from the top of your deck; reveal up to 1 [Dracule Mihawk] or ""Thriller Bark Pirates"" type card and add it to your hand. Then, place the rest at the bottom of your deck in any order and trash 1 card from your hand.",Yes,https://optcgapi.com/media/static/Card_Images/EB03_OP09-034_p1.jpg,,5.20,4.99,2026-09-07,
EB03_OP05-006_p1,Koala - OP05-006,EB-03,Extra Booster: One Piece Heroines Edition,SR,Red,Character,2,3000,,2000,Strike,Revolutionary Army,"[On Play] If your Leader has the [Revolutionary Army] type, give up to 1 of your opponent's Characters -3000 power during this turn.",Yes,https://optcgapi.com/media/static/Card_Images/EB03_OP05-006_p1.jpg,,2.28,2.31,2026-09-07,
EB03-062_p1,Trafalgar Law (Alternate Art),EB-03,Extra Booster: One Piece Heroines Edition,SEC,Yellow,Character,8,6000,,1000,Slash,Heart Pirates,"[Rush]
[Activate: Main] You may trash 1 card from your hand and trash this Character: Add up to 1 card from the top of your deck to the top of your Life cards. Then, play up to 1 [Trafalgar Law] with a cost of 7 or less from your hand.",Yes,https://optcgapi.com/media/static/Card_Images/EB03-062_p1_rVGeO4S.jpg,,16.38,15.94,2026-09-07,
EB03-053_p1,Nami (053) (Alternate Art),EB-03,Extra Booster: One Piece Heroines Edition,SR,Yellow,Character,5,6000,,1000,Special,Straw Hat Crew,"[On Play] Give up to 1 rested DON!! card to your Leader. Then, if your opponent has 3 or more Life cards, add up to 1 card from the top of your opponent's Life cards to the owner's hand.
[On K.O.] You may turn 1 card from the top of your Life cards face-up: Play up to 1 Character card with 6000 power or less from your hand.",Yes,https://optcgapi.com/media/static/Card_Images/EB03-053_p1_DxUHBvc.jpg,,64.47,44.99,2026-09-07,
EB03-055_p1,Nico Robin (055) (Alternate Art),EB-03,Extra Booster: One Piece Heroines Edition,SR,Yellow,Character,7,8000,,0,Strike,Straw Hat Crew,"[On Play] You may trash 1 card from the top of your Life cards: If your Leader has the {Straw Hat Crew} type, add up to 2 cards from the top of your deck to the top of your Life cards.
[Opponent's Turn] [On K.O.] You may deal 1 damage to your opponent.",Yes,https://optcgapi.com/media/static/Card_Images/EB03-055_p1_yXhWcpK.jpg,,46.39,30.00,2026-09-07,
EB03-008_p1,Hibari (Alternate Art),EB-03,Extra Booster: One Piece Heroines Edition,R,Red,Character,3,5000,,0,Ranged,Navy SWORD,"[On Play]/[When Attacking] Up to 1 of your {SWORD} type Leader or Character cards can also attack active Characters during this turn.
[Activate: Main] [Once Per Turn] Give up to 1 of your opponent's Characters 1000 power during this turn.",Yes,https://optcgapi.com/media/static/Card_Images/EB03-008_p1_feKUzmd.jpg,,7.12,5.70,2026-09-07,
EB03-042_p1,Koala (Alternate Art),EB-03,Extra Booster: One Piece Heroines Edition,SR,Black,Character,4,5000,,1000,Strike,Revolutionary Army Dressrosa,"If your Leader has the {Revolutionary Army} type, this Character gains +4 cost.
[Opponent's Turn] [On K.O.] Play up to 1 {Revolutionary Army} type Character card with a cost of 6 or less other than [Koala] or up to 1 [Nico Robin] with a cost of 6 or less from your hand or trash.",Yes,https://optcgapi.com/media/static/Card_Images/EB03-042_p1_h9LKnFh.jpg,,4.50,5.20,2026-09-07,
EB03-025_p1,Hina (Alternate Art),EB-03,Extra Booster: One Piece Heroines Edition,R,Blue,Character,5,6000,,1000,Special,Navy,[On Play] You may trash 1 card from your hand: Return up to 1 Character with 6000 base power to the owner's hand.,Yes,https://optcgapi.com/media/static/Card_Images/EB03-025_p1_TkJFyRd.jpg,,3.21,3.24,2026-09-07,
EB03-013_p1,Carrot (Alternate Art),EB-03,Extra Booster: One Piece Heroines Edition,R,Green,Character,6,7000,,1000,Special,Minks,"[Activate: Main] [Once Per Turn] If this Character was played on this turn, K.O. up to 1 of your opponent's rested Characters with a cost of 5 or less. Then, play up to 1 [Zou] from your hand.",Yes,https://optcgapi.com/media/static/Card_Images/EB03-013_p1_RoyqPB5.jpg,,5.34,3.85,2026-09-07,
EB03-034_p1,Charlotte Linlin (Alternate Art),EB-03,Extra Booster: One Piece Heroines Edition,R,Purple,Character,7,7000,,1000,Special,Big Mom Pirates,"[On Play] Draw 1 card and place 1 card from your hand at the top of your deck. Then, add up to 1 DON!! card from your DON!! deck and set it as active.
[On K.O.] DON!! 1: Add up to 1 card from the top of your deck to the top of your Life cards.",Yes,https://optcgapi.com/media/static/Card_Images/EB03-034_p1_56maI5N.jpg,,8.46,7.30,2026-09-07,
EB03-024_p1,Nefeltari Vivi (024) (Alternate Art),EB-03,Extra Booster: One Piece Heroines Edition,SR,Blue,Character,5,4000,,1000,Wisdom,Alabasta,"[Blocker]
[On Play] Play up to 1 {Alabasta} or {Straw Hat Crew} type Character card with a cost of 5 or less from your hand. Then, you cannot play any Character cards on your field during this turn.",Yes,https://optcgapi.com/media/static/Card_Images/EB03-024_p1_rPzIWnn.jpg,,21.81,21.81,2026-09-07,
EB03-018_p1,Tashigi (Alternate Art),EB-03,Extra Booster: One Piece Heroines Edition,SR,Green,Character,4,6000,,0,Slash,Navy,"[Opponent's Turn] This Character cannot be K.O.'d by your opponent's effects and gains [Blocker].
[End of Your Turn] You may rest 1 of your DON!! cards and trash 1 card from your hand: Set this Character as active.",Yes,https://optcgapi.com/media/static/Card_Images/EB03-018_p1_lycdaZZ.jpg,,7.14,6.20,2026-09-07,
EB03-045_p1,Perona (045) (Alternate Art),EB-03,Extra Booster: One Piece Heroines Edition,SR,Black,Character,4,6000,,0,Special,Thriller Bark Pirates Muggy Kingdom,"[Blocker]
[On Play] Give up to 1 rested DON!! card to your Leader or 1 of your Characters. Then, if you have 10 or more cards in your trash, play up to 1 {Thriller Bark Pirates} type Character card with a cost of 2 or less from your trash rested.",Yes,https://optcgapi.com/media/static/Card_Images/EB03-045_p1_t1FYjF7.jpg,,18.50,17.09,2026-09-07,
EB03-041_p1,Kujyaku (Alternate Art),EB-03,Extra Booster: One Piece Heroines Edition,R,Black,Character,4,6000,,0,Special,Navy SWORD,"[Opponent's Turn] All of your {SWORD} type Characters with a cost of 6 or less gain +2000 power.
[On Play] You may trash 1 {Navy} type card from your hand: Draw 2 cards.",Yes,https://optcgapi.com/media/static/Card_Images/EB03-041_p1_oQw07n5.jpg,,5.35,4.50,2026-09-07,
EB03-057_p1,Yamato (Alternate Art),EB-03,Extra Booster: One Piece Heroines Edition,R,Yellow,Character,5,6000,,1000,Strike,Land of Wano,"[On Play] Give up to 3 rested DON!! cards to your {Land of Wano} type Leader.
[On K.O.] Trash up to 1 card from the top of your opponent's Life cards.",Yes,https://optcgapi.com/media/static/Card_Images/EB03-057_p1_bBwaxOz.jpg,,13.01,11.54,2026-09-07,
EB03-061_p1,Uta (061) (Alternate Art),EB-03,Extra Booster: One Piece Heroines Edition,SEC,Green,Character,7,8000,,0,Special,FILM,"[Activate: Main] [Once Per Turn] Set up to 1 of your DON!! cards as active. Then, rest up to 1 of your opponent's DON!! cards or Characters with a cost of 4 or less.
[End of Your Turn] You may rest 1 of your DON!! cards: Set up to 1 of your {FILM} type Characters as active.",Yes,https://optcgapi.com/media/static/Card_Images/EB03-061_p1_6QpKAbT.jpg,,13.15,13.16,2026-09-07,
EB03-026_p1,Boa Hancock (Alternate Art),EB-03,Extra Booster: One Piece Heroines Edition,SR,Blue,Character,6,8000,,0,Special,Kuja Pirates The Seven Warlords of the Sea,"[On Play] If your opponent has 5 or more cards in their hand, your opponent places 1 card from their hand at the bottom of their deck.
[Activate: Main] [Once Per Turn] You may place 1 of your Characters at the bottom of the owner's deck: Give your Leader and 1 Character up to 1 rested DON!! card each.",Yes,https://optcgapi.com/media/static/Card_Images/EB03-026_p1_eFWOcPG.jpg,,36.94,37.00,2026-09-07,
EB03-031_p1,Vinsmoke Reiju (Alternate Art),EB-03,Extra Booster: One Piece Heroines Edition,SR,Purple,Character,5,5000,,1000,Special,The Vinsmoke Family GERMA 66,"[Your Turn] [On Play] DON!! 1: If your Leader is [Sanji], activate the [Main] effect of up to 1 Event card with a cost of 7 or less in your trash.",Yes,https://optcgapi.com/media/static/Card_Images/EB03-031_p1_5nabW5C.jpg,,8.58,7.87,2026-09-07,
EB03-003_p1,Uta (003) (Alternate Art),EB-03,Extra Booster: One Piece Heroines Edition,SR,Red,Character,5,7000,,0,Special,FILM,"[On Play] If your Leader is [Uta], draw 2 cards. Then, play up to 1 Character card with 6000 power or less and no base effect from your hand.",Yes,https://optcgapi.com/media/static/Card_Images/EB03-003_p1_viX3Rl8.jpg,,8.96,7.75,2026-09-07,
EB03-026_p2,Boa Hancock (SP),EB-03,Extra Booster: One Piece Heroines Edition,SR,Blue,Character,6,8000,,0,Special,Kuja Pirates The Seven Warlords of the Sea,"[On Play] If your opponent has 5 or more cards in their hand, your opponent places 1 card from their hand at the bottom of their deck.[Activate: Main] [Once Per Turn] You may place 1 of your Characters at the bottom of the owner's deck: Give your Leader and 1 Character up to 1 rested DON!! card each.",Yes,https://optcgapi.com/media/static/Card_Images/EB03-026_p2_slw9xMj.jpg,,1421.01,1000.00,2026-09-07,
EB03-055_p2,Nico Robin (055) (SP),EB-03,Extra Booster: One Piece Heroines Edition,SR,Yellow,Character,7,8000,,0,Strike,Straw Hat Crew,"[On Play] You may trash 1 card from the top of your Life cards: If your Leader has the {Straw Hat Crew} type, add up to 2 cards from the top of your deck to the top of your Life cards.[Opponent's Turn] [On K.O.] You may deal 1 damage to your opponent.",Yes,https://optcgapi.com/media/static/Card_Images/EB03-055_p2_GwiCq60.jpg,,1476.31,1380.99,2026-09-07,
EB03-053_p2,Nami (053) (SP),EB-03,Extra Booster: One Piece Heroines Edition,SR,Yellow,Character,5,6000,,1000,Special,Straw Hat Crew,"[On Play] Give up to 1 rested DON!! card to your Leader. Then, if your opponent has 3 or more Life cards, add up to 1 card from the top of your opponent's Life cards to the owner's hand.[On K.O.] You may turn 1 card from the top of your Life cards face-up: Play up to 1 Character card with 6000 power or less from your hand.",Yes,https://optcgapi.com/media/static/Card_Images/EB03-053_p2_5xa1OeQ.jpg,,1315.78,499.12,2026-09-07,
EB03-061_p2,Uta (061) (Manga),EB-03,Extra Booster: One Piece Heroines Edition,SEC,Green,Character,7,8000,,0,Special,FILM,"[Activate: Main] [Once Per Turn] Set up to 1 of your DON!! cards as active. Then, rest up to 1 of your opponent's DON!! cards or Characters with a cost of 4 or less.[End of Your Turn] You may rest 1 of your DON!! cards: Set up to 1 of your {FILM} type Characters as active.",Yes,https://optcgapi.com/media/static/Card_Images/EB03-061_p2.jpg,,953.65,781.94,2026-09-07,
EB03-042_p2,Koala (SP),EB-03,Extra Booster: One Piece Heroines Edition,SR,Black,Character,4,5000,,1000,Strike,Revolutionary Army Dressrosa,"If your Leader has the {Revolutionary Army} type, this Character gains +4 cost.[Opponent's Turn] [On K.O.] Play up to 1 {Revolutionary Army} type Character card with a cost of 6 or less other than [Koala] or up to 1 [Nico Robin] with a cost of 6 or less from your hand or trash.",Yes,https://optcgapi.com/media/static/Card_Images/EB03-042_p2_9UP5kWW.jpg,,179.05,124.95,2026-09-07,
EB03-018_p2,Tashigi (SP),EB-03,Extra Booster: One Piece Heroines Edition,SR,Green,Character,4,6000,,0,Slash,Navy,[Opponent's Turn] This Character cannot be K.O.'d by your opponent's effects and gains [Blocker].[End of Your Turn] You may rest 1 of your DON!! cards and trash 1 card from your hand: Set this Character as active.,Yes,https://optcgapi.com/media/static/Card_Images/EB03-018_p2_4wKZOzJ.jpg,,161.55,129.89,2026-09-07,
EB03-031_p2,Vinsmoke Reiju (SP),EB-03,Extra Booster: One Piece Heroines Edition,SR,Purple,Character,5,5000,,1000,Special,The Vinsmoke Family GERMA 66,"[Your Turn] [On Play] DON!! 1: If your Leader is [Sanji], activate the [Main] effect of up to 1 Event card with a cost of 7 or less in your trash.",Yes,https://optcgapi.com/media/static/Card_Images/EB03-031_p2_x7r9oMT.jpg,,229.65,194.94,2026-09-07,
EB03-024_p2,Nefeltari Vivi (024) (SP),EB-03,Extra Booster: One Piece Heroines Edition,SR,Blue,Character,5,4000,,1000,Wisdom,Alabasta,"[Blocker][On Play] Play up to 1 {Alabasta} or {Straw Hat Crew} type Character card with a cost of 5 or less from your hand. Then, you cannot play any Character cards on your field during this turn.",Yes,https://optcgapi.com/media/static/Card_Images/EB03-024_p2.jpg,,459.73,289.05,2026-09-07,
EB03-003_p2,Uta (003) (SP),EB-03,Extra Booster: One Piece Heroines Edition,SR,Red,Character,5,7000,,0,Special,FILM,"[On Play] If your Leader is [Uta], draw 2 cards. Then, play up to 1 Character card with 6000 power or less and no base effect from your hand.",Yes,https://optcgapi.com/media/static/Card_Images/EB03-003_p2_ZseuWTY.jpg,,347.49,276.52,2026-09-07,
EB03-045_p2,Perona (045) (SP),EB-03,Extra Booster: One Piece Heroines Edition,SR,Black,Character,4,6000,,0,Special,Thriller Bark Pirates Muggy Kingdom,"[Blocker][On Play] Give up to 1 rested DON!! card to your Leader or 1 of your Characters. Then, if you have 10 or more cards in your trash, play up to 1 {Thriller Bark Pirates} type Character card with a cost of 2 or less from your trash rested.",Yes,https://optcgapi.com/media/static/Card_Images/EB03-045_p2_FebtrFt.jpg,,364.33,370.00,2026-09-07,
EB03-001_p1,Nefeltari Vivi (001) (Alternate Art),EB-03,Extra Booster: One Piece Heroines Edition,L,Blue Red,Leader,,5000,4,,Slash,Alabasta,"[Once Per Turn] If your Character with a base cost of 4 or more would be K.O.'d, you may trash 1 card from your hand instead. [Activate: Main] You may rest this Leader: Give up to 1 of your opponent's Characters 2000 power during this turn. Then, up to 1 of your Characters without a [When Attacking] effect gains [Rush] during this turn.",Yes,https://optcgapi.com/media/static/Card_Images/EB03-001_p1_9CT8VHg.jpg,,8.07,7.03,2026-09-07,
EB03-062,Trafalgar Law,EB-03,Extra Booster: One Piece Heroines Edition,SEC,Yellow,Character,8,6000,,1000,Slash,Heart Pirates,"[Rush] [Activate: Main] You may trash 1 card from your hand and trash this Character: Add up to 1 card from the top of your deck to the top of your Life cards. Then, play up to 1 [Trafalgar Law] with a cost of 7 or less from your hand.",No,https://optcgapi.com/media/static/Card_Images/EB03-062_BWvg4OV.jpg,,7.08,6.99,2026-09-07,
EB03-003,Uta (003),EB-03,Extra Booster: One Piece Heroines Edition,SR,Red,Character,5,7000,,,Special,FILM,"[On Play] If your Leader is [Uta], draw 2 cards. Then, play up to 1 Character card with 6000 power or less and no base effect from your hand.",No,https://optcgapi.com/media/static/Card_Images/EB03-003_a1HWpXc.jpg,,0.50,0.42,2026-09-07,
EB03-061,Uta (061),EB-03,Extra Booster: One Piece Heroines Edition,SEC,Green,Character,7,8000,,,Special,FILM,"[Activate: Main] [Once Per Turn] Set up to 1 of your DON!! cards as active. Then, rest up to 1 of your opponent's DON!! cards or Characters with a cost of 4 or less. [End of Your Turn] You may rest 1 of your DON!! cards: Set up to 1 of your {FILM} type Characters as active.",No,https://optcgapi.com/media/static/Card_Images/EB03-061_HLTqyf1.jpg,,3.30,3.49,2026-09-07,
OP15-113,Roronoa Zoro (OP15-113),OP15-EB04,Adventure on Kami's Island,SR,Yellow,Character,4,6000,,0,Slash,Straw Hat Crew Sky Island,[On Play] You may trash 1 card from your hand: Add up to 1 card from the top of your deck to the top of your Life cards.,No,https://optcgapi.com/media/static/Card_Images/OP15-113_IoOASXf.jpg,,4.46,1.50,2026-09-07,
OP15-046,Sabo,OP15-EB04,Adventure on Kami's Island,SR,Blue,Character,7,9000,,0,Special,Revolutionary Army Dressrosa,"[Blocker]
[On Play] If your Leader has the {Dressrosa} type, activate up to 1 {Dressrosa} type Event from your hand.",No,https://optcgapi.com/media/static/Card_Images/OP15-046_hRbLfA6.jpg,,0.55,0.24,2026-09-07,
EB04-058,Borsalino,OP15-EB04,Adventure on Kami's Island,SR,Yellow,Character,5,6000,,1000,Special,Navy Egghead,"[Blocker] (After your opponent declares an attack, you may rest this card to make it the new target of the attack.)
[On Play] If you have 2 or less Life cards, add up to 1 card from the top of your deck to the top of your Life cards.",No,https://optcgapi.com/media/static/Card_Images/EB04-058_LxNnvX2.jpg,,31.37,28.00,2026-09-07,
OP15-032,Brook (OP15-032),OP15-EB04,Adventure on Kami's Island,SR,Green,Character,6,6000,,1000,Slash,Straw Hat Crew,"[On Play] Rest up to 1 of your opponent's cards.
[Activate: Main] You may trash this Character: If your Leader has the {Straw Hat Crew} type, set up to 1 of your Characters with a base cost of 8 or less as active.",No,https://optcgapi.com/media/static/Card_Images/OP15-032_UuYezw2.jpg,,2.70,2.45,2026-09-07,
OP15-053,Rebecca (OP15-053),OP15-EB04,Adventure on Kami's Island,SR,Blue,Character,1,0,,1000,Wisdom,Dressrosa,"[DON!! x1] This Character gains [Blocker].
[On Play] Look at 3 cards from the top of your deck; reveal up to 1 {Dressrosa} type card and add it to your hand. Then, place the rest at the bottom of your deck in any order.",No,https://optcgapi.com/media/static/Card_Images/OP15-053_6BIr3DG.jpg,,1.14,0.91,2026-09-07,
EB04-007,Roronoa Zoro (EB04-007),OP15-EB04,Adventure on Kami's Island,SR,Red,Character,7,9000,,0,Slash,Straw Hat Crew Egghead,"[On Play] Your Leader gains +2000 power until the end of your opponent's next End Phase.[Activate: Main] [Once Per Turn] If your opponent has a Character with 8000 power or more, this Character gains [Rush: Character] during this turn.",No,https://optcgapi.com/media/static/Card_Images/EB04-007_TLnEm4i.jpg,,14.93,12.98,2026-09-07,
OP15-086,Nami (OP15-086),OP15-EB04,Adventure on Kami's Island,SR,Black,Character,8,6000,,0,Special,Straw Hat Crew,"[On Play] If your Leader has the {Straw Hat Crew} type, play up to 1 {Straw Hat Crew} type Character with a cost of 7 or less from your trash. The Character played with this effect gains [Rush] during this turn.",No,https://optcgapi.com/media/static/Card_Images/OP15-086_vHGEGK0.jpg,,2.43,2.74,2026-09-07,
OP15-078,Mamaragan,OP15-EB04,Adventure on Kami's Island,SR,Purple,Event,0,,,0,,Sky Island,"[Main] DON!! 2: Draw 1 card. Then, rest up to 1 of your opponent's Characters with 5000 power or less.
[Counter] Up to 1 of your Leader or Character cards gains +1000 power during this battle. Then, if you have 6 or less DON!! cards on your field, draw 1 card.",No,https://optcgapi.com/media/static/Card_Images/OP15-078_Mxy2D9w.jpg,,24.85,16.99,2026-09-07,
OP15-060,Enel (OP15-060),OP15-EB04,Adventure on Kami's Island,SR,Purple,Character,6,8000,,0,Special,Sky Island,"If you have 6 or less DON!! cards on your field, this Character cannot be removed from the field by your opponent's effects and gains +2000 power.
[Activate: Main] DON!! 1: This Character gains [Blocker] until the end of your opponent's next End Phase. Then, trash 1 card from your hand.",No,https://optcgapi.com/media/static/Card_Images/OP15-060_sR1j434.jpg,,0.34,0.25,2026-09-07,
EB04-044,Koby (EB04-044),OP15-EB04,Adventure on Kami's Island,SR,Black,Character,6,7000,,1000,Strike,Navy SWORD,"[Once Per Turn] If your Leader has the ""Navy"" type and this Character would be removed from the field, you can discard 1 card from your hand instead.
[Your Turn] [Once Per Turn] When one of your opponent’s Characters is KO’d, draw 1 card.",No,https://optcgapi.com/media/static/Card_Images/EB04-044_evnJnB8.jpg,,0.46,0.25,2026-09-07,
OP15-114,Wyper,OP15-EB04,Adventure on Kami's Island,SR,Yellow,Character,5,6000,,1000,Ranged,Sky Island Shandian Warrior,"[On Play] You may turn 1 card from the top of your Life cards face-up: Give all of your opponent's Characters 2000 power during this turn. Then, K.O. all of your opponent's Characters with 0 power or less.
[Activate: Main] [Once Per Turn] Give up to 1 rested DON!! card to 1 of your {Sky Island} type Leader or Character cards.",No,https://optcgapi.com/media/static/Card_Images/OP15-114_W7W9iZq.jpg,,0.82,0.37,2026-09-07,
OP15-008,Krieg (OP15-008),OP15-EB04,Adventure on Kami's Island,SR,Red,Character,8,9000,,0,Slash,Krieg Pirates East Blue,"[On Play] Give up to 3 of your opponent's rested DON!! cards to 1 of your opponent's Characters. Then, this Character gains [Rush] during this turn.
[Activate: Main] [Once Per Turn] If this Character was played on this turn, give all of your opponent's Characters -1000 power during this turn for every DON!! card given to that Character.",No,https://optcgapi.com/media/static/Card_Images/OP15-008_FODS7An.jpg,,0.68,0.21,2026-09-07,
OP15-007,Gin,OP15-EB04,Adventure on Kami's Island,SR,Red,Character,6,7000,,1000,Strike,Krieg Pirates East Blue,"[On Play] If your Leader has the {East Blue} type, play up to 1 Character card with a cost of 5 or less from your hand.",No,https://optcgapi.com/media/static/Card_Images/OP15-007_TUo5WSO.jpg,,0.47,0.32,2026-09-07,
OP15-118,Enel (OP15-118),OP15-EB04,Adventure on Kami's Island,SEC,Purple,Character,6,8000,,0,Special,Sky Island,"If you have 6 or less DON!! cards on your field, this Character cannot be removed from the field by your opponent's effects and gains +2000 power.
[On Play] DON!! 1: Look at 5 cards from the top of your deck and add up to 1 card to your hand. Then, place the rest at the bottom of your deck in any order, and trash 1 card from your hand.",No,https://optcgapi.com/media/static/Card_Images/OP15-118_GppZ8HC.jpg,,10.25,9.77,2026-09-07,
OP15-119,Monkey.D.Luffy (OP15-119),OP15-EB04,Adventure on Kami's Island,SEC,Yellow,Character,5,7000,,0,Strike,Straw Hat Crew Sky Island,"If you have 6 or more DON!! cards on your field, this Character gains [Rush].
When your opponent activates an Event or [Blocker], reveal up to 1 card from the top of your Life cards. This Character gains +1000 power during this turn per 1 cost on the revealed card.",No,https://optcgapi.com/media/static/Card_Images/OP15-119_Bs2LYY4.jpg,,10.69,9.50,2026-09-07,
EB04-048,Rob Lucci,OP15-EB04,Adventure on Kami's Island,SR,Black,Character,4,6000,,0,Strike,CP0 Egghead,"If your Leader's type includes ""CP"", this Character gains +1000 power and -2 cost for every 5 cards in your trash.
[On Play] You may trash 1 of your Characters: Draw 1 card.",No,https://optcgapi.com/media/static/Card_Images/EB04-048_kr3745G.jpg,,0.37,0.30,2026-09-07,
EB04-061,Monkey.D.Luffy (EB04-061),OP15-EB04,Adventure on Kami's Island,SEC,Yellow,Character,10,12000,,0,Strike,Straw Hat Crew The Four Emperors Egghead,"If you have 1 or less Life cards, give this card in your hand -1 cost.
[On Play] You may trash 1 card from your hand: Your Leader gains +2000 power until the end of your opponent's next End Phase. Then, this Character gains [Blocker] until the end of your opponent's next End Phase.",No,https://optcgapi.com/media/static/Card_Images/EB04-061_I3Eac0j.jpg,,8.10,8.24,2026-09-07,
OP15-008_p1,Krieg (OP15-008) (Alternate Art),OP15-EB04,Adventure on Kami's Island,SR,Red,Character,8,9000,,0,Slash,Krieg Pirates East Blue,"[On Play] Give up to 3 of your opponent's rested DON!! cards to 1 of your opponent's Characters. Then, this Character gains [Rush] during this turn.
[Activate: Main] [Once Per Turn] If this Character was played on this turn, give all of your opponent's Characters -1000 power during this turn for every DON!! card given to that Character.",Yes,https://optcgapi.com/media/static/Card_Images/OP15-008_p1_1nGVM5V.jpg,,5.79,5.99,2026-09-07,
OP15-007_p1,Gin (Alternate Art),OP15-EB04,Adventure on Kami's Island,SR,Red,Character,6,7000,,1000,Strike,Krieg Pirates East Blue,"[On Play] If your Leader has the {East Blue} type, play up to 1 Character card with a cost of 5 or less from your hand.",Yes,https://optcgapi.com/media/static/Card_Images/OP15-007_p1_3a0c7Wn.jpg,,2.96,2.99,2026-09-07,
OP15-003_p1,Alvida (Alternate Art),OP15-EB04,Adventure on Kami's Island,R,Red,Character,5,6000,,1000,Strike,East Blue Alvida Pirates,"If this Character would be K.O.'d, you may trash 1 Character card with a power of 6000 or less from your hand instead.
[Activate: Main] [Once Per Turn] You may give 1 of your opponent's rested DON!! cards to 1 of your opponent's Characters: Give up to 1 rested DON!! card to its owner's Leader or 1 of their Characters.",Yes,https://optcgapi.com/media/static/Card_Images/OP15-003_p1_h0AKASO.jpg,,6.19,6.50,2026-09-07,
OP15-113_p1,Roronoa Zoro (OP15-113) (Alternate Art),OP15-EB04,Adventure on Kami's Island,SR,Yellow,Character,4,6000,,0,Slash,Straw Hat Crew Sky Island,[On Play] You may trash 1 card from your hand: Add up to 1 card from the top of your deck to the top of your Life cards.,Yes,https://optcgapi.com/media/static/Card_Images/OP15-113_p1_lSKJkzB.jpg,,28.04,23.95,2026-09-07,
OP15-046_p1,Sabo (Alternate Art),OP15-EB04,Adventure on Kami's Island,SR,Blue,Character,7,9000,,0,Special,Revolutionary Army Dressrosa,"[Blocker]
[On Play] If your Leader has the {Dressrosa} type, activate up to 1 {Dressrosa} type Event from your hand.",Yes,https://optcgapi.com/media/static/Card_Images/OP15-046_p1_Zpqnbqv.jpg,,7.49,5.50,2026-09-07,
OP15-109_p1,Nico Robin (OP15-109) (Alternate Art),OP15-EB04,Adventure on Kami's Island,R,Yellow,Character,7,7000,,1000,Strike,Straw Hat Crew Sky Island,"[On Play] You may add 1 card from the top of your Life cards to your hand: If your Leader has the {Straw Hat Crew} type, add up to 1 card from the top of your deck to the top of your Life cards. Then, play up to 1 {Sky Island} type Character card with a cost of 5 or less from your hand.",Yes,https://optcgapi.com/media/static/Card_Images/OP15-109_p1_9JCAmRw.jpg,,14.62,15.40,2026-09-07,
EB04-044_p1,Koby (EB04-044) (Alternate Art),OP15-EB04,Adventure on Kami's Island,SR,Black,Character,6,7000,,1000,Strike,Navy SWORD,"[Once Per Turn] If your black Character with a base cost of 5 or less would be K.O.'d by your opponent's effect, you may place 3 cards from your trash at the bottom of your deck in any order instead.
[On Play] Trash 2 cards from the top of your deck.",Yes,https://optcgapi.com/media/static/Card_Images/EB04-044_p1_VWzlrOD.jpg,,20.03,15.00,2026-09-07,
OP15-061_p1,Ohm (Alternate Art),OP15-EB04,Adventure on Kami's Island,R,Purple,Character,1,2000,,1000,Slash,Sky Island Vassals,"[On Play] DON!! 1: Draw 1 card.
[When Attacking] If you have 6 or less DON!! cards on your field, give up to 1 of your opponent's Characters 1000 power during this turn.",Yes,https://optcgapi.com/media/static/Card_Images/OP15-061_p1_NbJVL96.jpg,,6.01,4.00,2026-09-07,
OP15-078_p1,Mamaragan (Alternate Art),OP15-EB04,Adventure on Kami's Island,SR,Purple,Event,0,,,0,,Sky Island,"[Main] DON!! 2: Draw 1 card. Then, rest up to 1 of your opponent's Characters with 5000 power or less.
[Counter] Up to 1 of your Leader or Character cards gains +1000 power during this battle. Then, if you have 6 or less DON!! cards on your field, draw 1 card.",Yes,https://optcgapi.com/media/static/Card_Images/OP15-078_p1_7BksWoF.jpg,,47.51,25.85,2026-09-07,
OP15-032_p1,Brook (OP15-032) (Alternate Art),OP15-EB04,Adventure on Kami's Island,SR,Green,Character,6,6000,,1000,Slash,Straw Hat Crew,"[On Play] Rest up to 1 of your opponent's cards.
[Activate: Main] You may trash this Character: If your Leader has the {Straw Hat Crew} type, set up to 1 of your Characters with a base cost of 8 or less as active.",Yes,https://optcgapi.com/media/static/Card_Images/OP15-032_p1_LgM6irK.jpg,,33.63,33.00,2026-09-07,
OP15-025_p1,Kuro (Alternate Art),OP15-EB04,Adventure on Kami's Island,R,Green,Character,7,7000,,1000,Slash,East Blue Black Cat Pirates,"[Blocker]
[On Play] Give up to 2 DON!! cards from your opponent's cost area to 1 of your opponent's Characters. Then, at the end of this turn, up to 1 rested Character with 3 or more DON!! cards given will not become active in your opponent's next Refresh Phase.",Yes,https://optcgapi.com/media/static/Card_Images/OP15-025_p1_VNRkO3g.jpg,,4.85,3.50,2026-09-07,
EB04-007_p1,Roronoa Zoro (EB04-007) (Alternate Art),OP15-EB04,Adventure on Kami's Island,SR,Red,Character,7,9000,,0,Slash,Straw Hat Crew Egghead,"[On Play] Your Leader gains +2000 power until the end of your opponent's next End Phase.
[Activate: Main] [Once Per Turn] If your opponent has a Character with 8000 power or more, this Character gains [Rush: Character] during this turn.",Yes,https://optcgapi.com/media/static/Card_Images/EB04-007_p1_7E0hVVK.jpg,,85.56,60.00,2026-09-07,
OP15-060_p1,Enel (OP15-060) (Alternate Art),OP15-EB04,Adventure on Kami's Island,SR,Purple,Character,6,8000,,0,Special,Sky Island,"If you have 6 or less DON!! cards on your field, this Character cannot be removed from the field by your opponent's effects and gains +2000 power.
[Activate: Main] DON!! 1: This Character gains [Blocker] until the end of your opponent's next End Phase. Then, trash 1 card from your hand.",Yes,https://optcgapi.com/media/static/Card_Images/OP15-060_p1_gZ1XXGE.jpg,,4.92,4.95,2026-09-07,
EB04-058_p1,Borsalino (Alternate Art),OP15-EB04,Adventure on Kami's Island,SR,Yellow,Character,5,6000,,1000,Special,Navy Egghead,"[Blocker] (After your opponent declares an attack, you may rest this card to make it the new target of the attack.)
[On Play] If you have 2 or less Life cards, add up to 1 card from the top of your deck to the top of your Life cards.",Yes,https://optcgapi.com/media/static/Card_Images/EB04-058_p1_a850zQT.jpg,,70.91,40.00,2026-09-07,
OP15-001_p1,Krieg (OP15-001) (Alternate Art),OP15-EB04,Adventure on Kami's Island,L,Green Red,Leader,,5000,4,0,Slash,Krieg Pirates East Blue,"[DON!! x1] [Opponent's Turn] If the only Characters on your field are {East Blue} type Characters, give all of your opponent's Characters -2000 power.
[Activate: Main] [Once Per Turn] Rest up to 1 of your opponent's Characters that has 2 or more DON!! cards given.",Yes,https://optcgapi.com/media/static/Card_Images/OP15-001_p1_v0n0iIW.jpg,,11.93,13.25,2026-09-07,
OP15-092_p1,Monkey.D.Luffy (OP15-092) (Alternate Art),OP15-EB04,Adventure on Kami's Island,R,Black,Character,7,7000,,1000,,Straw Hat Crew,"Apply each of the following effects based on the number of cards in your trash:
• If there are 10 or more cards, this Character's base power becomes 9000 and it gains +10 cost.
• If you have 20 or more cards, during your opponent's turn, your Leader's base power becomes 7000.
• If you have 30 or more cards, this Character gains +1000 power.",Yes,https://optcgapi.com/media/static/Card_Images/OP15-092_p1_wvjuF0D.jpg,,25.92,24.48,2026-09-07,
OP15-118_p1,Enel (OP15-118) (Alternate Art),OP15-EB04,Adventure on Kami's Island,SEC,Purple,Character,6,8000,,0,Special,Sky Island,"If you have 6 or less DON!! cards on your field, this Character cannot be removed from the field by your opponent's effects and gains +2000 power.
[On Play] DON!! 1: Look at 5 cards from the top of your deck and add up to 1 card to your hand. Then, place the rest at the bottom of your deck in any order, and trash 1 card from your hand.",Yes,https://optcgapi.com/media/static/Card_Images/OP15-118_p1_PvQXjBT.jpg,,26.57,25.93,2026-09-07,
OP15-047_p1,Sanji (OP15-047) (Alternate Art),OP15-EB04,Adventure on Kami's Island,R,Blue,Character,3,4000,,1000,Strike,Straw Hat Crew Dressrosa,"[Blocker] (After your opponent declares an attack, you may rest this card to make it the new target of the attack.)
[On Play] Up to 1 of your Characters gains [Unblockable] during this turn.
(This card cannot be blocked.)",Yes,https://optcgapi.com/media/static/Card_Images/OP15-047_p1_70z00wN.jpg,,5.72,4.50,2026-09-07,
OP15-053_p1,Rebecca (OP15-053) (Alternate Art),OP15-EB04,Adventure on Kami's Island,SR,Blue,Character,1,0,,1000,Wisdom,Dressrosa,"[DON!! x1] This Character gains [Blocker].
[On Play] Look at 3 cards from the top of your deck; reveal up to 1 {Dressrosa} type card and add it to your hand. Then, place the rest at the bottom of your deck in any order.",Yes,https://optcgapi.com/media/static/Card_Images/OP15-053_p1_psXmUbM.jpg,,20.05,19.02,2026-09-07,
EB04-003_p1,Smoker & Tashigi (SP),OP15-EB04,Adventure on Kami's Island,R,Red,Character,8,8000,,0,Slash Special,Navy Punk Hazard,[Rush] (This card can attack on the turn in which it is played.)[Opponent's Turn] Your {Navy} type Leader's base power becomes 7000.,Yes,https://optcgapi.com/media/static/Card_Images/EB04-003_p1_s3bTHgp.jpg,,103.14,90.00,2026-09-07,
EB04-002_p1,Jewelry Bonney (EB04-002) (Alternate Art),OP15-EB04,Adventure on Kami's Island,R,Red,Character,1,2000,,1000,Special,Bonney Pirates Egghead,"[On Play] Look at 4 cards from the top of your deck; reveal up to 1 {Egghead} or {Straw Hat Crew} type card other than [Jewelry Bonney] and add it to your hand. Then, place the rest at the bottom of your deck in any order.",Yes,https://optcgapi.com/media/static/Card_Images/EB04-002_p1_8j7Zw4U.jpg,,20.07,18.34,2026-09-07,
OP15-058_p1,Enel (OP15-058) (Alternate Art),OP15-EB04,Adventure on Kami's Island,L,Purple,Leader,,5000,5,0,Special,Sky Island,"Under the rules of this game, your DON!! deck consists of 6 cards.
[Activate: Main] [Once Per Turn] If it is your second turn or later, add up to 1 DON!! card from your DON!! deck and set it as active, and add up to 4 additional DON!! cards and rest them. Then, give up to 4 rested DON!! cards to 1 of your Characters.",Yes,https://optcgapi.com/media/static/Card_Images/OP15-058_p1_LSBUdxM.jpg,,27.49,27.60,2026-09-07,
OP15-114_p1,Wyper (Alternate Art),OP15-EB04,Adventure on Kami's Island,SR,Yellow,Character,5,6000,,1000,Ranged,Sky Island Shandian Warrior,"[On Play] You may turn 1 card from the top of your Life cards face-up: Give all of your opponent's Characters 2000 power during this turn. Then, K.O. all of your opponent's Characters with 0 power or less.
[Activate: Main] [Once Per Turn] Give up to 1 rested DON!! card to 1 of your {Sky Island} type Leader or Character cards.",Yes,https://optcgapi.com/media/static/Card_Images/OP15-114_p1_pjA9nX3.jpg,,5.00,3.97,2026-09-07,
OP15-119_p1,Monkey.D.Luffy (OP15-119) (Alternate Art),OP15-EB04,Adventure on Kami's Island,SEC,Yellow,Character,5,7000,,0,Strike,Straw Hat Crew Sky Island,"If you have 6 or more DON!! cards on your field, this Character gains [Rush].
When your opponent activates an Event or [Blocker], reveal up to 1 card from the top of your Life cards. This Character gains +1000 power during this turn per 1 cost on the revealed card.",Yes,https://optcgapi.com/media/static/Card_Images/OP15-119_p1_2faHRBb.jpg,,46.47,39.99,2026-09-07,
OP15-116_p1,Gum-Gum Golden Rifle (Alternate Art),OP15-EB04,Adventure on Kami's Island,R,Yellow,Event,1,,,0,,Straw Hat Crew Sky Island,"[Main] If your Leader has the {Straw Hat Crew} type, trash 1 card from the top of your Life cards. Then, add up to 1 card from the top of your deck to the top of your Life cards and trash 1 card from your hand.
[Counter] Your Leader gains +4000 power during this battle.",Yes,https://optcgapi.com/media/static/Card_Images/OP15-116_p1_WxTxrNj.jpg,,56.26,50.00,2026-09-07,
EB04-043_p1,Kaku (Alternate Art),OP15-EB04,Adventure on Kami's Island,R,Black,Character,3,4000,,2000,Slash,CP0 Egghead,"[Once Per Turn] If your black Character with a base cost of 5 or less would be K.O.'d by your opponent's effect, you may place 3 cards from your trash at the bottom of your deck in any order instead.
[On Play] Trash 2 cards from the top of your deck.",Yes,https://optcgapi.com/media/static/Card_Images/EB04-043_p1_dzUFugk.jpg,,3.12,1.49,2026-09-07,
OP15-086_p1,Nami (OP15-086) (Alternate Art),OP15-EB04,Adventure on Kami's Island,SR,Black,Character,8,6000,,0,Special,Straw Hat Crew,"[On Play] If your Leader has the {Straw Hat Crew} type, play up to 1 {Straw Hat Crew} type Character with a cost of 7 or less from your trash. The Character played with this effect gains [Rush] during this turn.",Yes,https://optcgapi.com/media/static/Card_Images/OP15-086_p1_QKCr0Th.jpg,,99.37,84.99,2026-09-07,
OP15-002_p1,Lucy (Alternate Art),OP15-EB04,Adventure on Kami's Island,L,Blue Red,Leader,,5000,4,0,Strike,Revolutionary Army Dressrosa,"[When Attacking]/[On Your Opponent's Attack] You may trash any number of Event or Stage cards from your hand. This Leader gains +1000 power during this battle for every card trashed.
[Activate: Main] [Once Per Turn] If you have activated an Event with a base cost of 3 or more during this turn, draw 1 card.",Yes,https://optcgapi.com/media/static/Card_Images/OP15-002_p1_bm75Dds.jpg,,25.93,25.15,2026-09-07,
OP15-077_p1,Lightning Dragon (Alternate Art),OP15-EB04,Adventure on Kami's Island,R,Purple,Event,0,,,0,,Sky Island,"[Main] DON!! 1: Draw 1 card. Then, up to 1 of your opponent's rested Characters with 6000 power or less will not become active in your opponent's next Refresh Phase.",Yes,https://optcgapi.com/media/static/Card_Images/OP15-077_p1_FE0OAy2.jpg,,75.61,47.00,2026-09-07,
OP15-098_p1,Monkey.D.Luffy (OP15-098) (Alternate Art),OP15-EB04,Adventure on Kami's Island,L,Yellow,Leader,,5000,5,0,Strike,Straw Hat Crew Sky Island,"If your {Sky Island} type Character with 6000 base power or more would be removed from the field by your opponent, you may add 1 card from the top of your Life cards to your hand instead.",Yes,https://optcgapi.com/media/static/Card_Images/OP15-098_p1_vHsa8gH.jpg,,80.82,72.00,2026-09-07,
OP13-037_p1,Roronoa Zoro (OP13-037),OP15-EB04,Adventure on Kami's Island,TR,Green,Character,4,5000,,1000,Slash,FILM Straw Hat Crew Supernovas,"[On Play] If your Leader has the {FILM} or {Straw Hat Crew} type, set up to 2 of your DON!! cards as active.[End of Your Turn] Set this Character as active.",Yes,https://optcgapi.com/media/static/Card_Images/OP13-037_p1.jpg,,209.46,150.00,2026-09-07,
OP15-039_p1,Rebecca (OP15-039) (Alternate Art),OP15-EB04,Adventure on Kami's Island,L,Blue,Leader,,5000,5,0,Wisdom,Dressrosa,"This Leader cannot attack.
[Activate: Main] You may rest this Leader and return 1 of your {Dressrosa} type Characters to the owner's hand: Play up to 1 {Dressrosa} type Character card with a cost of 3 from your hand.",Yes,https://optcgapi.com/media/static/Card_Images/OP15-039_p1_1RVSBD5.jpg,,16.69,15.35,2026-09-07,
EB04-048_p1,Rob Lucci (Alternate Art),OP15-EB04,Adventure on Kami's Island,SR,Black,Character,4,6000,,0,Strike,CP0 Egghead,"If your Leader's type includes ""CP"", this Character gains +1000 power and -2 cost for every 5 cards in your trash.
[On Play] You may trash 1 of your Characters: Draw 1 card.",Yes,https://optcgapi.com/media/static/Card_Images/EB04-048_p1_f9OEOVs.jpg,,6.60,5.95,2026-09-07,
EB04-061_p1,Monkey.D.Luffy (EB04-061) (Alternate Art),OP15-EB04,Adventure on Kami's Island,SEC,Yellow,Character,10,12000,,0,Strike,Straw Hat Crew The Four Emperors Egghead,"If you have 1 or less Life cards, give this card in your hand -1 cost.
[On Play] You may trash 1 card from your hand: Your Leader gains +2000 power until the end of your opponent's next End Phase. Then, this Character gains [Blocker] until the end of your opponent's next End Phase.",Yes,https://optcgapi.com/media/static/Card_Images/EB04-061_p1_LGDNc70.jpg,,56.53,53.13,2026-09-07,
EB04-052_p1,Sanji (EB04-052) (Alternate Art),OP15-EB04,Adventure on Kami's Island,R,Yellow,Character,4,4000,,1000,Strike,Straw Hat Crew Egghead,"[When Attacking] This Character's base power becomes the same as your opponent's Leader during this turn.[On K.O.] If you have 2 or less Life cards, play up to 1 yellow Character card with 6000 power or less from your hand.",Yes,https://optcgapi.com/media/static/Card_Images/EB04-052_p1.jpg,,7.10,7.15,2026-09-07,
P-105_p1,Sabo (P-105) (SP),OP15-EB04,Adventure on Kami's Island,PR,Black,Character,4,6000,,0,Special,Revolutionary Army,"If your Leader has the {Revolutionary Army} type, this Character gains [Blocker] and +4 cost.[On Play] You may add 1 card from the top or bottom of your Life cards to your hand: Give up to 1 rested DON!! card to your Leader or 1 of your Characters.",Yes,https://optcgapi.com/media/static/Card_Images/P-105_p1.jpg,,77.35,73.26,2026-09-07,
PRB02-014_p2,Sabo (PRB02-014) (SP),OP15-EB04,Adventure on Kami's Island,SR,Black,Character,6,6000,,2000,Special,Revolutionary Army Dressrosa,"If you have 15 or more cards in your trash, give this card in your hand -3 cost.[Blocker] (After your opponent declares an attack, you may rest this card to make it the new target of the attack.)",Yes,https://optcgapi.com/media/static/Card_Images/PRB02-014_p2.jpg,,194.00,178.12,2026-09-07,
EB02-052_p2.jpg,Enel (SP),OP15-EB04,Adventure on Kami's Island,SR,Yellow,Character,10,11000,,0,Special,Sky Island,"If your Leader has the ""Sky Island"" type, this Character gains [Rush].[When Attacking] You may trash 1 card from your hand: If you have 1 or less Life cards, add up to 1 card from the top of your deck to the top of your Life cards. Then, this Character gains +1000 power during this turn.",Yes,https://optcgapi.com/media/static/Card_Images/EB02-052_p2.jpg,,123.43,104.87,2026-09-07,
OP13-042_p2,Edward.Newgate (SP),OP15-EB04,Adventure on Kami's Island,SR,Blue,Character,10,12000,,0,Special,The Four Emperors Whitebeard Pirates,"[Blocker][On Play] Draw 2 cards and trash 1 card from your hand. Then, give your Leader and 1 Character up to 2 rested DON!! cards each.",Yes,https://optcgapi.com/media/static/Card_Images/OP13-042_p2.jpg,,179.19,150.00,2026-09-07,
EB04-044_p2,Koby (EB04-044) (Manga),OP15-EB04,Adventure on Kami's Island,SR,Black,Character,6,7000,,1000,Strike,Navy SWORD,"[Once Per Turn] If your black Character with a base cost of 5 or less would be K.O.'d by your opponent's effect, you may place 3 cards from your trash at the bottom of your deck in any order instead.[On Play] Trash 2 cards from the top of your deck.",Yes,https://optcgapi.com/media/static/Card_Images/EB04-044_p2.jpg,,627.66,465.12,2026-09-07,
OP11-106_p2,Zeus (SP),OP15-EB04,Adventure on Kami's Island,R,Yellow,Character,2,2000,,2000,Special,Big Mom Pirates Homies,[On Play] You may add 1 card from the top or bottom of your Life cards to your hand: K.O. up to 1 of your opponent's Characters with a cost of 5 or less.,Yes,https://optcgapi.com/media/static/Card_Images/OP11-106_p2.jpg,,415.76,350.32,2026-09-07,
OP13-031_p1,Trafalgar Law (SP),OP15-EB04,Adventure on Kami's Island,R,Green,Character,6,6000,,0,Slash,FILM Heart Pirates Supernovas,"If you have 1 or less Life cards, this Character gains [Blocker].[On Play] You may return 1 of your Characters to the owner's hand: Play up to 1 Character card with a cost of 5 or less from your hand rested.",Yes,https://optcgapi.com/media/static/Card_Images/OP13-031_p1.jpg,,297.84,343.40,2026-09-07,
OP12-014_p2,Boa Hancock (SP),OP15-EB04,Adventure on Kami's Island,SR,Red,Character,2,3000,,0,Special,Kuja Pirates The Seven Warlords of the Sea,"[On Play] Look at 5 cards from the top of your deck; reveal up to 1 [Monkey.D.Luffy] or red Event and add it to your hand. Then, place the rest at the bottom of your deck in any order.[Activate: Main] You may trash this Character: Give up to 2 rested DON!! cards to your Leader or 1 of your Characters.",Yes,https://optcgapi.com/media/static/Card_Images/OP12-014_p2.jpg,,556.30,325.12,2026-09-07,
ST26-005_p1,Monkey.D.Luffy (SP),OP15-EB04,Adventure on Kami's Island,SR,Purple,Character,6,7000,,0,Strike,Straw Hat Crew,"[On Play] / [When Attacking] DON!! -2 (You may return the specified number of DON!! cards from your field to your DON!! deck.): If your Leader is multicolored and your opponent has 5 or more DON!! cards on their field, your ""Straw Hat Crew"" type Leader's base power becomes 7000 until the end of your opponent's next End Phase.",Yes,https://optcgapi.com/media/static/Card_Images/ST26-005_p1.jpg,,614.38,450.00,2026-09-07,
OP15-118_p2,Enel (OP15-118) (Manga),OP15-EB04,Adventure on Kami's Island,SEC,Purple,Character,6,8000,,0,Special,Sky Island,"If you have 6 or less DON!! cards on your field, this Character cannot be removed from the field by your opponent's effects and gains +2000 power.[On Play] DON!! 1: Look at 5 cards from the top of your deck and add up to 1 card to your hand. Then, place the rest at the bottom of your deck in any order, and trash 1 card from your hand.",Yes,https://optcgapi.com/media/static/Card_Images/OP15-118_p2.jpg,,1059.18,829.99,2026-09-07,
OP15-022_p1,Brook (OP15-022) (Alternate Art),OP15-EB04,Adventure on Kami's Island,L,Green Black,Leader,,5000,4,,Slash,Straw Hat Crew,"Under the rules of this game, you do not lose when your deck has 0 cards. You lose at the end of the turn in which your deck becomes 0 cards. [Activate: Main] [Once Per Turn] Trash 4 cards from the top of your deck. Then, if your deck has 0 cards, set up to 1 of your Characters as active.",Yes,https://optcgapi.com/media/static/Card_Images/OP15-022_p1.jpg,,61.63,60.10,2026-09-07,
EB04-001_p1,Jewelry Bonney (EB04-001) (Alternate Art),OP15-EB04,Adventure on Kami's Island,L,Red Yellow,Leader,,5000,4,,Special,Bonney Pirates Egghead,"[Opponent's Turn] If you have 1 or less Life cards, this Leader gains +2000 power. [Activate: Main] [Once Per Turn] Give up to 1 of your opponent's Characters -1000 power during this turn. Then, if you have 2 or more Life cards, you may add 1 card from the top of your Life cards to your hand.",Yes,https://optcgapi.com/media/static/Card_Images/EB04-001_p1.jpg,,33.96,30.99,2026-09-07,
OP16-056,Mr.3(Galdino) (056),OP-16,The Time of Battle,SR,Blue,Character,4,5000,,1000,Special,Impel Down Former Baroque Works,"[Activate: Main] You may trash this Character: Draw 2 cards, and up to 1 of your opponent's Characters with a cost of 9 or less cannot attack until the end of your opponent's next End Phase.",No,https://optcgapi.com/media/static/Card_Images/OP16-056_eJ8kOw4.jpg,,3.33,2.90,2026-09-07,
OP16-098,Yamato (098),OP-16,The Time of Battle,SR,Black,Character,6,5000,,1000,Strike,Land of Wano,"[On Play] Draw 1 card and trash 1 card from your hand.
[Activate:Main] You may trash this Character: Play up to 1 black [Yamato] with a cost of 8 from your trash.",No,https://optcgapi.com/media/static/Card_Images/OP16-098_9dRdXcD.jpg,,1.66,1.48,2026-09-07,
OP16-118,Portgas.D.Ace (118),OP-16,The Time of Battle,SEC,Red,Character,5,6000,,1000,Special,Whitebeard Pirates,"The counter of all of your Character cards with 8000 power in your hand becomes +2000.
[On Play]/[On K.O.] Look at 5 cards from the top of your deck; reveal up to 1 [Monkey.D.Luffy] or up to 1 card with a type including ""Whitebeard Pirates"" and add it to your hand. Then, place the rest a the bottom of your deck in any order.",No,https://optcgapi.com/media/static/Card_Images/OP16-118_X6FmLLp.jpg,,18.12,18.69,2026-09-07,
OP16-119,Marshall.D.Teach (119),OP-16,The Time of Battle,SEC,Yellow,Character,8,10000,,0,Special,Blackbeard Pirates The Seven Warlords of the Sea,"[On Play] Look at 3 cards from the top of your deck; add up to 1 card to the top of your Life cards. Then, place the rest at the bottom of your deck in any order.
[Trigger] Negate the effect of up to 1 of your opponent's Characters during this turn. Then, K.O. up to 1 of your opponent's Characters with a cost of 5 or less.",No,https://optcgapi.com/media/static/Card_Images/OP16-119_48YgI3E.jpg,,34.38,33.70,2026-09-07,
OP16-015_p1,Monkey.D.Luffy (Alternate Art),OP-16,The Time of Battle,SR,Red,Character,4,6000,,0,Strike,Straw Hat Crew Impel Down,"If your Leader's card name includes ""Ace"" and you have 6 or more DON!! cards on your field, give this card in your hand -2 cost.
[On Your Opponent's Attack] You may trash 1 Character card with 8000 power from your hand: Your Leader and this Character's base power becomes 7000 during this turn.",Yes,https://optcgapi.com/media/static/Card_Images/OP16-015_p1_UT2z1HA.jpg,,30.99,29.30,2026-09-07,
OP16-073_p1,Borsalino (Alternate Art),OP-16,The Time of Battle,R,Purple,Character,7,8000,,0,Special,Navy Admiral,"[On Play] Add up to 1 DON!! card from your DON!! deck and set it as active, and add up to 1 additional DON!! card and rest it.
[End of Your Turn] DON!! -2: Set this Character as active. Then, this Character gains [Blocker] until the end of your opponent's next End Phase.",Yes,https://optcgapi.com/media/static/Card_Images/OP16-073_p1_qE7khhF.jpg,,4.74,2.25,2026-09-07,
OP16-063_p1,Kuzan (Alternate Art),OP-16,The Time of Battle,R,Purple,Character,7,8000,,0,Special,Navy Admiral,"[On Play] Add up to 2 DON!! cards from your DON!! deck and rest them.
[Activate: Main] [Once Per Turn] DON!! 1: Up to 1 of your opponent's Characters cannot activate [Blocker] during this turn.",Yes,https://optcgapi.com/media/static/Card_Images/OP16-063_p1_oMZNYki.jpg,,4.62,4.65,2026-09-07,
OP16-021_p1,Moby Dick (Alternate Art),OP-16,The Time of Battle,R,Red,Stage,1,,,0,,Whitebeard Pirates,"[On Play] If your Leader has the {Whitebeard Pirates} type, look at 3 cards from the top of your deck and add up to 1 card to your hand. Then, place the rest at the bottom of your deck in any order.

[Activate:Main] You may trash this Stage: Give up to 1 rested DON!! card to your Leader or 1 of your Characters.",Yes,https://optcgapi.com/media/static/Card_Images/OP16-021_p1_siWi8dK.jpg,,17.92,9.00,2026-09-07,
OP16-056_p1,Mr.3(Galdino) (056) (Alternate Art),OP-16,The Time of Battle,SR,Blue,Character,4,5000,,1000,Special,Impel Down Former Baroque Works,"[Activate: Main] You may trash this Character: Draw 2 cards, and up to 1 of your opponent's Characters with a cost of 9 or less cannot attack until the end of your opponent's next End Phase.",Yes,https://optcgapi.com/media/static/Card_Images/OP16-056_p1_lCCqPWh.jpg,,17.40,15.50,2026-09-07,
OP16-119_p1,Marshall.D.Teach (119) (Alternate Art),OP-16,The Time of Battle,SEC,Yellow,Character,8,10000,,0,Special,Blackbeard Pirates The Seven Warlords of the Sea,"[On Play] Look at 3 cards from the top of your deck; add up to 1 card to the top of your Life cards. Then, place the rest at the bottom of your deck in any order.
[Trigger] Negate the effect of up to 1 of your opponent's Characters during this turn. Then, K.O. up to 1 of your opponent's Characters with a cost of 5 or less.",Yes,https://optcgapi.com/media/static/Card_Images/OP16-119_p1_pI48EHO.jpg,,43.36,44.99,2026-09-07,
OP16-055_p1,Mr.2.Bon.Kurei(Bentham) (055) (Alternate Art),OP-16,The Time of Battle,R,Blue,Character,2,1000,,0,Strike,Impel Down Former Baroque Works,"[On Play] Draw 1 card.
[DON!! x1] [When Attacking] This Character's base power becomes the same as your opponent's Leader's power during this turn.",Yes,https://optcgapi.com/media/static/Card_Images/OP16-055_p1_zbCLyxp.jpg,,4.98,4.10,2026-09-07,
OP16-014_p1,Marco (Alternate Art),OP-16,The Time of Battle,R,Red,Character,6,8000,,0,Special,Whitebeard Pirates,"If one of your Characters would be removed from the field by your opponent's effect, you may K.O. this character instead.
[On K.O.] You may trash 1 Character card with 8000 power from your hand: Play this Character card from your trash.",Yes,https://optcgapi.com/media/static/Card_Images/OP16-014_p1_W6pXmYz.jpg,,10.58,9.70,2026-09-07,
OP16-082_p1,Kin'emon (Alternate Art),OP-16,The Time of Battle,SR,Black,Character,4,6000,,0,Slash,Land of Wano The Akazaya Nine,"This Character gains +3 cost.
[On Play] If your Leader has the {Land of Wano} type, look at 5 cards from the top of your deck; reveal up to 1 {Land of Wano} type card and add it to your hand. Then, trash the rest.",Yes,https://optcgapi.com/media/static/Card_Images/OP16-082_p1_zfvdEUb.jpg,,11.87,10.40,2026-09-07,
OP16-034_p1,Monkey.D.Luffy (034) (Alternate Art),OP-16,The Time of Battle,R,Green,Character,1,0,,1000,,Straw Hat Crew Impel Down,"[DON!! x1] [Your Turn] This Character gains +1000 power for each of your Characters with a different card name.

[On Play] Look at 3 cards from the top of your deck; reveal up to 1 {Impel Down} type card and add it to your hand. Then, place the rest at the bottom of your deck in any order.",Yes,https://optcgapi.com/media/static/Card_Images/OP16-034_p1_rYPd1n8.jpg,,6.27,6.00,2026-09-07,
OP16-085_p1,Kouzuki Momonosuke (085) (Alternate Art),OP-16,The Time of Battle,R,Black,Character,9,6000,,1000,Special,Land of Wano Kouzuki Clan,"[Blocker]
[On Play] Play up to 1 {Land of Wano} type Character card with a cost of 6 or less other than [Kouzuki Momonosuke] from your trash.",Yes,https://optcgapi.com/media/static/Card_Images/OP16-085_p1_GF8c8fm.jpg,,12.70,11.00,2026-09-07,
OP16-003_p1,Edward.Newgate (Alternate Art),OP-16,The Time of Battle,SR,Red,Character,8,10000,,0,Special,The Four Emperors Whitebeard Pirates,"[Your Turn] Your Leader gains [Double Attack] and +2000 power.
[On Play] You may reveal 2 Character cards with 8000 power from your hand: Give up to 1 of your opponent's Characters -6000 power during this turn.",Yes,https://optcgapi.com/media/static/Card_Images/OP16-003_p1_cgS2L6U.jpg,,28.46,28.57,2026-09-07,
OP16-032_p1,Boa Hancock (Alternate Art),OP-16,The Time of Battle,SR,Green,Character,7,9000,,0,Special,Kuja Pirates The Seven Warlords of the Sea Impel Down,"[Unblockable] (This card cannot be blocked.)
[On Play] Up to 1 of your opponent's Characters other than [Monkey.D.Luffy] cannot be rested until the end of your opponent's next End Phase.",Yes,https://optcgapi.com/media/static/Card_Images/OP16-032_p1_YgUseLD.jpg,,28.50,28.34,2026-09-07,
OP16-011,Vista (TR),OP-16,The Time of Battle,TR,Red,Character,6,8000,,0,Slash,Whitebeard Pirates,"[On Play] You may reveal 1 Character card with 8000 power from your hand: Draw 1 card.

[DON!! x1] [When Attacking] K.O. Up to 2 of your opponent's Characters with 2000 base power or less.",No,https://optcgapi.com/media/static/Card_Images/OP16-011_l76oKss.jpg,,21.19,20.07,2026-09-07,
OP16-098_p1,Yamato (098) (Alternate Art),OP-16,The Time of Battle,SR,Black,Character,6,5000,,1000,Strike,Land of Wano,"[On Play] Draw 1 card and trash 1 card from your hand.
[Activate:Main] You may trash this Character: Play up to 1 black [Yamato] with a cost of 8 from your trash.",Yes,https://optcgapi.com/media/static/Card_Images/OP16-098_p1_MKyDUP9.jpg,,31.02,31.21,2026-09-07,
OP16-108,Shiryu (Full Art),OP-16,The Time of Battle,SR,Yellow,Character,6,8000,,0,Slash,Blackbeard Pirates Impel Down,"[On Play] You may trash 1 card from your hand: Add up to 1 {Blackbeard Pirates} type card with a cost of 6 or less from your trash to the top of your Life cards face-up.
[Trigger] Draw 2 cards.",No,https://optcgapi.com/media/static/Card_Images/OP16-108_iwCfr1w.jpg,,5.77,5.02,2026-09-07,
OP16-116_p1,Zehahahahaha! (Alternate Art),OP-16,The Time of Battle,R,Yellow,Event,8,,,0,,Blackbeard Pirates The Seven Warlords of the Sea,"[Main] If you have 10 DON!! cards on your field, play up to 1 [Marshall.D.Teach] from your hand. Then, add up to 1 card from the top of your opponent's Life cards to the owner's hand.
[Trigger] Draw 2 cards and trash 1 card from your hand.",Yes,https://optcgapi.com/media/static/Card_Images/OP16-116_p1_lLhpYkl.jpg,,60.70,59.99,2026-09-07,
OP16-048_p1,Buggy (048) (Alternate Art),OP-16,The Time of Battle,SR,Blue,Character,5,6000,,1000,Slash,Buggy Pirates Impel Down,"[On Play] If your Leader has the {Impel Down} type, draw 1 card and play up to 1 [Prisoner of Impel Down] card from your hand.
[Once Per Turn] This effect can be activated when your opponent attacks. Up to 1 of your [Prisoner of Impel Down] cards gains [Blocker] during this turn.",Yes,https://optcgapi.com/media/static/Card_Images/OP16-048_p1_XrgdosL.jpg,,5.31,4.80,2026-09-07,
OP16-026_p1,Emporio.Ivankov (026) (Alternate Art),OP-16,The Time of Battle,SR,Green,Character,4,4000,,1000,Special,Revolutionary Army Impel Down,"[On Play] Look at 3 cards from the top of your deck; reveal up to 1 {Impel Down} type card, add it to your hand and place the rest at the bottom of your deck in any order. Then, play up to 1 Character card with a cost of 2 or less from your hand.",Yes,https://optcgapi.com/media/static/Card_Images/OP16-026_p1_CFyAuoY.jpg,,3.40,3.25,2026-09-07,
OP16-118_p1,Portgas.D.Ace (118) (Alternate Art),OP-16,The Time of Battle,SEC,Red,Character,5,6000,,1000,Special,Whitebeard Pirates,"The counter of all of your Character cards with 8000 power in your hand becomes +2000.
[On Play]/[On K.O.] Look at 5 cards from the top of your deck; reveal up to 1 [Monkey.D.Luffy] or up to 1 card with a type including ""Whitebeard Pirates"" and add it to your hand. Then, place the rest a the bottom of your deck in any order.",Yes,https://optcgapi.com/media/static/Card_Images/OP16-118_p1_zKFreVA.jpg,,26.57,22.45,2026-09-07,
OP16-065_p1,Sakazuki (Alternate Art),OP-16,The Time of Battle,SR,Purple,Character,7,8000,,0,Special,Navy Admiral,"[On Play] DON!! -1: Give up to 1 of your opponent's Characters -6000 power until the end of your opponent's next End Phase.
[Activate:Main] [Once Per Turn] You may rest 1 of your DON!! cards: If your Leader has the {Navy} type, add up to 2 DON!! cards from your DON!! deck and set them as active.",Yes,https://optcgapi.com/media/static/Card_Images/OP16-065_p1_WITXouO.jpg,,11.34,6.00,2026-09-07,
OP16-060_p1,Sengoku (060) (Alternate Art),OP-16,The Time of Battle,L,Purple,Leader,,5000,5,0,Wisdom,Navy,[Activate: Main] You may return 8 of your active DON!! cards to your DON!! deck: Play up to 3 {Admiral} type Character cards with different card names from your hand.,Yes,https://optcgapi.com/media/static/Card_Images/OP16-060_p1_p1nmfF3.jpg,,11.42,11.00,2026-09-07,
OP16-079_p1,Yamato (079) (Alternate Art),OP-16,The Time of Battle,L,Black,Leader,,5000,5,0,Strike,Land of Wano,"When a {Land of Wano} type Character card is played from your trash, that Character gains [Rush] during this turn.
(This card can attack on the turn in which it is played.)",Yes,https://optcgapi.com/media/static/Card_Images/OP16-079_p1_649YLmm.jpg,,48.82,49.65,2026-09-07,
OP16-041_p1,Buggy (041) (Alternate Art),OP-16,The Time of Battle,L,Blue,Leader,,5000,5,0,Slash,Buggy Pirates Impel Down,[DON!! X1] [Once Per Turn] This effect can be activated when your {Impel Down} type Character card is removed from the field. Play up to 1 [Prisoner of Impel Down] card from your hand.,Yes,https://optcgapi.com/media/static/Card_Images/OP16-041_p1_XzwbnlK.jpg,,15.99,15.97,2026-09-07,
OP16-001_p1,Portgas.D.Ace (001) (Alternate Art),OP-16,The Time of Battle,L,Red,Leader,,5000,5,0,Special,Whitebeard Pirates,"[Activate:Main] [Once Per Turn] Up to 1 of your [Monkey.D.Luffy] Characters or up to 1 of your Characters with a type including ""Whitebeard Pirates"", with 8000 power or more, gains [Rush] during this turn.",Yes,https://optcgapi.com/media/static/Card_Images/OP16-001_p1_ra2rQjc.jpg,,49.52,35.00,2026-09-07,
OP14-084_p2,Ms. All Sunday (SP),OP-16,The Time of Battle,SR,Black,Character,7,8000,,0,Strike,Baroque Works,"[On Play] If your Leader's type includes ""Baroque Works"", play up to 1 Character card with a type including ""Baroque Works"" and a cost of 4 or less and up to 1 Character card with a type including ""Baroque Works"" and a cost of 1 from your trash.",Yes,https://optcgapi.com/media/static/Card_Images/OP14-084_p2_EZyGGKP.jpg,,538.19,474.95,2026-09-07,
OP14-029_p1,Tashigi (SP),OP-16,The Time of Battle,R,Green,Character,5,6000,,1000,Slash,Navy,"[Opponent's Turn] If this Character would be removed from the field by your opponent's effect, you may rest 1 of your cards instead.[Activate: Main] [Once Per Turn] You may rest 2 of your cards: This Character gains +2000 power until the end of your opponent's next End Phase.",Yes,https://optcgapi.com/media/static/Card_Images/OP14-029_p1_WiwHK6N.jpg,,82.10,74.99,2026-09-07,
EB04-054_p1,Bartholomew Kuma (SP),OP-16,The Time of Battle,R,Yellow,Character,7,7000,,1000,Strike,Revolutionary Army Egghead,"[On Play] If you have 2 or less Life cards, add up to 1 card from the top of your deck to the top of your Life cards.[On K.O.] Add up to 1 card from the top of your opponent's Life cards to the owner's hand.",Yes,https://optcgapi.com/media/static/Card_Images/EB04-054_p1_J6Kqfk9.jpg,,73.28,67.49,2026-09-07,
OP11-067_p3,Charlotte Katakuri (SP),OP-16,The Time of Battle,SR,Purple,Character,8,8000,,0,Strike,Big Mom Pirates,"[Blocker][End of Your Turn] Set up to 2 of your ""Big Mom Pirates"" type Characters with a cost of 3 or more as active. Then, add up to 1 DON!! card from your DON!! deck and rest it.",Yes,https://optcgapi.com/media/static/Card_Images/OP11-067_p3_nRPd4rs.jpg,,101.40,94.99,2026-09-07,
ST15-005_p5,Portgas.D.Ace (SP),OP-16,The Time of Battle,SR,Red,Character,5,6000,,1000,Special,Whitebeard Pirates,"If your Leader's type includes ""Whitebeard Pirates"", this Character gains [Rush](This card can attack on the turn in which it is played.)[Once Per Turn] If this Character would be removed from the field by your opponent's effect, you may give this Character -2000 power during this turn instead.",Yes,https://optcgapi.com/media/static/Card_Images/ST15-005_p5_aT6zwMj.jpg,,156.25,144.97,2026-09-07,
OP10-045_p2,Cavendish (SP),OP-16,The Time of Battle,R,Blue,Character,4,6000,,0,Slash,Beautiful Pirates Dressrosa,[When Attacking] [Once Per Turn] Draw 2 cards and trash 1 card from your hand.,Yes,https://optcgapi.com/media/static/Card_Images/OP10-045_p2_RGABvhV.jpg,,46.75,40.00,2026-09-07,
OP16-073_p2,Borsalino (Manga),OP-16,The Time of Battle,R,Purple,Character,7,8000,,0,Special,Navy Admiral,"[On Play] Add up to 1 DON!! card from your DON!! deck and set it as active, and add up to 1 additional DON!! card and rest it.
[End of Your Turn] DON!! -2: Set this Character as active. Then, this Character gains [Blocker] until the end of your opponent's next End Phase.",Yes,https://optcgapi.com/media/static/Card_Images/OP16-073_p2_u1nqU66.jpg,,1043.28,785.00,2026-09-07,
OP16-065_p2,Sakazuki (Manga),OP-16,The Time of Battle,SR,Purple,Character,7,8000,,0,Special,Navy Admiral,"[On Play] DON!! -1: Give up to 1 of your opponent's Characters -6000 power until the end of your opponent's next End Phase.
[Activate:Main] [Once Per Turn] You may rest 1 of your DON!! cards: If your Leader has the {Navy} type, add up to 2 DON!! cards from your DON!! deck and set them as active.",Yes,https://optcgapi.com/media/static/Card_Images/OP16-065_p2_5xfdpdu.jpg,,1140.40,840.00,2026-09-07,
OP16-063_p2,Kuzan (Manga),OP-16,The Time of Battle,R,Purple,Character,7,8000,,0,Special,Navy Admiral,"[On Play] Add up to 2 DON!! cards from your DON!! deck and rest them.
[Activate: Main] [Once Per Turn] DON!! 1: Up to 1 of your opponent's Characters cannot activate [Blocker] during this turn.",Yes,https://optcgapi.com/media/static/Card_Images/OP16-063_p2_t7zoqfj.jpg,,1120.97,776.88,2026-09-07,
OP16-003,Edward.Newgate,OP-16,The Time of Battle,SR,Red,Character,8,10000,,0,Special,Whitebeard Pirates,[Your Turn] Your Leader gains [Double Attack] and +2000 power. [On Play] You may reveal 2 Character cards with 8000 power from your hand: Give up to 1 of your opponent's Characters -6000 power during this turn.,No,https://optcgapi.com/media/static/Card_Images/OP16-003_e0anQQi.jpg,,2.40,2.34,2026-09-07,
OP16-015,Monkey.D.Luffy,OP-16,The Time of Battle,SR,Red,Character,4,6000,,0,Strike,Straw Hat Crew Impel Down,"If your Leader's card name includes ""Ace"" and you have 6 or more DON!! cards on your field, give this card in your hand -2 cost. [On Your Opponent's Attack] You may trash 1 Character card with 8000 power from your hand: Your Leader and this Character's base power becomes 7000 during this turn.",No,https://optcgapi.com/media/static/Card_Images/OP16-015_c3IJUUv.jpg,,2.48,2.19,2026-09-07,
OP16-026,Emporio.Ivankov (026),OP-16,The Time of Battle,SR,Green,Character,4,4000,,1000,Special,Revolutionary Army Impel Down,"[On Play] Look at 3 cards from the top of your deck; reveal up to 1 {Impel Down} type card, add it to your hand and place the rest at the bottom of your deck in any order. Then, play up to 1 Character card with a cost of 2 or less from your hand.",No,https://optcgapi.com/media/static/Card_Images/OP16-026_kEu4Cls.jpg,,0.27,0.19,2026-09-07,
OP16-032,Boa Hancock,OP-16,The Time of Battle,SR,Green,Character,7,9000,,0,Special,Kuja Pirates The Seven Warlords of the Sea Impel Down,[Unblockable] (This card cannot be blocked.) [On Play] Up to 1 of your opponent's Characters other than [Monkey.D.Luffy] cannot be rested until the end of your opponent's next End Phase.,No,https://optcgapi.com/media/static/Card_Images/OP16-032_ejQ0TgZ.jpg,,0.76,0.70,2026-09-07,
OP16-048,Buggy (048),OP-16,The Time of Battle,SR,Blue,Character,5,6000,,1000,Slash,Buggy Pirates Impel Down,"[On Play] If your Leader has the {Impel Down} type, draw 1 card and play up to 1 [Prisoner of Impel Down] card from your hand. [Once Per Turn] This effect can be activated when your opponent attacks. Up to 1 of your [Prisoner of Impel Down] cards gains [Blocker] during this turn.",No,https://optcgapi.com/media/static/Card_Images/OP16-048_a9oGJRL.jpg,,0.52,0.25,2026-09-07,
OP16-022_p1,Monkey.D.Luffy (022) (Alternate Art),OP-16,The Time of Battle,L,Blue Green,Leader,,5000,4,0,Strike,Straw Hat Crew Impel Down,"[Activate:Main] [Once Per Turn] If the only Characters on your field are {Impel Down} type Characters, set up to 2 of your DON!! cards as active.",Yes,https://optcgapi.com/media/static/Card_Images/OP16-022_p1_NLeZnzz.jpg,,39.51,38.00,2026-09-07,
OP16-065,Sakazuk,OP-16,The Time of Battle,SR,Purple,Character,7,8000,,0,Special,Navy Admiral,"[On Play] DON!! -1: Give up to 1 of your opponent's Characters -6000 power until the end of your opponent's next End Phase. [Activate:Main] [Once Per Turn] You may rest 1 of your DON!! cards: If your Leader has the {Navy} type, add up to 2 DON!! cards from your DON!! deck and set them as active.",No,https://optcgapi.com/media/static/Card_Images/OP16-065_9MZHftQ.jpg,,2.72,2.72,2026-09-07,
OP16-082,Kin'emon,OP-16,The Time of Battle,SR,Black,Character,4,6000,,0,Slash,Land of Wano The Akazaya Nine,"This Character gains +3 cost. [On Play] If your Leader has the {Land of Wano} type, look at 5 cards from the top of your deck; reveal up to 1 {Land of Wano} type card and add it to your hand. Then, trash the rest.",No,https://optcgapi.com/media/static/Card_Images/OP16-082_ym7wiOG.jpg,,1.18,0.89,2026-09-07,
OP16-080_p1,Marshall.D.Teach (080) (Alternate Art),OP-16,The Time of Battle,L,Black Yellow,Leader,,5000,4,0,Special,Blackbeard Pirates The Seven Warlords of the Sea,[Opponent's Turn] All of your Characters gain +1 cost. [On your Opponent's Attack] [Once Per Turn] You may trash 1 card with a [Trigger] from your hand: Change the target of that attack to this Leader or to one of your {Blackbeard Pirates} type Character cards.,Yes,https://optcgapi.com/media/static/Card_Images/OP16-080_p1_bQAsMJg.jpg,,18.77,18.00,2026-09-07,
OP-16-OP16-108,Shiryu,OP-16,The Time of Battle,SR,Yellow,Character,6,8000,,0,Slash,Blackbeard Pirates Impel Down,[On Play] You may trash 1 card from your hand: Add up to 1 {Blackbeard Pirates} type card with a cost of 6 or less from your trash to the top of your Life cards face-up. [Trigger] Draw 2 cards.,No,https://optcgapi.com/media/static/Card_Images/OP16-108_FG2rNuo.jpg,,0.35,0.24,2026-09-07,
OP17-112,Charlotte Linlin (112),OP-17,The World's Strongest Warriors,SR,Yellow,Character,10,12000,,0,Special,The Four Emperors Big Mom Pirates,"[Your Turn] The base power of all of your Characters with a [Trigger] and 4000 base power becomes 8000.
[On Play] Draw 1 card, then choose one:
•Add up to 1 card from the top of your deck to the top of your Life cards.
• Add up to 1 card from the top of your opponent's Life cards to the owner's hand.",No,https://optcgapi.com/media/static/Card_Images/OP17-112_agIp1Pt.jpg,,8.55,7.00,2026-09-07,
OP17-022,Shanks (022),OP-17,The World's Strongest Warriors,SR,Green,Character,10,12000,,0,Slash,The Four Emperors Red-Haired Pirates,"[Rush] (This card can attack on the turn in which it is played.)
[On Play] Set up to 2 of your DON!! cards as active. Then, rest all of your opponent's Characters.",No,https://optcgapi.com/media/static/Card_Images/OP17-022_sTZjYso.jpg,,4.55,3.50,2026-09-07,
OP17-093,Monkey.D.Luffy (093),OP-17,The World's Strongest Warriors,SR,Black,Character,8,8000,,0,Strike,Straw Hat Crew The Four Emperors Elbaph,"If there is a Character with a cost of 12 or more, this Character gains [Rush].
[On Play] Draw 1 card and play up to 1 Character card with a cost of 2 or less from your trash.",No,https://optcgapi.com/media/static/Card_Images/OP17-093_T4GXCoG.jpg,,5.21,3.80,2026-09-07,
OP17-080,Usopp,OP-17,The World's Strongest Warriors,SR,Black,Character,2,2000,,1000,Ranged,Straw Hat Crew Elbaph,"If there is a Character with a cost of 12 or more, this Character gains +3000 power.
[On Play] Look at 3 cards from the top of your deck; reveal up to 1 {Elbaph} type card and add it to your hand. Then, trash the rest.",No,https://optcgapi.com/media/static/Card_Images/OP17-080_x0kiaW9.jpg,,2.89,2.63,2026-09-07,
OP17-046,Gloriosa,OP-17,The World's Strongest Warriors,SR,Blue,Character,4,1000,,0,Wisdom,Amazon Lily Rocks Pirates,"[Blocker] (After your opponent declares an attack, you may rest this card to make it the new target of the attack.)
[On Play] Place up to 1 Character with a cost of 5 or less at the bottom of the owner's deck.",No,https://optcgapi.com/media/static/Card_Images/OP17-046_lp8fYOT.jpg,,3.03,1.49,2026-09-07,
OP17-062,Kaido (062),OP-17,The World's Strongest Warriors,SR,Purple,Character,10,12000,,0,Strike,Animal Kingdom Pirates The Four Emperors,"[Blocker]
[Your Turn] [Once Per Turn] When a DON!! card on your field is returned to your DON!! deck, add up to 1 DON!! card as active from your DON!! deck. Then, set up to 1 of your DON!! cards as active.",No,https://optcgapi.com/media/static/Card_Images/OP17-062_mIC3DvV.jpg,,1.19,1.09,2026-09-07,
OP17-005,Edward.Newgate (005),OP-17,The World's Strongest Warriors,SR,Red,Character,10,12000,,0,Special,The Four Emperors Whitebeard Pirates,"If your opponent has a Character with 10000 power or more, give this card in your hand -4 cost.
[On Play] Your monocolored Leader's base power becomes 8000 until the end of your opponent's next End Phase.",No,https://optcgapi.com/media/static/Card_Images/OP17-005_utvcUbv.jpg,,1.75,1.72,2026-09-07,
OP17-031,Yasopp,OP-17,The World's Strongest Warriors,SR,Green,Character,5,6000,,1000,Ranged,Red-Haired Pirates,"[On Play] Draw 1 card and rest up to 1 of your opponent's Characters with a cost of 8 or less.
[End of Your Turn] Set up to 1 of your Characters with a type including ""Red-Haired Pirates"" as active.",No,https://optcgapi.com/media/static/Card_Images/OP17-031_GaiJBWQ.jpg,,1.85,1.99,2026-09-07,
OP17-048,Shiki (048),OP-17,The World's Strongest Warriors,SR,Blue,Character,7,9000,,0,Slash,Rocks Pirates,"[Rush: Character]
[When Attacking]/[On Your Opponent's Attack] [Once Per Turn] You may trash 1 cards with a type including ""Rocks Pirates"" from your hand: Give up to 1 of your opponent's Characters -3000 power during this turn.",No,https://optcgapi.com/media/static/Card_Images/OP17-048_q65awE1.jpg,,0.99,0.81,2026-09-07,
OP17-063,Kaido (063),OP-17,The World's Strongest Warriors,SR,Purple,Character,10,12000,,0,Strike,Animal Kingdom Pirates The Four Emperors,"All Character cards in your hand without a Counter have a +1000 Counter.
[Activate: Main] [Once Per Turn] DON!! -1: If this Character was played on this turn, negate the effect of up to 1 of your opponent's Characters with a cost of 6 or less during this turn, and K.O. it.",No,https://optcgapi.com/media/static/Card_Images/OP17-063_rHqjXa5.jpg,,0.54,0.39,2026-09-07,
OP17-119,Loki,OP-17,The World's Strongest Warriors,SEC,Black,Character,6,8000,,0,Strike,Giant Elbaph,"This Character gains +12 cost, and if it is your opponent's turn, this Character gains +3000 power.
[On Play] K.O. your opponent's Characters with a total cost of 4 or less.",No,https://optcgapi.com/media/static/Card_Images/OP17-119_UhxVfTG.jpg,,35.68,30.25,2026-09-07,
OP17-118,Rocks.D.Xebec (118),OP-17,The World's Strongest Warriors,SEC,Blue,Character,10,12000,,0,Slash,Rocks Pirates,"If you only have Characters without a Counter, this card in your hand has a +2000 Counter.
[On Play] Draw 1 card and play up to 2 {Rocks Pirates} type cards with different card names and a total cost of 9 or less from your hand.",No,https://optcgapi.com/media/static/Card_Images/OP17-118_IQdoNTD.jpg,,23.62,23.00,2026-09-07,
OP17-031_p1,Yasopp (Alternate Art),OP-17,The World's Strongest Warriors,SR,Green,Character,5,6000,,1000,Ranged,Red-Haired Pirates,"[On Play] Draw 1 card and rest up to 1 of your opponent's Characters with a cost of 8 or less.
[End of Your Turn] Set up to 1 of your Characters with a type including ""Red-Haired Pirates"" as active.",Yes,https://optcgapi.com/media/static/Card_Images/OP17-031_p1_NVOGP7a.jpg,,15.71,14.00,2026-09-07,
OP17-061_p1,Lead Performers (Alternate Art),OP-17,The World's Strongest Warriors,R,Purple,Character,9,11000,,0,Strike Special,Fish-Man Animal Kingdom Pirates,"[On Play] DON!! 1: If your Leader has the {Animal Kingdom Pirates} type, add up to 1 card from the top of your deck to the top of your Life cards.
[Activate: Main] You may trash this Character: Play up to 1 [King], [Queen], or [Jack] from your hand.",Yes,https://optcgapi.com/media/static/Card_Images/OP17-061_p1_Hi18tjj.jpg,,11.50,11.00,2026-09-07,
OP17-062_p1,Kaido (062) (Alternate Art),OP-17,The World's Strongest Warriors,SR,Purple,Character,10,12000,,0,Strike,Animal Kingdom Pirates The Four Emperors,"[Blocker]
[Your Turn] [Once Per Turn] When a DON!! card on your field is returned to your DON!! deck, add up to 1 DON!! card as active from your DON!! deck. Then, set up to 1 of your DON!! cards as active.",Yes,https://optcgapi.com/media/static/Card_Images/OP17-062_p1_iMGymAQ.jpg,,22.15,23.25,2026-09-07,
OP17-080_p1,Usopp (Alternate Art),OP-17,The World's Strongest Warriors,SR,Black,Character,2,2000,,1000,Ranged,Straw Hat Crew Elbaph,"If there is a Character with a cost of 12 or more, this Character gains +3000 power.
[On Play] Look at 3 cards from the top of your deck; reveal up to 1 {Elbaph} type card and add it to your hand. Then, trash the rest.",Yes,https://optcgapi.com/media/static/Card_Images/OP17-080_p1_xOpBgGZ.jpg,,17.69,13.00,2026-09-07,
OP17-048_p1,Shiki (048) (Alternate Art),OP-17,The World's Strongest Warriors,SR,Blue,Character,7,9000,,0,Slash,Rocks Pirates,"[Rush: Character]
[When Attacking]/[On Your Opponent's Attack] [Once Per Turn] You may trash 1 cards with a type including ""Rocks Pirates"" from your hand: Give up to 1 of your opponent's Characters -3000 power during this turn.",Yes,https://optcgapi.com/media/static/Card_Images/OP17-048_p1_zEYWhz7.jpg,,12.28,11.97,2026-09-07,
OP17-027_p1,Benn.Beckman (Alternate Art),OP-17,The World's Strongest Warriors,R,Green,Character,7,9000,,9000,Ranged,Red-Haired Pirates,"[Rush Character] (This card can attack Characters on the turn in which it is played.)
[On Play] If your Leader has the {Red-Haired Pirates} type, draw 1 card and rest up to 2 of your opponent's Characters.",Yes,https://optcgapi.com/media/static/Card_Images/OP17-027_p1_Nsw0pyo.jpg,,7.25,8.14,2026-09-07,
OP17-049_p1,Charlotte Linlin (049) (Alternate Art),OP-17,The World's Strongest Warriors,R,Blue,Character,5,7000,,0,Special,Rocks Pirates,"[On Play] Your opponent chooses one:
• Draw 2 cards.
• Your opponent trashes 2 cards from their hand.
[On Your Opponent's Attack] [Once Per Turn] You may trash 1 card from your hand: Up to 1 of your Leader or Characters gains +1000 power during this battle.",Yes,https://optcgapi.com/media/static/Card_Images/OP17-049_p1_aPY9o8c.jpg,,19.94,20.08,2026-09-07,
OP17-054_p1,Miss Buckingham Stussy (Alternate Art),OP-17,The World's Strongest Warriors,R,Blue,Character,3,5000,,0,Wisdom,Rocks Pirates,"[On Play] Up to 1 of your opponent's Characters with a base cost of 6 or less cannot attack until the end of your opponent's next End Phase.
[Activate:Main] You may rest 3 of your DON!! cards and this Character: Up to 1 of your opponent's Characters cannot attack until the end of your opponent's next End Phase.",Yes,https://optcgapi.com/media/static/Card_Images/OP17-054_p1_ybuFotw.jpg,,23.38,22.99,2026-09-07,
OP17-114_p1,Sweet 3 Generals (Alternate Art),OP-17,The World's Strongest Warriors,R,Yellow,Character,6,4000,,1000,Slash Strike,Big Mom Pirates,"[Your Turn] [On Play] You may rest 2 of your DON!! cards: Draw 1 card and add up to 1 card from the top of your deck to the top of your Life cards. Then, give up to 2 of your opponent's Characters -3000 power during this turn.
[Trigger] Play this card.",Yes,https://optcgapi.com/media/static/Card_Images/OP17-114_p1_USqKnVi.jpg,,21.21,20.22,2026-09-07,
OP17-087_p1,Nico Robin (Alternate Art),OP-17,The World's Strongest Warriors,R,Black,Character,2,2000,,1000,Strike,Straw Hat Crew Elbaph,"If there is a Character with a cost of 12 or more, this Character gains +3000 power. [On Play] If there is a Character with a cost of 12 or more, give up to 1 of your opponent's Characters -3000 poser during this turn.",Yes,https://optcgapi.com/media/static/Card_Images/OP17-087_p1_OMnxKwP.jpg,,45.34,40.00,2026-09-07,
OP17-005_p2,Edward.Newgate (005) (Manga),OP-17,The World's Strongest Warriors,SR,Red,Character,10,12000,,0,Special,The Four Emperors Whitebeard Pirates,"If your opponent has a Character with 10000 power or more, give this card in your hand -4 cost.[On Play] Your monocolored Leader's base power becomes 8000 until the end of your opponent's next End Phase.",Yes,https://optcgapi.com/media/static/Card_Images/OP17-005_p2.jpg,,1197.71,1100.00,2026-09-07,
OP17-063_p1,Kaido (063) (Alternate Art),OP-17,The World's Strongest Warriors,SR,Purple,Character,10,12000,,0,Strike,Animal Kingdom Pirates The Four Emperors,"All Character cards in your hand without a Counter have a +1000 Counter.
[Activate: Main] [Once Per Turn] DON!! -1: If this Character was played on this turn, negate the effect of up to 1 of your opponent's Characters with a cost of 6 or less during this turn, and K.O. it.",Yes,https://optcgapi.com/media/static/Card_Images/OP17-063_p1_cE0dG6Y.jpg,,11.29,11.40,2026-09-07,
OP17-020_p1,Shanks (020) (Alternate Art),OP-17,The World's Strongest Warriors,L,Green,Leader,,5000,5,0,Slash,The Four Emperors Red-Haired Pirates,[Activate: Main] [Once Per Turn] You may trash 1 card from your hand or rest 1 of your DON!! cards: Up to 1 of your opponent's rested Characters will not become active in your opponent's next Refresh Phase.,Yes,https://optcgapi.com/media/static/Card_Images/OP17-020_p1_GddFLIb.jpg,,31.12,31.15,2026-09-07,
OP17-112_p1,Charlotte Linlin (112) (Alternate Art),OP-17,The World's Strongest Warriors,SR,Yellow,Character,10,12000,,0,Special,The Four Emperors Big Mom Pirates,"[Your Turn] The base power of all of your Characters with a [Trigger] and 4000 base power becomes 8000.
[On Play] Draw 1 card, then choose one:
•Add up to 1 card from the top of your deck to the top of your Life cards.
• Add up to 1 card from the top of your opponent's Life cards to the owner's hand.",Yes,https://optcgapi.com/media/static/Card_Images/OP17-112_p1_sluFFqa.jpg,,33.32,25.00,2026-09-07,
OP17-093_p1,Monkey.D.Luffy (093) (Alternate Art),OP-17,The World's Strongest Warriors,SR,Black,Character,8,8000,,0,Strike,Straw Hat Crew The Four Emperors Elbaph,"If there is a Character with a cost of 12 or more, this Character gains [Rush].
[On Play] Draw 1 card and play up to 1 Character card with a cost of 2 or less from your trash.",Yes,https://optcgapi.com/media/static/Card_Images/OP17-093_p1_A6JR5AM.jpg,,43.98,44.00,2026-09-07,
OP17-046_p1,Gloriosa (Alternate Art),OP-17,The World's Strongest Warriors,SR,Blue,Character,4,1000,,0,Wisdom,Amazon Lily Rocks Pirates,"[Blocker] (After your opponent declares an attack, you may rest this card to make it the new target of the attack.)
[On Play] Place up to 1 Character with a cost of 5 or less at the bottom of the owner's deck.",Yes,https://optcgapi.com/media/static/Card_Images/OP17-046_p1_PEPU2kF.jpg,,31.33,32.94,2026-09-07,
OP17-118_p1,Rocks.D.Xebec (118) (Alternate Art),OP-17,The World's Strongest Warriors,SEC,Blue,Character,10,12000,,0,Slash,Rocks Pirates,"If you only have Characters without a Counter, this card in your hand has a +2000 Counter.
[On Play] Draw 1 card and play up to 2 {Rocks Pirates} type cards with different card names and a total cost of 9 or less from your hand.",Yes,https://optcgapi.com/media/static/Card_Images/OP17-118_p1_cGbVBNy.jpg,,46.84,46.00,2026-09-07,
OP17-005_p1,Edward.Newgate (005) (Alternate Art),OP-17,The World's Strongest Warriors,SR,Red,Character,10,12000,,0,Special,The Four Emperors Whitebeard Pirates,"If your opponent has a Character with 10000 power or more, give this card in your hand -4 cost.
[On Play] Your monocolored Leader's base power becomes 8000 until the end of your opponent's next End Phase.",Yes,https://optcgapi.com/media/static/Card_Images/OP17-005_p1_ieXdr61.jpg,,20.63,19.60,2026-09-07,
OP17-079_p1,Monkey.D.Luffy (079) (Alternate Art),OP-17,The World's Strongest Warriors,L,Black,Leader,,5000,5,0,Strike,Straw Hat Crew The Four Emperors Elbaph,"All of your Characters with a cost of 12 or more gain [Blocker].(After your opponent declares an attack, you may rest this card to make it the new target of the attack.)",Yes,https://optcgapi.com/media/static/Card_Images/OP17-079_p1_DB0IOsB.jpg,,61.93,60.00,2026-09-07,
OP17-022_p1,Shanks (022) (Alternate Art),OP-17,The World's Strongest Warriors,SR,Green,Character,10,12000,,0,Slash,The Four Emperors Red-Haired Pirates,"[Rush] (This card can attack on the turn in which it is played.)
[On Play] Set up to 2 of your DON!! cards as active. Then, rest all of your opponent's Characters.",Yes,https://optcgapi.com/media/static/Card_Images/OP17-022_p1_KiACYS0.jpg,,40.36,38.99,2026-09-07,
OP17-039_p1,Rocks.D.Xebec (039) (Alternate Art),OP-17,The World's Strongest Warriors,L,Blue,Leader,,5000,5,0,Slash,Rocks Pirates,"[When Attacking] You may trash 1 card from your hand: Reveal 1 card from the top of your deck. If the revealed card's type includes ""Rocks Pirates"", draw 2 cards.",Yes,https://optcgapi.com/media/static/Card_Images/OP17-039_p1_Tyq1Tm8.jpg,,52.59,51.70,2026-09-07,
OP17-119_p1,Loki (Alternate Art),OP-17,The World's Strongest Warriors,SEC,Black,Character,6,8000,,0,Strike,Giant Elbaph,"This Character gains +12 cost, and if it is your opponent's turn, this Character gains +3000 power.
[On Play] K.O. your opponent's Characters with a total cost of 4 or less.",Yes,https://optcgapi.com/media/static/Card_Images/OP17-119_p1_leUYdJN.jpg,,72.93,70.00,2026-09-07,
OP17-099_p1,Charlotte Linlin (099) (Alternate Art),OP-17,The World's Strongest Warriors,L,Yellow,Leader,,The Four Emperors Big Mom Pirates,5,0,,Special,"[When Attacking] You may trash 1 card from your hand:
Your opponent chooses one:
• Trash 1 card from your hand. Then, add up to 1 card from the top of your deck to the top of your Life cards.
• Trash 1 card from your opponent's hand.",Yes,https://optcgapi.com/media/static/Card_Images/OP17-099_p1_h6EzGsn.jpg,,19.08,18.77,2026-09-07,
OP17-058_p1,Kaido (058) (Alternate Art),OP-17,The World's Strongest Warriors,L,Purple,Leader,,5000,5,0,Special,Animal Kingdom Pirates The Four Emperors,[When Attacking]/ [On Your Opponent's Attack] [Once Per Turn] DON!! -1: Give up to 1 of your opponent's Characters -2000 power during this turn.,Yes,https://optcgapi.com/media/static/Card_Images/OP17-058_p1_k8aXX6o.jpg,,38.87,38.07,2026-09-07,
OP17-001_p1,Edward.Newgate (001) (Alternate Art),OP-17,The World's Strongest Warriors,L,Red,Leader,,5000,5,0,Special,The Four Emperors Whitebeard Pirates,[On Your Opponent's Attack] [Once Per Turn] You may trash 1 card from your hand: Up to 1 of your Leader or Characters gains +4000 power during this battle.,Yes,https://optcgapi.com/media/static/Card_Images/OP17-001_p1_hXzWANA.jpg,,18.70,12.00,2026-09-07,
OP17-040,Edward.Newgate (040) (TR),OP-17,The World's Strongest Warriors,TR,Blue,Character,6,8000,,0,Special,Rocks Pirates,"[On Play] Draw 1 card.
[Once Per Turn] When your Leader with a type including ""Rocks Pirates"" attacks or is attacked, you may trash 1 card from your hand to activate this effect. Your Leader gains +3000 power during this battle.",No,https://optcgapi.com/media/static/Card_Images/OP17-040_M36tFKB.jpg,,51.31,52.13,2026-09-07,
OP17-037_p1,Are You That Afraid of the New Era?! (Alternate Art),OP-17,The World's Strongest Warriors,R,Green,Event,1,,,0,,The Four Emperors Red-Haired Pirates,"[Main] Look at 5 cards from the top of your deck; reveal up to 1 card with a type including ""Red-Haired Pirates"" and add it to your hand. Then, place the rest at the bottom of your deck in any order.
[Counter] You may rest 1 of your cards: Up to 1 of your Leader or Characters gains +3000 power during this battle.",Yes,https://optcgapi.com/media/static/Card_Images/OP17-037_p1_VxNp1el.jpg,,71.52,72.09,2026-09-07,
OP12-056_p2,Monkey.D.Garp (OP12-056) (SP),OP-17,The World's Strongest Warriors,SR,Blue,Character,8,8000,,0,Strike,Navy,"[On Play] You may trash 1 card from your hand: Play up to 1 blue ""Navy"" type Character card with 8000 power or less other than [Monkey.D.Garp] from your hand.",Yes,https://optcgapi.com/media/static/Card_Images/OP12-056_p2.jpg,,103.51,101.50,2026-09-07,
OP-17-OP17-062,Kaido (062) (Super Alternate Art),OP-17,The World's Strongest Warriors,SR,Purple,Character,10,12000,,0,Strike,Animal Kingdom Pirates The Four Emperors,"[Blocker]
[Your Turn] [Once Per Turn] When a DON!! card on your field is returned to your DON!! deck, add up to 1 DON!! card as active from your DON!! deck. Then, set up to 1 of your DON!! cards as active.",No,https://optcgapi.com/media/static/Card_Images/OP17-062_I09XSAq.jpg,,245.78,225.00,2026-09-07,
ST32-002_p1,Kouzuki Oden (ST32-002) (SP),OP-17,The World's Strongest Warriors,SR,Green,Character,5,6000,,1000,Slash,Land of Wano Kouzuki Clan,[On Play] Draw 1 card and up to 1 of your opponent's Characters with a base cost of 6 or less cannot be rested until the end of your opponent's next End Phase.,Yes,https://optcgapi.com/media/static/Card_Images/ST32-002_p1.jpg,,210.00,200.00,2026-09-07,
OP14-108_p3,Silvers Rayleigh (OP14-108) (SP),OP-17,The World's Strongest Warriors,R,Yellow,Character,6,6000,,1000,Slash,Former Roger Pirates,"[On Play] If your Leader is multicolored and your opponent has 3 or less Life cards, K.O. up to 1 of your opponent's Characters with 7000 base power or less.[Trigger] Activate this card's [On Play] effect.",Yes,https://optcgapi.com/media/static/Card_Images/OP14-108_p3.jpg,,104.00,104.08,2026-09-07,
EB04-007_p2,Roronoa Zoro (EB04-007) (SP),OP-17,The World's Strongest Warriors,SR,Red,Character,7,9000,,0,Slash,Straw Hat Crew Egghead,"[On Play] Your Leader gains +2000 power until the end of your opponent's next End Phase.[Activate: Main] [Once Per Turn] If your opponent has a Character with 8000 power or more, this Character gains [Rush: Character] during this turn.",Yes,https://optcgapi.com/media/static/Card_Images/EB04-007_p2.jpg,,476.78,450.00,2026-09-07,
OP16-098_p2,Yamato (OP16-098) (SP),OP-17,The World's Strongest Warriors,SR,Black,Character,6,5000,,1000,Strike,Land of Wano,[On Play] Draw 1 card and trash 1 card from your hand.[Activate:Main] You may trash this Character: Play up to 1 black [Yamato] with a cost of 8 from your trash.,Yes,https://optcgapi.com/media/static/Card_Images/OP16-098_p2.jpg,,291.74,288.89,2026-09-07,
OP17-022_p2,Shanks (022) (Manga),OP-17,The World's Strongest Warriors,SR,Green,Character,10,12000,,0,Slash,The Four Emperors Red-Haired Pirates,"[Rush] (This card can attack on the turn in which it is played.)[On Play] Set up to 2 of your DON!! cards as active. Then, rest all of your opponent's Characters.",Yes,https://optcgapi.com/media/static/Card_Images/OP17-022_p2.jpg,,1489.41,1599.00,2026-09-07,
P-084_p1,Buggy (P-084) (SP),OP-17,The World's Strongest Warriors,PR,Blue,Character,7,8000,,0,,,"This Character cannot attack.If your Leader is [Buggy], all Characters with a cost of 3 or 4 cannot attack.[On Play] Play up to 1 ""Cross Guild"" type Character card with a cost of 6 or less from your hand.DISCLAIMER: This card is a reprint of the pre-existing card in the OP09 set. The main difference between this card and the original print is the exclusion of ""NOT FOR SALE"" on the right side, by the copyright information, and the missing gold winner stamp.",Yes,https://optcgapi.com/media/static/Card_Images/P-084_p1.jpg,,200.35,193.10,2026-09-07,
ST31-004_p1,Monkey.D.Luffy (ST31-004) (SP),OP-17,The World's Strongest Warriors,SR,Red,Character,7,9000,,0,Strike,Straw Hat Crew The Four Emperors,"If you have a total of 3 or more given DON!! cards, this Character gains [Rush]. (This card can attack on the turn in which it is played.)[On Play] For every {Straw Hat Crew} type card on your field, give up to 1 of your opponent's Characters 1000 power during this turn.",Yes,https://optcgapi.com/media/static/Card_Images/ST31-004_p1.jpg,,909.23,798.00,2026-09-07,
ST27-005_p1,Marshall.D.Teach (ST27-005) (SP),OP-17,The World's Strongest Warriors,SR,Black,Character,7,8000,,0,Special,Blackbeard Pirates The Four Emperors,[Activate:Main] You may rest this Character: K.O. up to 1 Character with a cost of 3 or less.[On K.O.] Add up to 1 black card from your trash to your hand.,Yes,https://optcgapi.com/media/static/Card_Images/ST27-005_p1.jpg,,221.34,199.01,2026-09-07,
P-107_p1,Gol.D.Roger (P-107) (SP),OP-17,The World's Strongest Warriors,PR,Purple,Character,8,10000,,0,Slash,Roger Pirates King of the Pirates,"[On Play] If either you or your opponent has 10 DON!! cards on the field, your Leader gains +2000 power until the end of your opponent's next End Phase.",Yes,https://optcgapi.com/media/static/Card_Images/P-107_p1.jpg,,189.68,115.00,2026-09-07,
OP13-028_p2,Shanks (OP13-028) (SP),OP-17,The World's Strongest Warriors,SR,Green,Character,10,12000,,0,Slash,FILM The Four Emperors Red-Haired Pirates,"[On Play] Set all of your DON!! cards as active. Then, you cannot play cards from your hand during this turn.",Yes,https://optcgapi.com/media/static/Card_Images/OP13-028_p2.jpg,,268.51,262.98,2026-09-07,
OP17-062_p2,Kaido (062) (Manga),OP-17,The World's Strongest Warriors,SR,Purple,Character,10,12000,,0,Strike,Animal Kingdom Pirates The Four Emperors,"[Blocker][Your Turn] [Once Per Turn] When a DON!! card on your field is returned to your DON!! deck, add up to 1 DON!! card as active from your DON!! deck. Then, set up to 1 of your DON!! cards as active.",Yes,https://optcgapi.com/media/static/Card_Images/OP17-062_p2.jpg,,1116.34,1025.00,2026-09-07,
OP17-079_p2,Monkey.D.Luffy (079) (Super Leader Alternate Art),OP-17,The World's Strongest Warriors,L,Black,Leader,,5000,5,0,Strike,Straw Hat Crew The Four Emperors Elbaph,"All of your Characters with a cost of 12 or more gain [Blocker].(After your opponent declares an attack, you may rest this card to make it the new target of the attack.)",Yes,https://optcgapi.com/media/static/Card_Images/OP17-079_p2.jpg,,1966.52,1678.00,2026-09-07,
OP17-112_p2,Charlotte Linlin (112) (Manga),OP-17,The World's Strongest Warriors,SR,Yellow,Character,10,12000,,,Special,The Four Emperors Big Mom Pirates,"[Your Turn] The base power of all of your Characters with a [Trigger] and 4000 base power becomes 8000. [On Play] Draw 1 card, then choose one: •Add up to 1 card from the top of your deck to the top of your Life cards. • Add up to 1 card from the top of your opponent's Life cards to the owner's hand.",Yes,https://optcgapi.com/media/static/Card_Images/OP17-112_p2.jpg,,830.24,858.72,2026-09-07,
EB04-061_p2,Monkey.D.Luffy (EB04-061) (SP),OP-17,The World's Strongest Warriors,SEC,Yellow,Character,10,12000,,,Strike,Straw Hat Crew The Four Emperors Egghead,"If you have 1 or less Life cards, give this card in your hand -1 cost. [On Play] You may trash 1 card from your hand: Your Leader gains +2000 power until the end of your opponent's next End Phase. Then, this Character gains [Blocker] until the end of your opponent's next End Phase.",Yes,https://optcgapi.com/media/static/Card_Images/EB04-061_p2.jpg,,24995.95,24995.95,2026-09-07,
OP17-118_p2,Rocks.D.Xebec (118) (Super Alternate Art),OP-17,The World's Strongest Warriors,SEC,Black,Character,10,12000,,,Slash,Rocks Pirates,"If you only have Characters without a Counter, this card in your hand has a +2000 Counter. [On Play] Draw 1 card and play up to 2 {Rocks Pirates} type cards with different card names and a total cost of 9 or less from your hand.",Yes,https://optcgapi.com/media/static/Card_Images/OP17-118_p2.jpg,,14999.90,14999.90,2026-09-07,
ST01-012,Monkey.D.Luffy (012),ST-01,Starter Deck 1: Straw Hat Crew,SR,Red,Character,5,6000,,0,Strike,Straw Hat Crew Supernovas,[Rush] (This card can attack on the turn in which it is played.) [DON!! x2] [When Attacking] Your opponent cannot activate [Blocker] during this battle.,No,https://optcgapi.com/media/static/Card_Images/ST01-012.jpg,,7.64,4.71,2026-09-07,
ST01-013,Roronoa Zoro,ST-01,Starter Deck 1: Straw Hat Crew,SR,Red,Character,3,5000,,0,Slash,Straw Hat Crew Supernovas,[DON!! x1] This Character gains +1000 power.,No,https://optcgapi.com/media/static/Card_Images/ST01-013.jpg,,2.64,2.49,2026-09-07,
ST02-009,Trafalgar Law,ST-02,Starter Deck 2: Worst Generation,SR,Green,Character,5,6000,,1000,Slash,Heart Pirates Supernovas,"[On Play] Set up to 1 of your ""Supernovas"" or ""Heart Pirates"" type rested Characters with a cost of 5 or less as active.",No,https://optcgapi.com/media/static/Card_Images/ST02-009.jpg,,2.47,2.47,2026-09-07,
ST02-013,"Eustass""Captain""Kid (013)",ST-02,Starter Deck 2: Worst Generation,SR,Green,Character,7,7000,,0,Special,Kid Pirates Supernovas,"[Blocker] (After your opponent declares an attack, you may rest this card to make it the new target of the attack.) [DON!! x1] [End of Your Turn] Set this card as active.  This card has been officially errata'd.",No,https://optcgapi.com/media/static/Card_Images/ST02-013.jpg,,1.75,1.00,2026-09-07,
ST03-009,Donquixote Doflamingo,ST-03,Starter Deck 3: The Seven Warlords of The Sea,SR,Blue,Character,7,7000,,0,Special,Donquixote Pirates The Seven Warlords of the Sea,[On Play] Return up to 1 Character with a cost of 7 or less to the owner's hand.,No,https://optcgapi.com/media/static/Card_Images/ST03-009.jpg,,0.92,0.48,2026-09-07,
ST03-003,Crocodile (003),ST-03,Starter Deck 3: The Seven Warlords of The Sea,SR,Blue,Character,5,6000,,0,Special,Baroque Works The Seven Warlords of the Sea,"[Blocker] (After your opponent declares an attack, you may rest this card to make it the new target of the attack.) [DON!! x1] [On Block] Place up to 1 Character with a cost of 2 or less at the bottom of the owner's deck.",No,https://optcgapi.com/media/static/Card_Images/ST03-003.jpg,,0.54,0.42,2026-09-07,
ST04-004,King,ST-04,Starter Deck 4: Animal Kingdom Pirates,SR,Purple,Character,6,7000,,0,Special,Animal Kingdom Pirates,[On Play] DON!! -1 (You may return the specified number of DON!! cards from your field to your DON!! deck.): K.O. up to 1 of your opponent's Characters with a cost of 4 or less.,No,https://optcgapi.com/media/static/Card_Images/ST04-004.jpg,,0.48,0.32,2026-09-07,
ST04-003,Kaido (003),ST-04,Starter Deck 4: Animal Kingdom Pirates,SR,Purple,Character,9,10000,,0,Strike,Animal Kingdom Pirates The Four Emperors,[On Play] DON!! -5 (You may return the specified number of DON!! cards from your field to your DON!! deck.): K.O. up to 1 of your opponent's Characters with a cost of 6 or less. This Character gains [Rush] during this turn. (This card can attack on the turn in which it is played.),No,https://optcgapi.com/media/static/Card_Images/ST04-003.jpg,,0.31,0.19,2026-09-07,
ST05-011,Douglas Bullet,ST-05,Starter Deck 5: Film Edition,SR,Purple,Character,8,10000,,0,Special,Film The Pirates Fest,"[Activate:Main] [Once Per Turn] DON!! -4 (You may return the specified number of DON!! cards from your field to your DON!! deck.): Rest up to 2 of your opponent's Characters with a cost of 6 or less. Then, this Character gains [Double Attack] during this turn. (This card deals 2 damage.)",No,https://optcgapi.com/media/static/Card_Images/ST05-011.jpg,,0.68,0.50,2026-09-07,
ST05-004,Uta,ST-05,Starter Deck 5: Film Edition,SR,Purple,Character,4,5000,,1000,Special,Film,"[Blocker] (After your opponent declares an attack, you may rest this card to make it the new target of the attack.) [On Block] DON!! -1 (You may return the specified number of DON!! cards from your field to your DON!! deck.): Rest up to 1 of your opponent's Characters with a cost of 5 or less.",No,https://optcgapi.com/media/static/Card_Images/ST05-004.jpg,,1.20,1.02,2026-09-07,
ST06-004,Smoker,ST-06,Starter Deck 6: Absolute Justice,SR,Black,Character,5,7000,,0,Special,Navy,"This Character cannot be K.O.'d by effects. [DON!! x1] If there is a Character with a cost of 0, this Character gains [Double Attack]. (This card deals 2 damage.)",No,https://optcgapi.com/media/static/Card_Images/ST06-004.jpg,,1.30,1.09,2026-09-07,
ST06-012,Monkey.D.Garp,ST-06,Starter Deck 6: Absolute Justice,SR,Black,Character,5,6000,,0,Strike,Navy,[Activate:Main] You may trash 1 card from your hand and rest this Character: K.O. up to 1 of your opponent's Characters with a cost of 4 or less.,No,https://optcgapi.com/media/static/Card_Images/ST06-012.jpg,,0.74,0.50,2026-09-07,
ST07-010,Charlotte Linlin (010),ST-07,Starter Deck 7: Big Mom Pirates,SR,Yellow,Character,7,8000,,0,Special,The Four Emperors Big Mom Pirates,[On Play] Your opponent chooses one: • Trash 1 card from the top of your opponent's Life cards. • Add 1 card from the top of your deck to the top of your Life cards.,No,https://optcgapi.com/media/static/Card_Images/ST07-010.jpg,,1.60,1.10,2026-09-07,
ST07-003,Charlotte Katakuri,ST-07,Starter Deck 7: Big Mom Pirates,SR,Yellow,Character,4,6000,,0,Strike,Big Mom Pirates,"[On Play] Look at up to 1 card from the top of your or your opponent's Life cards, and place it at the top or bottom of the Life cards. Then, if you have less Life cards than your opponent, this Character gains [Rush] during this turn. (This card can attack on the turn in which it is played.)",No,https://optcgapi.com/media/static/Card_Images/ST07-003.jpg,,0.71,0.65,2026-09-07,
ST08-002,Uta,ST-08,Starter Deck 8: Monkey.D.Luffy,SR,Black,Character,2,3000,,0,Special,FILM,This Character cannot be K.O.'d in battle by Leaders. [Activate:Main] You may rest this Character: Give up to 1 of your opponent's Characters -2 cost during this turn.,No,https://optcgapi.com/media/static/Card_Images/ST08-002.jpg,,1.03,0.76,2026-09-07,
ST08-005,Shanks,ST-08,Starter Deck 8: Monkey.D.Luffy,SR,Black,Character,9,10000,,0,Slash,Red-Haired Pirates,[On Play] You may trash 1 card from your hand: K.O. all Characters with a cost of 1 or less.,No,https://optcgapi.com/media/static/Card_Images/ST08-005.jpg,,1.01,0.74,2026-09-07,
ST09-005,Kouzuki Oden,ST-09,Starter Deck 9: Yamato,SR,Yellow,Character,7,7000,,0,Slash,Land of Wano Kouzuki Clan,[DON!! x1] This Character gains [Double Attack]. (This card deals 2 damage.) [On K.O.] You may trash 2 cards from your hand: Add up to 1 card from the top of your deck to the top of your Life cards.,No,https://optcgapi.com/media/static/Card_Images/ST09-005.jpg,,0.77,0.50,2026-09-07,
ST09-010,Portgas.D.Ace,ST-09,Starter Deck 9: Yamato,SR,Yellow,Character,6,7000,,0,Special,Land of Wano Whitebeard Pirates,"[Once Per Turn] If this Character would be K.O.'d, you may trash 1 card from the top or bottom of your Life cards instead.",No,https://optcgapi.com/media/static/Card_Images/ST09-010.jpg,,0.66,0.48,2026-09-07,
ST10-013,"Eustass""Captain""Kid (013)",ST-10,Ultra Deck: The Three Captains,SR,Purple,Character,7,8000,,0,Special,Kid Pirates,[On Play] / [When Attacking] DON!! -1 (You may return the specified number of DON!! cards from your field to your DON!! deck.): Up to 1 of your Leader gains +1000 power until the start of your next turn.,No,https://optcgapi.com/media/static/Card_Images/ST10-013.jpg,,0.77,0.70,2026-09-07,
ST10-010,Trafalgar Law (010),ST-10,Ultra Deck: The Three Captains,SR,Purple,Character,4,5000,,1000,Slash,Heart Pirates,"[Blocker] (After your opponent declares an attack, you may rest this card to make it the new target of the attack.) [On Play] DON!! -1 (You may return the specified number of DON!! cards from your field to your DON!! deck.): If your opponent has 7 or more cards in their hand, trash 2 cards from your opponent's hand.",No,https://optcgapi.com/media/static/Card_Images/ST10-010_7CxTZxR.jpg,,4.53,3.30,2026-09-07,
ST10-006,Monkey.D.Luffy (006),ST-10,Ultra Deck: The Three Captains,SR,Red,Character,10,11000,,0,Strike,Straw Hat Crew,"[Rush] (This card can attack on the turn in which it is played.) [Once Per Turn] When your opponent activates a [Blocker], K.O. up to 1 of your opponent's Characters with 8000 power or less.",No,https://optcgapi.com/media/static/Card_Images/ST10-006.jpg,,2.66,1.00,2026-09-07,
ST11-002,Uta (002),ST-11,Starter Deck 11: Uta,SR,Green,Character,3,4000,,1000,Special,FILM,"[Blocker] (After your opponent declares an attack, you may rest this card to make it the new target of the attack.) [End of Your Turn] You may trash 1 Event from your hand: Set up to 1 of your [FILM] type Characters as active.",No,https://optcgapi.com/media/static/Card_Images/ST11-002.jpg,,1.33,1.00,2026-09-07,
ST11-004,New Genesis,ST-11,Starter Deck 11: Uta,SR,Green,Event,1,,,,,FILM Music,"[Main] If your Leader is [Uta], look at 3 cards from the top of your deck, reveal up to 1 [FILM] type card other than [New Genesis] and add it to your hand. Then, place the rest at the bottom of your deck in any order and set up to 1 of your DON!! cards as active.",No,https://optcgapi.com/media/static/Card_Images/ST11-004.jpg,,0.30,0.24,2026-09-07,
ST12-003,Dracule Mihawk,ST-12,Starter Deck 12: Zoro and Sanji,SR,Green,Character,3,4000,,2000,Slash,The Seven Warlords of the Sea Muggy Kingdom,"[On Play] If you have 2 or less Characters, play up to 1 [Muggy Kingdom] type or ""Slash"" attribute Character card with a cost of 4 or less other than [Dracule Mihawk] from your hand rested.",No,https://optcgapi.com/media/static/Card_Images/ST12-003.jpg,,6.37,5.12,2026-09-07,
ST12-010,Emporio.Ivankov,ST-12,Starter Deck 12: Zoro and Sanji,SR,Blue,Character,3,4000,,1000,Special,Revolutionary Army Impel Down,"[On Play] Reveal 1 card from the top of your deck and play up to 1 Character card with a cost of 2. Then, place the rest at the top or bottom of your deck. [When Attacking][Once Per Turn] Draw 1 card if you have 6 or less cards in your hand.",No,https://optcgapi.com/media/static/Card_Images/ST12-010.jpg,,5.30,5.24,2026-09-07,
ST13-011,Portgas.D.Ace (011),ST-13,Ultra Deck: The Three Brothers,SR,Yellow,Character,5,7000,,0,Special,Whitebeard Pirates,"[On Play] If you have 2 or less Life cards, this Character gains [Rush].
(This card can attack on the turn in which it is played.)",No,https://optcgapi.com/media/static/Card_Images/ST13-011_NLQAHYu.jpg,,1.09,0.90,2026-09-07,
ST13-013,Monkey.D.Garp,ST-13,Ultra Deck: The Three Brothers,SR,Yellow,Character,1,2000,,1000,Strike,Navy,"[On Play] Look at 5 cards from the top of your deck; reveal up to 1 [Sabo], [Portgas.D.Ace], or [Monkey.D.Luffy] with a cost of 5 or less and add it to your hand. Then, place the rest at the bottom of your deck in any order.",No,https://optcgapi.com/media/static/Card_Images/ST13-013_UmmTC2r.jpg,,0.78,0.68,2026-09-07,
ST13-015,Monkey.D.Luffy (015),ST-13,Ultra Deck: The Three Brothers,SR,Yellow,Character,5,6000,,1000,Strike,Straw Hat Crew Supernovas,"[Activate:Main][Once Per Turn]This Character gains +2000 power until the start of your next turn. Then, if you have 1 or more Life cards, draw 1 card and trash 1 card from the top of your Life cards.",No,https://optcgapi.com/media/static/Card_Images/ST13-015_V5oHlxL.jpg,,1.55,1.40,2026-09-07,
ST13-008,Sabo (008),ST-13,Ultra Deck: The Three Brothers,SR,Yellow,Character,5,6000,,1000,Special,Revolutionary Army Dressrosa,[On Play]You may trash 1 card from the top or bottom of your Life cards: K.O. up to 1 of your opponent's Characters with a cost of 5 or less.,No,https://optcgapi.com/media/static/Card_Images/ST13-008_wSNB66G.jpg,,0.57,0.47,2026-09-07,
ST13-003_p1,Monkey.D.Luffy (003) (Parallel),ST-13,Ultra Deck: The Three Brothers,L,Yellow,Leader,,5000,4,,Strike,Straw Hat Crew Supernovas,"Your face-up Life cards are placed at the bottom of your deck instead of being added to your hand, according to the rules.
[DON!! x2][Activate: Main][Once Per Turn]You may trash 1 card from your hand: If you have 0 Life cards, add up to 2 Character cards with a cost of 5 from your hand or trash to the top of your Life cards face-up.",Yes,https://optcgapi.com/media/static/Card_Images/ST13-003_p1_z2jSOyv.jpg,,49.70,40.69,2026-09-07,
ST13-013_p1,Monkey.D.Garp (Parallel),ST-13,Ultra Deck: The Three Brothers,SR,Yellow,Character,1,2000,,1000,Strike,Navy,"[On Play] Look at 5 cards from the top of your deck; reveal up to 1 [Sabo], [Portgas.D.Ace], or [Monkey.D.Luffy] with a cost of 5 or less and add it to your hand. Then, place the rest at the bottom of your deck in any order.",Yes,https://optcgapi.com/media/static/Card_Images/ST13-013_p1_CACRD4O.jpg,,8.80,8.94,2026-09-07,
ST13-015_p1,Monkey.D.Luffy (015) (Parallel),ST-13,Ultra Deck: The Three Brothers,SR,Yellow,Character,5,6000,,1000,Strike,Straw Hat Crew Supernovas,"[Activate:Main][Once Per Turn]This Character gains +2000 power until the start of your next turn. Then, if you have 1 or more Life cards, draw 1 card and trash 1 card from the top of your Life cards.",Yes,https://optcgapi.com/media/static/Card_Images/ST13-015_p1_DL0kiAs.jpg,,31.18,27.74,2026-09-07,
ST13-011_p1,Portgas.D.Ace (011) (Parallel),ST-13,Ultra Deck: The Three Brothers,SR,Yellow,Character,5,7000,,0,Special,Whitebeard Pirates,"[On Play] If you have 2 or less Life cards, this Character gains [Rush].
(This card can attack on the turn in which it is played.)",Yes,https://optcgapi.com/media/static/Card_Images/ST13-011_p1_GcxrQ13.jpg,,9.12,9.07,2026-09-07,
ST13-002_p1,Portgas.D.Ace (002) (Parallel),ST-13,Ultra Deck: The Three Brothers,L,Blue Yellow,Leader,,5000,4,,Special,Whitebeard Pirates,"[DON!! x2][Activate: Main][Once Per Turn] Look at 5 cards from the top of your deck and add up to 1 Character card with a cost of 5 to the top of your Life cards face-up. Then, place the rest at the bottom of your deck in any order.
[End of Your Turn] Trash all your face-up Life cards.",Yes,https://optcgapi.com/media/static/Card_Images/ST13-002_p1_oKJEjjw.jpg,,22.48,18.00,2026-09-07,
ST13-008_p1,Sabo (008) (Parallel),ST-13,Ultra Deck: The Three Brothers,SR,Yellow,Character,5,6000,,1000,Special,Revolutionary Army Dressrosa,[On Play]You may trash 1 card from the top or bottom of your Life cards: K.O. up to 1 of your opponent's Characters with a cost of 5 or less.,Yes,https://optcgapi.com/media/static/Card_Images/ST13-008_p1_dkohIfo.jpg,,6.58,4.50,2026-09-07,
ST13-005_p1,Emporio.Ivankov (Parallel),ST-13,Ultra Deck: The Three Brothers,R,Yellow,Character,3,4000,,1000,Special,Revolutionary Army,"[Blocker] (After your opponent declares an attack, you may rest this card to make it the new target of the attack.)
[On Play] You may trash 1 card from the top or bottom of your Life cards: Reveal up to 1 Character card with a cost of 5 from your hand and add it to the top of your Life cards face-down.",Yes,https://optcgapi.com/media/static/Card_Images/ST13-005_p1_gPmjvZo.jpg,,1.32,2.34,2026-09-07,
ST13-001_p1,Sabo (001) (Parallel),ST-13,Ultra Deck: The Three Brothers,L,Red Yellow,Leader,,5000,4,,Special,Revolutionary Army Dressrosa,[DON!! x1][Activate: Main][Once Per Turn] You may add 1 of your Characters with a cost of 3 or more and 7000 power or more to the top of your Life cards face-up: Up to 1 of your Characters gains +2000 power until the start of your next turn.,Yes,https://optcgapi.com/media/static/Card_Images/ST13-001_p1_r1DAPJ3.jpg,,19.69,18.99,2026-09-07,
ST14-003,Sanji,ST-14,Starter Deck 14: 3D2Y,SR,Black,Character,5,6000,,0,Strike,Straw Hat Crew,"[On Play] If you have a Character with a cost of 6 or more, K.O. up to 1 of your opponent's Characters with a cost of 5 or less.",No,https://optcgapi.com/media/static/Card_Images/ST14-003.jpg,,7.62,4.99,2026-09-07,
ST14-006,Nami,ST-14,Starter Deck 14: 3D2Y,SR,Black,Character,3,2000,,1000,Special,Straw Hat Crew,"[Blocker] (After your opponent declares an attack, you may rest this card to make it the new target of the attack.)
[On Play] If you have 6 or less cards in your hand and a Character with a cost of 8 or more, draw 1 card.",No,https://optcgapi.com/media/static/Card_Images/ST14-006.jpg,,2.45,1.99,2026-09-07,
ST15-002,Edward.Newgate (ST15-002),ST-15,Starter Deck 15: RED Edward.Newgate,SR,Red,Character,7,8000,,0,Special,The Four Emperors Whitebeard Pirates,"[On Play] Give up to 1 rested DON!! card to your Leader or 1 of your Characters.

[Activate: Main] You may rest this Character: K.O. up to 1 of your opponent's Characters with 5000 power or less.",No,https://optcgapi.com/media/static/Card_Images/ST15-002.jpg,,1.52,1.53,2026-09-07,
ST15-005,Portgas.D.Ace,ST-15,Starter Deck 15: RED Edward.Newgate,SR,Red,Character,5,6000,,0,Special,Whitebeard Pirates,"If your Leader's type includes ""Whitebeard Pirates"", this Character gains [Rush].(This card can attack on the turn in which it is played.)[Once Per Turn] If this Character would be removed from the field by your opponent's effect, you may give this Character 2000 power during this turn instead.",No,https://optcgapi.com/media/static/Card_Images/ST15-005.jpg,,2.10,1.61,2026-09-07,
OP02-001_p2,Edward.Newgate (OP02-001),ST-15,Starter Deck 15: RED Edward.Newgate,L,Red,Leader,,6000,6,,Special,The Four Emperors Whitebeard Pirates,[End of Your Turn] Add 1 card from the top of your Life cards to your hand.,Yes,https://optcgapi.com/media/static/Card_Images/OP02-001_p2.jpg,,1.30,1.33,2026-09-07,
ST16-004,Shanks,ST-16,Starter Deck 16: GREEN Uta,SR,Green,Character,9,11000,,0,Slash,FILM The Four Emperors Red-Haired Pirates,[On Play] K.O. up to 1 of your opponent's rested Characters.,No,https://optcgapi.com/media/static/Card_Images/ST16-004.jpg,,5.70,5.18,2026-09-07,
ST11-004_p2,New Genesis,ST-16,Starter Deck 16: GREEN Uta,SR,Green,Event,1,,,,,FILM Music,"[Main] If your Leader is [Uta], look at 3 cards from the top of your deck; reveal up to 1 ""FILM"" type card other than [New Genesis] and add it to your hand. Then, place the rest at the bottom of your deck in any order and set up to 1 of your DON!! cards as active.",Yes,https://optcgapi.com/media/static/Card_Images/ST11-004_p2.jpg,,0.32,0.24,2026-09-07,
ST16-001,Uta (ST16-001),ST-16,Starter Deck 16: GREEN Uta,SR,Green,Character,4,6000,,0,Special,FILM,"[Blocker] (After your opponent declares an attack, you may rest this card to make it the new target of the attack.)

[Activate: Main] [Once Per Turn] You may trash 1 ""FILM"" type card from your hand: Give up to 1 rested DON!! card to your Leader or 1 of your Characters.",No,https://optcgapi.com/media/static/Card_Images/ST16-001.jpg,,0.52,0.37,2026-09-07,
ST11-001_p1,Uta (ST11-001),ST-16,Starter Deck 16: GREEN Uta,L,Green,Leader,,5000,5,,Special,FILM,"[DON!! x1] [When Attacking] [Once Per Turn] Reveal 1 card from the top of your deck and add up to 1 ""FILM"" type card to your hand. Then, place the rest at the bottom of your deck.",Yes,https://optcgapi.com/media/static/Card_Images/ST11-001_p1.jpg,,2.16,1.00,2026-09-07,
ST17-002,Trafalgar Law (ST17-002),ST-17,Starter Deck 17: BLUE Donquixote Doflamingo,SR,Blue,Character,4,5000,,1000,Slash,Heart Pirates The Seven Warlords of the Sea,"[On Play] You may return 1 of your Characters to the owner's hand: If your Leader has the ""The Seven Warlords of the Sea"" type, return up to 1 Character with a cost of 4 or less to the owner's hand.",No,https://optcgapi.com/media/static/Card_Images/ST17-002.jpg,,1.08,0.25,2026-09-07,
ST17-004,Boa Hancock,ST-17,Starter Deck 17: BLUE Donquixote Doflamingo,SR,Blue,Character,4,6000,,0,Special,Kuja Pirates The Seven Warlords of the Sea,"[Blocker] (After your opponent declares an attack, you may rest this card to make it the new target of the attack.)[On Play] Look at 3 cards from the top of your deck and place them at the top or bottom of your deck in any order. Then, give up to 1 rested DON!! card to 1 of your ""The Seven Warlords of the Sea"" type Leader or Character cards.",No,https://optcgapi.com/media/static/Card_Images/ST17-004.jpg,,17.03,15.25,2026-09-07,
OP01-073_r1,Donquixote Doflamingo (OP01-073),ST-17,Starter Deck 17: BLUE Donquixote Doflamingo,R,Blue,Character,3,4000,,1000,Special,Donquixote Pirates The Seven Warlords of the Sea,"[Blocker] (After your opponent declares an attack, you may rest this card to make it the new target of the attack.)[On Play] Look at 5 cards from the top of your deck and place them at the top or bottom of the deck in any order.",Yes,https://optcgapi.com/media/static/Card_Images/OP01-073_r1.jpg,,0.24,0.07,2026-09-07,
OP01-060_p2,Donquixote Doflamingo (OP01-060),ST-17,Starter Deck 17: BLUE Donquixote Doflamingo,L,Blue,Leader,,5000,5,,Special,Donquixote Pirates The Seven Warlords of the Sea,"[DON!! x2] [When Attacking] [1] (You may rest the specified number of DON!! cards in your cost area.): Reveal 1 card from the top of your deck. If that card is a ""The Seven Warlords of the Sea"" type Character card with a cost of 4 or less, you may play that card rested.",Yes,https://optcgapi.com/media/static/Card_Images/OP01-060_p2.jpg,,2.04,1.59,2026-09-07,
ST18-004,Zoro-Juurou (ST18-004),ST-18,Starter Deck 18: PURPLE Monkey.D.Luffy,SR,Purple,Character,4,6000,,0,Slash,Straw Hat Crew,"[On Play] Look at 5 cards from the top of your deck; reveal up to 1 purple ""Straw Hat Crew"" type card and add it to your hand. Then, place the rest at the bottom of your deck in any order.",No,https://optcgapi.com/media/static/Card_Images/ST18-004.jpg,,1.87,1.60,2026-09-07,
ST18-005,Luffy-Tarou,ST-18,Starter Deck 18: PURPLE Monkey.D.Luffy,SR,Purple,Character,7,8000,,0,Strike,Straw Hat Crew,"[On Play] DON!! 1 (You may return the specified number of DON!! cards from your field to your DON!! deck.): Play up to 1 purple ""Straw Hat Crew"" type Character card with a cost of 5 or less from your hand.",No,https://optcgapi.com/media/static/Card_Images/ST18-005.jpg,,3.58,3.14,2026-09-07,
OP05-076_p1,When You're at Sea You Fight against Pirates!!,ST-18,Starter Deck 18: PURPLE Monkey.D.Luffy,R,Purple,Event,1,,,,,,"[Main] Look at 3 cards from the top of your deck; reveal up to 1 ""Straw Hat Crew"", ""Kid Pirates"", or ""Heart Pirates"" type card and add it to your hand. Then, place the rest at the bottom of your deck in any order.",Yes,https://optcgapi.com/media/static/Card_Images/OP05-076_p1.jpg,,0.31,0.25,2026-09-07,
OP05-067_r1,Zoro-Juurou (OP05-067),ST-18,Starter Deck 18: PURPLE Monkey.D.Luffy,R,Purple,Character,3,4000,,1000,Slash,Straw Hat Crew,"[When Attacking] If you have 3 or less Life cards, add up to 1 DON!! card from your DON!! deck and set it as active.",Yes,https://optcgapi.com/media/static/Card_Images/OP05-067_r1.jpg,,0.30,0.25,2026-09-07,
OP05-060_p3,Monkey.D.Luffy (OP05-060),ST-18,Starter Deck 18: PURPLE Monkey.D.Luffy,L,Purple,Leader,,5000,5,,Strike,Straw Hat Crew,"[Activate: Main] [Once Per Turn] You may add 1 card from the top of your Life cards to your hand: If you have 0 or 3 or more DON!! cards on your field, add up to 1 DON!! card from your DON!! deck and set it as active.",Yes,https://optcgapi.com/media/static/Card_Images/OP05-060_p3.jpg,,2.74,2.74,2026-09-07,
ST19-004,Hina,ST-19,Starter Deck 19: BLACK Smoker,SR,Black,Character,4,6000,,0,Special,Navy,"[DON!! x1] [Opponent's Turn] This Character gains +4 cost.

[Activate: Main] [Once Per Turn] You may place 1 card from your trash at the bottom of your deck: Give up to 1 rested DON!! card to your Leader or 1 of your Characters.",No,https://optcgapi.com/media/static/Card_Images/ST19-004.jpg,,1.01,0.78,2026-09-07,
ST19-003,Tashigi,ST-19,Starter Deck 19: BLACK Smoker,SR,Black,Character,5,6000,,1000,Slash,Navy,"[On Play] If your Leader is [Smoker], give up to 1 of your opponent's Characters 4 cost during this turn.

[Activate: Main] [Once Per Turn] If this Character was played on this turn, trash up to 1 of your opponent's Characters with a cost of 0.",No,https://optcgapi.com/media/static/Card_Images/ST19-003.jpg,,0.80,0.45,2026-09-07,
OP03-089_r1,Brannew,ST-19,Starter Deck 19: BLACK Smoker,R,Black,Character,2,3000,,1000,Wisdom,Navy,"[On Play] Look at 3 cards from the top of your deck; reveal up to 1 ""Navy"" type card other than [Brannew] and add it to your hand. Then, trash the rest.",Yes,https://optcgapi.com/media/static/Card_Images/OP03-089_r1.jpg,,0.20,0.18,2026-09-07,
OP02-098_r1,Koby,ST-19,Starter Deck 19: BLACK Smoker,R,Black,Character,3,4000,,1000,Strike,Navy,[On Play] You may trash 1 card from your hand: K.O. up to 1 of your opponent's Characters with a cost of 3 or less.,Yes,https://optcgapi.com/media/static/Card_Images/OP02-098_r1.jpg,,0.21,0.12,2026-09-07,
OP02-093_p2,Smoker (OP02-093),ST-19,Starter Deck 19: BLACK Smoker,L,Black,Leader,,5000,5,,Special,Navy,"[DON!! x1] [Activate: Main] [Once Per Turn] Give up to 1 of your opponent's Characters 1 cost during this turn. Then, if there is a Character with a cost of 0, this Leader gains +1000 power during this turn.",Yes,https://optcgapi.com/media/static/Card_Images/OP02-093_p2.jpg,,1.66,0.80,2026-09-07,
ST20-005,Charlotte Linlin,ST-20,Starter Deck 20: YELLOW Charlotte Katakuri,SR,Yellow,Character,6,7000,,0,Special,The Four Emperors Big Mom Pirates,"[On Play] You may trash 1 card from your hand: Your opponent chooses one:

• Your opponent trashes 2 cards from their hand.

• Trash 1 card from the top of your opponent's Life cards.",No,https://optcgapi.com/media/static/Card_Images/ST20-005.jpg,,3.74,1.53,2026-09-07,
ST20-001,Charlotte Katakuri (ST20-001),ST-20,Starter Deck 20: YELLOW Charlotte Katakuri,SR,Yellow,Character,5,6000,,1000,Strike,Big Mom Pirates,"[Blocker] (After your opponent declares an attack, you may rest this card to make it the new target of the attack.)

[Activate: Main] [Once Per Turn] You may turn 1 card from the top of your Life cards face-up: Give up to 1 rested DON!! card to your Leader or 1 of your Characters.",No,https://optcgapi.com/media/static/Card_Images/ST20-001.jpg,,0.75,0.49,2026-09-07,
OP03-099_p2,Charlotte Katakuri (OP03-099),ST-20,Starter Deck 20: YELLOW Charlotte Katakuri,L,Yellow,Leader,,5000,5,,Strike,Big Mom Pirates,"[DON!! x1] [When Attacking] Look at up to 1 card from the top of your or your opponent's Life cards, and place it at the top or bottom of the Life cards. Then, this Leader gains +1000 power during this battle.",Yes,https://optcgapi.com/media/static/Card_Images/OP03-099_p2.jpg,,1.41,0.97,2026-09-07,
OP03-112_r1,Charlotte Pudding (OP03-112),ST-20,Starter Deck 20: YELLOW Charlotte Katakuri,R,Yellow,Character,1,2000,,1000,Wisdom,Big Mom Pirates,"[On Play] Look at 4 cards from the top of your deck; reveal up to 1 [Sanji] or ""Big Mom Pirates"" type card other than [Charlotte Pudding] and add it to your hand. Then, place the rest at the bottom of your deck in any order.",Yes,https://optcgapi.com/media/static/Card_Images/OP03-112_r1.jpg,,0.13,0.13,2026-09-07,
OP03-110_r1,Charlotte Smoothie,ST-20,Starter Deck 20: YELLOW Charlotte Katakuri,R,Yellow,Character,4,5000,,1000,Special,Big Mom Pirates,"[When Attacking] You may add 1 card from the top or bottom of your Life cards to your hand: This Character gains +2000 power during this battle.

[Trigger] You may trash 1 card from your hand: Play this card.",Yes,https://optcgapi.com/media/static/Card_Images/OP03-110_r1.jpg,,0.12,0.09,2026-09-07,
ST21-014,Monkey.D.Luffy (014),ST-21,Starter Deck EX: Gear 5,SR,Red,Character,5,6000,,0,Strike,Straw Hat Crew The Four Emperors,"[Rush] (This card can attack on the turn in which it is played.)
[When Attacking] Give up to 1 rested DON!! card to your Leader or 1 of your Characters.",No,https://optcgapi.com/media/static/Card_Images/ST21-014.jpg,,9.31,8.71,2026-09-07,
ST21-015,Roronoa Zoro,ST-21,Starter Deck EX: Gear 5,SR,Red,Character,4,5000,,1000,Slash,Straw Hat Crew,"[DON!! x2] This Character gains [Rush].
[On K.O.] Play up to 1 red Character card with 6000 power or less other than [Roronoa Zoro] from your hand.",No,https://optcgapi.com/media/static/Card_Images/ST21-015.jpg,,2.08,2.00,2026-09-07,
ST21-014_p1,Monkey.D.Luffy (014) (Parallel),ST-21,Starter Deck EX: Gear 5,SR,Red,Character,5,6000,,0,Strike,Straw Hat Crew The Four Emperors,"[Rush] (This card can attack on the turn in which it is played.)
[When Attacking] Give up to 1 rested DON!! card to your Leader or 1 of your Characters.",Yes,https://optcgapi.com/media/static/Card_Images/ST21-014_p1.jpg,,29.23,29.94,2026-09-07,
ST21-015_p1,Roronoa Zoro (Parallel),ST-21,Starter Deck EX: Gear 5,SR,Red,Character,4,5000,,1000,Slash,Straw Hat Crew,"[DON!! x2] This Character gains [Rush].
[On K.O.] Play up to 1 red Character card with 6000 power or less other than [Roronoa Zoro] from your hand.",Yes,https://optcgapi.com/media/static/Card_Images/ST21-015_p1.jpg,,34.22,29.68,2026-09-07,
ST21-001_p1,Monkey.D.Luffy (001) (Parallel),ST-21,Starter Deck EX: Gear 5,L,Red,Leader,,5000,5,,Strike,Straw Hat Crew The Four Emperors,[DON!! x1] [Activate: Main] [Once Per Turn] Give up to 2 rested DON!! cards to 1 of your Characters.,Yes,https://optcgapi.com/media/static/Card_Images/ST21-001_p1.jpg,,96.23,78.75,2026-09-07,
ST23-002,Shanks (002),ST-23,Starter Deck 23: RED Shanks,SR,Red,Character,9,10000,,0,Slash,The Four Emperors Red-Haired Pirates,"If your opponent has a Character with 8000 base power or more, give this card in your hand -3 cost.
[On Play] If your Leader has the ""Red-Haired Pirates"" type or is [Uta], your Leader gains +2000 power until the end of your opponent's next End Phase.",No,https://optcgapi.com/media/static/Card_Images/ST23-002.jpg,,1.15,0.70,2026-09-07,
ST23-001,Uta,ST-23,Starter Deck 23: RED Shanks,SR,Red,Character,6,4000,,2000,Special,FILM,"If you have a Character with 10000 power or more, give this card in your hand -4 cost.
[Blocker] (After your opponent declares an attack, you may rest this card to make it the new target of the attack.)",No,https://optcgapi.com/media/static/Card_Images/ST23-001.jpg,,18.60,16.50,2026-09-07,
OP09-001_p2,Shanks (OP09-001),ST-23,Starter Deck 23: RED Shanks,L,Red,Leader,,5000,5,,Slash,The Four Emperors Red-Haired Pirates,[Once Per Turn] This effect can be activated when your opponent attacks. Give up to 1 of your opponent's Leader or Character cards 1000 power during this turn.,Yes,https://optcgapi.com/media/static/Card_Images/OP09-001_p2.jpg,,0.52,0.35,2026-09-07,
OP09-013_r1,Yasopp (Reprint),ST-23,Starter Deck 23: RED Shanks,R,Red,Character,5,6000,,0,Ranged,Red-Haired Pirates,"[On Play] Up to 1 of your Leader gains +1000 power until the end of your opponent's next turn.[DON!! x1] [When Attacking] Give up to 1 of your opponent's Characters 1000 power during this turn.DISCLAIMER: This card is a reprint of the pre-existing card in the OP09 set. The main difference between this card and the original print is the inclusion of ""EN"" on the right side, by the copyright information.",Yes,https://optcgapi.com/media/static/Card_Images/OP09-013_r1.jpg,,0.10,0.05,2026-09-07,
OP09-015_r1,Lucky.Roux (Reprint),ST-23,Starter Deck 23: RED Shanks,R,Red,Character,4,5000,,0,Ranged,Red-Haired Pirates,"[Blocker] (After your opponent declares an attack, you may rest this card to make it the new target of the attack.)[On K.O.] If your Leader has the ""Red-Haired Pirates"" type, K.O. up to 1 of your opponent's Characters with a base power of 6000 or less.DISCLAIMER: This card is a reprint of the pre-existing card in the OP09 set. The main difference between this card and the original print is the inclusion of ""EN"" on the right side, by the copyright information.",Yes,https://optcgapi.com/media/static/Card_Images/OP09-015_r1.jpg,,0.08,0.05,2026-09-07,
OP09-020_r1,Come On!! We'll Fight You!! (Reprint),ST-23,Starter Deck 23: RED Shanks,R,Red,Event,1,,,,,,"[Main] Look at 5 cards from the top of your deck; reveal up to 1 ""Red-Haired Pirates"" type card other than [Come On!! We'll Fight You!!] and add it to your hand. Then, place the rest at the bottom of your deck in any order.
[Trigger] Draw 1 card.

DISCLAIMER: This card is a reprint of the pre-existing card in the OP09 set. The main difference between this card and the original print is the inclusion of ""EN"" on the right side, by the copyright information.",Yes,https://optcgapi.com/media/static/Card_Images/OP09-020_r1.jpg,,0.09,0.05,2026-09-07,
ST24-002,Kid & Killer,ST-24,Starter Deck 24: GREEN Jewelry Bonney,SR,Green,Character,2,2000,,1000,Slash Special,Kid Pirates Supernovas,"[On Play] Look at 5 cards from the top of your deck; reveal up to 1 ""Supernovas"" type card and add it to your hand. Then, place the rest at the bottom of your deck in any order.
[On Your Opponent's Attack] You may trash this Character: Set up to 1 of your DON!! cards as active.",No,https://optcgapi.com/media/static/Card_Images/ST24-002.jpg,,1.08,1.08,2026-09-07,
ST24-004,Law & Bepo,ST-24,Starter Deck 24: GREEN Jewelry Bonney,SR,Green,Character,10,11000,,0,Slash Strike,Heart Pirates Minks Supernovas,"[On Play] Rest up to 1 of your opponent's Characters and that Character will not become active in your opponent's next Refresh Phase. Then, if your opponent has 2 or more rested Characters, your Leader gains +2000 power until the end of your opponent's next End Phase.",No,https://optcgapi.com/media/static/Card_Images/ST24-004.jpg,,6.77,6.42,2026-09-07,
OP07-019_p3,Jewelry Bonney (OP07-019),ST-24,Starter Deck 24: GREEN Jewelry Bonney,L,Green,Leader,,5000,5,,Special,Bonney Pirates Supernovas,[On Your Opponent's Attack] [Once Per Turn] (1) (You may rest the specified number of DON!! cards in your cost area.): Rest up to 1 of your opponent's Leader or Character cards.,Yes,https://optcgapi.com/media/static/Card_Images/OP07-019_p3.jpg,,1.17,1.00,2026-09-07,
EB01-015_p3,Scratchmen Apoo (Reprint),ST-24,Starter Deck 24: GREEN Jewelry Bonney,R,Green,Character,1,1000,,2000,Special,On-Air Pirates Supernovas,"[On Play] Rest up to 1 of your opponent's Characters with a cost of 2 or less.DISCLAIMER: This card is a reprint of the pre-existing card in the EB01 set. The main difference between this card and the original print is the inclusion of ""EN"" on the right side, by the copyright information.",Yes,https://optcgapi.com/media/static/Card_Images/EB01-015_p3.jpg,,0.15,0.09,2026-09-07,
OP07-036_p1,Demonic Aura Nine-Sword Style Asura Demon Nine Flash (Reprint),ST-24,Starter Deck 24: GREEN Jewelry Bonney,R,Green,Event,2,,,,,Supernovas/Straw Hat Crew,"[Main] Up to 1 of your Leader or Character cards gains +3000 power during this turn. Then, you may rest 1 of your Characters with a cost of 3 or more. If you do, rest up to 1 of your opponent's Characters with a cost of 5 or less.[Trigger] Rest up to 1 of your opponent's Characters with a cost of 4 or less.DISCLAIMER: This card is a reprint of the pre-existing card in the OP07 set. The main difference between this card and the original print is the inclusion of ""EN"" on the right side, by the copyright information.",Yes,https://optcgapi.com/media/static/Card_Images/OP07-036_p1.jpg,,0.14,0.09,2026-09-07,
OP07-021_r1,Urouge (Reprint),ST-24,Starter Deck 24: GREEN Jewelry Bonney,R,Green,Character,4,5000,,0,Strike,Fallen Monk Pirates Supernovas,"[Blocker] (After your opponent declares an attack, you may rest this card to make it the new target of the attack.)[End of Your Turn] Set up to 1 of your DON!! cards as active.DISCLAIMER: This card is a reprint of the pre-existing card in the OP07 set. The main difference between this card and the original print is the inclusion of ""EN"" on the right side, by the copyright information.",Yes,https://optcgapi.com/media/static/Card_Images/OP07-021_r1.jpg,,0.10,0.02,2026-09-07,
ST25-003,Crocodile & Mihawk,ST-25,Starter Deck 25: BLUE Buggy,SR,Blue,Character,8,7000,,0,Slash Special,Former Baroque Works Cross Guild,"[On Play] Draw 2 cards and trash 1 card from your hand. Then, play up to 1 ""Cross Guild"" type Character card with a cost of 4 or less from your hand.
[Once Per Turn] If your ""Cross Guild"" type Character would be removed from the field by your opponent's effect, you may trash 1 card from your hand instead.",No,https://optcgapi.com/media/static/Card_Images/ST25-003.jpg,,1.24,0.85,2026-09-07,
ST25-004,Buggy,ST-25,Starter Deck 25: BLUE Buggy,SR,Blue,Character,4,1000,,1000,Slash,The Four Emperors Cross Guild,"[Activate:Main] You may trash 1 card from your hand and trash this Character: If your Leader is [Buggy], play up to 1 ""Cross Guild"" type Character card with a cost of 6 or less from your hand.",No,https://optcgapi.com/media/static/Card_Images/ST25-004.jpg,,0.77,0.64,2026-09-07,
ST-25-ST25-003,Crocodile & Mihawk,ST-25,Starter Deck 25: BLUE Buggy,SR,Blue,Character,8,7000,,0,Slash Special,Former Baroque Works Cross Guild,"[On Play] Draw 2 cards and trash 1 card from your hand. Then, play up to 1 ""Cross Guild"" type Character card with a cost of 4 or less from your hand.
[Once Per Turn] If your ""Cross Guild"" type Character would be removed from the field by your opponent's effect, you may trash 1 card from your hand instead.",No,https://optcgapi.com/media/static/Card_Images/ST25-003_0QHazIj.jpg,,1.24,0.85,2026-09-07,
ST-25-ST25-004,Buggy,ST-25,Starter Deck 25: BLUE Buggy,SR,Blue,Character,4,1000,,1000,Slash,The Four Emperors Cross Guild,"[Activate:Main] You may trash 1 card from your hand and trash this Character: If your Leader is [Buggy], play up to 1 ""Cross Guild"" type Character card with a cost of 6 or less from your hand.",No,https://optcgapi.com/media/static/Card_Images/ST25-004_8Zo1qx2.jpg,,0.77,0.64,2026-09-07,
OP09-042_p2,Buggy (OP09-042),ST-25,Starter Deck 25: BLUE Buggy,L,Blue,Leader,,5000,5,,Slash,The Four Emperors Cross Guild,"[Activate: Main] You may rest 5 of your DON!! cards and trash 1 card from your hand: Play up to 1 ""Cross Guild"" type Character card from your hand.",Yes,https://optcgapi.com/media/static/Card_Images/OP09-042_p2.jpg,,1.41,1.65,2026-09-07,
OP09-051_r1,Buggy (Reprint),ST-25,Starter Deck 25: BLUE Buggy,R,Blue,Character,10,12000,,0,Slash,The Four Emperors Cross Guild,"[On Play] Place up to 1 of your opponent's Characters at the bottom of the owner's deck. Then, if you do not have 5 Characters with a cost of 5 or more, place this Character at the bottom of the owner's deck.

DISCLAIMER: This card is a reprint of the pre-existing card in the OP09 set. The main difference between this card and the original print is the inclusion of ""EN"" on the right side, by the copyright information.",Yes,https://optcgapi.com/media/static/Card_Images/OP09-051_r1.jpg,,0.12,0.01,2026-09-07,
ST-25-OP09-057_r1,Cross Guild (Reprint),ST-25,Starter Deck 25: BLUE Buggy,R,Blue,Event,1,,,,,Cross Guild,"[Main] Look at 4 cards from the top of your deck; reveal up to 1 ""Cross Guild"" type card and add it to your hand. Then, place the rest at the bottom of your deck in any order.
[Trigger] Activate this card's [Main] effect.

DISCLAIMER: This card is a reprint of the pre-existing card in the OP09 set. The main difference between this card and the original print is the inclusion of ""EN"" on the right side, by the copyright information.",Yes,https://optcgapi.com/media/static/Card_Images/OP09-057_r1.jpg,,0.09,0.01,2026-09-07,
OP09-056_r1,Mr.3(Galdino) (Reprint),ST-25,Starter Deck 25: BLUE Buggy,R,Blue,Character,1,2000,,0,Special,Former Baroque Works Cross Guild,"[On Play] Look at 4 cards from the top of your deck; reveal up to 1 ""Cross Guild"" type card or card with a type including ""Baroque Works"" other than [Mr.3(Galdino)] and add it to your hand. Then, place the rest at the bottom of your deck in any order.DISCLAIMER: This card is a reprint of the pre-existing card in the OP09 set. The main difference between this card and the original print is the inclusion of ""EN"" on the right side, by the copyright information.",Yes,https://optcgapi.com/media/static/Card_Images/OP09-056_r1.jpg,,0.09,0.02,2026-09-07,
ST26-005,Monkey.D.Luffy (ST26-005),ST-26,Starter Deck 26: PURPLE/BLACK Monkey.D.Luffy,SR,Purple,Character,6,7000,,0,Strike,Straw Hat Crew,"[On Play] / [When Attacking] DON!! -2 (You may return the specified number of DON!! cards from your field to your DON!! deck.): If your Leader is multicolored and your opponent has 5 or more DON!! cards on their field, your ""Straw Hat Crew"" type Leader's base power becomes 7000 until the end of your opponent's next End Phase.",No,https://optcgapi.com/media/static/Card_Images/ST26-005.jpg,,2.96,2.50,2026-09-07,
ST26-003,Nico Robin,ST-26,Starter Deck 26: PURPLE/BLACK Monkey.D.Luffy,SR,Purple,Character,3,4000,,2000,Strike,Straw Hat Crew,[On Play] DON!! -2 (You may return the specified number of DON!! cards from your field to your DON!! deck.): Add up to 1 DON!! card from your DON!! deck and set it as active.,No,https://optcgapi.com/media/static/Card_Images/ST26-003.jpg,,2.07,2.03,2026-09-07,
OP09-061_p2,Monkey.D.Luffy (OP09-061),ST-26,Starter Deck 26: PURPLE/BLACK Monkey.D.Luffy,L,Purple Black,Leader,,5000,4,,Strike,Straw Hat Crew The Four Emperors,"[DON!! x1] All of your Characters gain +1 cost.
[Your Turn] [Once Per Turn] When 2 or more DON!! cards on your field are returned to your DON!! deck, add up to 1 DON!! card from your DON!! deck and set it as active, and add up to 1 additional DON!! card and rest it.",Yes,https://optcgapi.com/media/static/Card_Images/OP09-061_p2.jpg,,7.81,5.00,2026-09-07,
ST-26-OP09-078_p1,Gum-Gum Giant (Reprint),ST-26,Starter Deck 26: PURPLE/BLACK Monkey.D.Luffy,R,Purple,Event,1,,,,,Straw Hat Crew The Four Emperors,"[Counter] DON!! 2, You may trash 1 card from your hand: If your Leader has the ""Straw Hat Crew"" type, up to 1 of your Leader or Character cards gains +4000 power during this battle. Then, draw 2 cards.

DISCLAIMER: This card is a reprint of the pre-existing card in the OP09 set. The main difference between this card and the original print is the inclusion of ""EN"" on the right side, by the copyright information.",Yes,https://optcgapi.com/media/static/Card_Images/OP09-078_p1.jpg,,3.31,3.30,2026-09-07,
OP09-076_r1,Roronoa Zoro (Reprint),ST-26,Starter Deck 26: PURPLE/BLACK Monkey.D.Luffy,R,Purple,Character,3,5000,,0,Slash,Straw Hat Crew,"[On Play] You may return 1 or more DON!! cards from your field to your DON!! deck: Add up to 1 DON!! card from your DON!! deck and set it as active.DISCLAIMER: This card is a reprint of the pre-existing card in the OP09 set. The main difference between this card and the original print is the inclusion of ""EN"" on the right side, by the copyright information.",Yes,https://optcgapi.com/media/static/Card_Images/OP09-076_r1.jpg,,0.14,0.09,2026-09-07,
ST27-005,Marshall.D.Teach (ST27-005),ST-27,Starter Deck 27: BLACK Marshall.D.Teach,SR,Black,Character,7,8000,,0,Special,Blackbeard Pirates The Four Emperors,"[Activate:Main] You may rest this Character: K.O. up to 1 Character with a cost of 3 or less.
[On K.O.] Add up to 1 black card from your trash to your hand.",No,https://optcgapi.com/media/static/Card_Images/ST27-005.jpg,,0.61,0.40,2026-09-07,
ST27-003,Kuzan,ST-27,Starter Deck 27: BLACK Marshall.D.Teach,SR,Black,Character,6,6000,,1000,Special,Blackbeard Pirates Former Navy,"[Blocker] (After your opponent declares an attack, you may rest this card to make it the new target of the attack.)
[On K.O.] Play up to 1 ""Blackbeard Pirates"" type Character card with a cost of 5 or less from your trash rested.",No,https://optcgapi.com/media/static/Card_Images/ST27-003.jpg,,0.95,0.83,2026-09-07,
OP09-081_p2,Marshall.D.Teach (OP09-081),ST-27,Starter Deck 27: BLACK Marshall.D.Teach,L,Black,Leader,,5000,5,,Special,Blackbeard Pirates The Four Emperors,"Your [On Play] effects are negated.
[Activate: Main] You may trash 1 card from your hand: Your opponent's [On Play] effects are negated until the end of your opponent's next turn.",Yes,https://optcgapi.com/media/static/Card_Images/OP09-081_p2.jpg,,0.94,0.99,2026-09-07,
OP09-095_r1,Laffitte (Reprint),ST-27,Starter Deck 27: BLACK Marshall.D.Teach,R,Black,Character,1,1000,,0,Strike,Blackbeard Pirates,"[Activate: Main] You may rest 1 of your DON!! cards and this Character: Look at 5 cards from the top of your deck; reveal up to 1 ""Blackbeard Pirates"" type card and add it to your hand. Then, place the rest at the bottom of your deck in any order.DISCLAIMER: This card is a reprint of the pre-existing card in the OP09 set. The main difference between this card and the original print is the inclusion of ""EN"" on the right side, by the copyright information.",Yes,https://optcgapi.com/media/static/Card_Images/OP09-095_r1.jpg,,0.19,0.14,2026-09-07,
OP09-090_r1,Doc Q (Reprint),ST-27,Starter Deck 27: BLACK Marshall.D.Teach,R,Black,Character,2,Blackbeard Pirates,,0,Special,Blackbeard Pirates,"[Activate: Main] You may rest this Character: If your Leader has the ""Blackbeard Pirates"" type, K.O. up to 1 of your opponent's Characters with a cost of 1 or less.[On K.O.] Draw 1 card.DISCLAIMER: This card is a reprint of the pre-existing card in the OP09 set. The main difference between this card and the original print is the inclusion of ""EN"" on the right side, by the copyright information.",Yes,https://optcgapi.com/media/static/Card_Images/OP09-090_r1.jpg,,0.15,0.06,2026-09-07,
OP09-083_r1,Van Augur (Reprint),ST-27,Starter Deck 27: BLACK Marshall.D.Teach,R,Black,Character,5,6000,,0,Ranged,Blackbeard Pirates,"[Activate: Main] You may rest this Character: If your Leader has the ""Blackbeard Pirates"" type, give up to 1 of your opponent's Characters 3 cost during this turn.[On K.O.] Draw 1 card.DISCLAIMER: This card is a reprint of the pre-existing card in the OP09 set. The main difference between this card and the original print is the inclusion of ""EN"" on the right side, by the copyright information.",Yes,https://optcgapi.com/media/static/Card_Images/OP09-083_r1.jpg,,0.14,0.05,2026-09-07,
OP09-086_r1,Jesus Burgess (Reprint),ST-27,Starter Deck 27: BLACK Marshall.D.Teach,R,Black,Character,4,5000,,0,Strike,Blackbeard Pirates,"This Character cannot be K.O.'d by your opponent's effects.If your Leader has the ""Blackbeard Pirates"" type, this Character gains +1000 power for every 4 cards in your trash.DISCLAIMER: This card is a reprint of the pre-existing card in the OP09 set. The main difference between this card and the original print is the inclusion of ""EN"" on the right side, by the copyright information.",Yes,https://optcgapi.com/media/static/Card_Images/OP09-086_r1.jpg,,0.20,0.10,2026-09-07,
ST28-004,Kouzuki Momonosuke,ST-28,Starter Deck 28: GREEN/YELLOW Yamato,SR,Yellow,Character,6,7000,,0,Slash,Land of Wano Kouzuki Clan,"[Your Turn] If you have 2 or less Life cards, your Leader gains +1000 power.
[Activate: Main] [Once Per Turn] You may return 2 total of your currently given DON!! cards to your cost area rested: This Character gains [Rush] and +1000 power during this turn.
(This card can attack on the turn in which it is played.)",No,https://optcgapi.com/media/static/Card_Images/ST28-004.jpg,,0.47,0.45,2026-09-07,
ST28-005,Yamato,ST-28,Starter Deck 28: GREEN/YELLOW Yamato,SR,Yellow,Character,1,0,,1000,Strike,Land of Wano,"[DON!! x2] [Your Turn] This Character gains +3000 power.
[On Play] Look at 5 cards from the top of your deck; reveal up to 1 ""Land of Wano"" type card with a cost of 2 or more and add it to your hand. Then, place the rest at the bottom of your deck in any order.",No,https://optcgapi.com/media/static/Card_Images/ST28-005.jpg,,1.20,1.23,2026-09-07,
OP06-104_r1,Kikunojo (Reprint),ST-28,Starter Deck 28: GREEN/YELLOW Yamato,R,Yellow,Character,4,6000,,0,Slash,Land of Wano The Akazaya Nine,"[On K.O.] If your opponent has 3 or less Life cards, add up to 1 card from the top of your deck to the top of your Life cards.[Trigger] If your opponent has 3 or less Life cards, play this card.DISCLAIMER: This card is a reprint of the pre-existing card in the OP06 set. The main difference between this card and the original print is the inclusion of ""EN"" on the right side, by the copyright information.",Yes,https://optcgapi.com/media/static/Card_Images/OP06-104_r1.jpg,,0.90,0.75,2026-09-07,
OP06-022_p3,Yamato (OP06-022),ST-28,Starter Deck 28: GREEN/YELLOW Yamato,L,Green Yellow,Leader,,5000,4,,Strike,Land of Wano,"[Double Attack] (This card deals 2 damage.)
[Activate:Main] [Once Per Turn] If your opponent has 3 or less Life cards, give up to 2 rested DON!! cards to 1 of your Characters.",Yes,https://optcgapi.com/media/static/Card_Images/OP06-022_p3.jpg,,2.30,2.49,2026-09-07,
OP07-116_p1,Blaze Slice (Reprint),ST-28,Starter Deck 28: GREEN/YELLOW Yamato,R,Yellow,Event,,,,,,,"[Main] / [Counter] Up to 1 of your Leader or Character cards gains +1000 power during this turn. Then, if your opponent has 2 or less Life cards, rest up to 1 of your opponent's Characters with a cost of 4 or less.
[Trigger] Rest up to 1 of your opponent's Characters with a cost of 4 or less.

DISCLAIMER: This card is a reprint of the pre-existing card in the OP07 set. The main difference between this card and the original print is the inclusion of ""EN"" on the right side, by the copyright information.",Yes,https://optcgapi.com/media/static/Card_Images/OP07-116_p1.jpg,,0.14,0.09,2026-09-07,
ST22-002,Izo,ST-22,Starter Deck 22: Ace & Newgate,SR,Blue,Character,1,0,,1000,Ranged,Land of Wano Whitebeard Pirates,"[On Play] Look at 5 cards from the top of your deck; reveal up to 1 card with a type including ""Whitebeard Pirates"" other than [Izo] and add it to your hand. Then, place the rest at the bottom of your deck in any order.[On Your Opponent's Attack] You may trash this Character: Draw 1 card and place 1 card from your hand at the bottom of your deck.",No,https://optcgapi.com/media/static/Card_Images/ST22-002_ueGeOHq.jpg,,0.87,0.59,2026-09-07,
ST22-005,Kouzuki Oden,ST-22,Starter Deck 22: Ace & Newgate,SR,Blue,Character,7,8000,,0,Slash,Land of Wano Kouzuki Clan Whitebeard Pirates,"If this Character would be removed from the field by your opponent's effect, you may trash 2 cards from your hand instead.
[Activate: Main] [Once Per Turn] You may rest 3 of your DON!! cards and return 1 of your Characters other than this Character to the owner's hand: Set this Character as active.",No,https://optcgapi.com/media/static/Card_Images/ST22-005_hlRSUwy.jpg,,0.47,0.35,2026-09-07,
ST22-002_p1,Izo (Parallel),ST-22,Starter Deck 22: Ace & Newgate,SR,Blue,Character,1,0,,1000,Ranged,Land of Wano Whitebeard Pirates,"[On Play] Look at 5 cards from the top of your deck; reveal up to 1 card with a type including ""Whitebeard Pirates"" other than [Izo] and add it to your hand. Then, place the rest at the bottom of your deck in any order.[On Your Opponent's Attack] You may trash this Character: Draw 1 card and place 1 card from your hand at the bottom of your deck.",Yes,https://optcgapi.com/media/static/Card_Images/ST22-002_p1_2bjCFO4.jpg,,5.47,3.48,2026-09-07,
ST22-005_p1,Kouzuki Oden (Parallel),ST-22,Starter Deck 22: Ace & Newgate,SR,Blue,Character,7,8000,,0,Slash,Land of Wano Kouzuki Clan Whitebeard Pirates,"If this Character would be removed from the field by your opponent's effect, you may trash 2 cards from your hand instead.
[Activate: Main] [Once Per Turn] You may rest 3 of your DON!! cards and return 1 of your Characters other than this Character to the owner's hand: Set this Character as active.",Yes,https://optcgapi.com/media/static/Card_Images/ST22-005_p1_LdzTz4k.jpg,,3.58,3.54,2026-09-07,
ST22-001_p1,Ace & Newgate (Parallel),ST-22,Starter Deck 22: Ace & Newgate,L,Blue,Leader,,5000,5,,Special,The Four Emperors Whitebeard Pirates,"[Activate: Main] [Once Per Turn] You may reveal 1 card with a type including ""Whitebeard Pirates"" from your hand: Draw 1 card and place the revealed card at the top of your deck.",Yes,https://optcgapi.com/media/static/Card_Images/ST22-001_p1_dolhKse.jpg,,20.36,18.19,2026-09-07,
ST30-012,Monkey.D.Luffy,ST-30,Starter Deck EX: Luffy & Ace,SR,Green,Character,4,6000,,0,Strike,Straw Hat Crew Impel Down,"[On Play] You may rest 1 of your DON!! cards: This Character gains [Rush] during this turn. (This card can attack on the turn in which it is played.)
[When Attacking] Rest up to 1 of your opponent's [Blocker] Characters.",No,https://optcgapi.com/media/static/Card_Images/ST30-012_3cEcufv.jpg,,2.45,2.24,2026-09-07,
ST30-007,Portgas.D.Ace (007),ST-30,Starter Deck EX: Luffy & Ace,SR,Red,Character,4,6000,,0,Special,Whitebeard Pirates,"[On Play] You may rest 1 of your DON!! cards: This Character gains [Rush] during this turn.
(This card can attack on the turn in which it is played.)
[When Attacking] Give up to 1 of your opponent's Characters -1000 power during this turn.",No,https://optcgapi.com/media/static/Card_Images/ST30-007_jhTkfPf.jpg,,0.47,0.45,2026-09-07,
ST30-001_p1,Luffy & Ace (Parallel),ST-30,Starter Deck EX: Luffy & Ace,L,Green Red,Leader,,6000,4,0,Special Strike,Straw Hat Crew Whitebeard Pirates Impel Down,"If you have a Character with 7000 base power or more, give this Leader -2000 power.
[Opponent's Turn] All of your [Portgas.D.Ace] and [Monkey.D.Luffy] cards gain +3000 power.",Yes,https://optcgapi.com/media/static/Card_Images/ST30-001_p1_xVRPPSd.jpg,,59.28,58.64,2026-09-07,
ST30-012_p1,Monkey.D.Luffy (Parallel),ST-30,Starter Deck EX: Luffy & Ace,SR,Green,Character,4,6000,,0,Strike,Straw Hat Crew Impel Down,"[On Play] You may rest 1 of your DON!! cards: This Character gains [Rush] during this turn. (This card can attack on the turn in which it is played.)
[When Attacking] Rest up to 1 of your opponent's [Blocker] Characters.",Yes,https://optcgapi.com/media/static/Card_Images/ST30-012_p1_iKaA9vb.jpg,,14.07,14.84,2026-09-07,
ST30-007_p1,Portgas.D.Ace (007) (Parallel),ST-30,Starter Deck EX: Luffy & Ace,SR,Red,Character,4,6000,,0,Special,Whitebeard Pirates,"[On Play] You may rest 1 of your DON!! cards: This Character gains [Rush] during this turn.
(This card can attack on the turn in which it is played.)
[When Attacking] Give up to 1 of your opponent's Characters -1000 power during this turn.",Yes,https://optcgapi.com/media/static/Card_Images/ST30-007_p1_IbnwLGy.jpg,,3.88,4.25,2026-09-07,
ST31-001,Sanji,ST-31,Starter Deck 31: RED Monkey.D.Luffy,SR,Red,Character,5,3000,,1000,Strike,Straw Hat Crew,[DON!! x2] This Character gains [Rush]. (This card can attack on the turn in which it is played.)[On Play] Draw 1 card and play up to 1 {Straw Hat Crew} type Character card with a cost of 5 or less other than [Sanji] from your hand.,No,https://optcgapi.com/media/static/Card_Images/ST31-001.jpg,,2.35,1.75,2026-09-07,
ST31-004,Monkey.D.Luffy (ST31-004),ST-31,Starter Deck 31: RED Monkey.D.Luffy,SR,Red,Character,7,9000,,0,Strike,Straw Hat Crew The Four Emperors,"If you have a total of 3 or more given DON!! cards, this Character gains [Rush]. (This card can attack on the turn in which it is played.)[On Play] For every {Straw Hat Crew} type card on your field, give up to 1 of your opponent's Characters 1000 power during this turn.",No,https://optcgapi.com/media/static/Card_Images/ST31-004.jpg,,3.72,2.95,2026-09-07,
OP01-016_p9,Nami,ST-31,Starter Deck 31: RED Monkey.D.Luffy,R,Red,Character,1,2000,,1000,Special,Straw Hat Crew,"[On Play] Look at 5 cards from the top of your deck; reveal up to 1 {Straw Hat Crew} type card other than [Nami] and add it to your hand. Then, place the rest at the bottom of your deck in any order.Disclaimer: This card is a reprint of a previous card. While the original print is exclusively available in foil, this version is exclusively available as non-foil.",Yes,https://optcgapi.com/media/static/Card_Images/OP01-016_p9.jpg,,0.30,0.27,2026-09-07,
ST21-001_r1,Monkey.D.Luffy (ST21-001),ST-31,Starter Deck 31: RED Monkey.D.Luffy,L,Red,Leader,,5000,5,0,Strike,Straw Hat Crew The Four Emperors,[DON!! x1] [Activate: Main] [Once Per Turn] Give up to 2 rested DON!! cards to 1 of your Characters.,Yes,https://optcgapi.com/media/static/Card_Images/ST21-001_r1.jpg,,3.80,4.00,2026-09-07,
OP04-016_p3,Bad Manners Kick Course,ST-31,Starter Deck 31: RED Monkey.D.Luffy,R,Red,Event,0,,,0,,Alabasta Straw Hat Crew,"[Counter] You may trash 1 card from your hand: Up to 1 of your Leader or Character cards gains +3000 power during this battle.[Trigger] Give up to 1 of your opponent's Leader or Character cards 3000 power during this turn.Disclaimer: This card is a reprint of a previous card. While the original print is exclusively available in foil, this version is exclusively available as non-foil.",Yes,https://optcgapi.com/media/static/Card_Images/OP04-016_p3.jpg,,0.20,0.15,2026-09-07,
OP14-015_r1,Roronoa Zoro,ST-31,Starter Deck 31: RED Monkey.D.Luffy,R,Red,Character,7,8000,,0,Slash,Straw Hat Crew Supernovas,"[Rush] (This card can attack on the turn in which it is played.)[When Attacking] Give up to 1 of your opponent's Characters 1000 power during this turn.Disclaimer: This card is a reprint of a previous card. While the original print is exclusively available in foil, this version is exclusively available as non-foil.",Yes,https://optcgapi.com/media/static/Card_Images/OP14-015_r1.jpg,,0.15,0.10,2026-09-07,
P-101-r1,Tony Tony.Chopper,ST-31,Starter Deck 31: RED Monkey.D.Luffy,P,Red,Character,4,5000,,1000,Strike,Animal/Straw Hat Crew,"[Blocker] (After your opponent declares an attack, you may rest this card to make it the new target of the attack.) [On Play] Give up to 1 rested DON!! card to your Leader.",Yes,https://optcgapi.com/media/static/Card_Images/P-101_r1.jpg,,0.00,0.00,2026-09-07,
ST32-002,Kouzuki Oden,ST-32,Starter Deck 32: GREEN Roronoa Zoro,SR,Green,Character,5,6000,,1000,Slash,Land of Wano Kouzuki Clan,[On Play] Draw 1 card and up to 1 of your opponent's Characters with a base cost of 6 or less cannot be rested until the end of your opponent's next End Phase.,No,https://optcgapi.com/media/static/Card_Images/ST32-002.jpg,,7.98,6.50,2026-09-07,
ST32-003,Dracule Mihawk,ST-32,Starter Deck 32: GREEN Roronoa Zoro,SR,Green,Character,6,7000,,0,Slash,The Seven Warlords of the Sea Muggy Kingdom,"[Your Turn] When this Character becomes rested, draw 1 card and trash 1 card from your hand.[On Play] If your Leader has the attribute, play up to 1 Character card with a cost of 5 or less that is either [Perona] or has the attribute from your hand.",No,https://optcgapi.com/media/static/Card_Images/ST32-003.jpg,,4.93,4.71,2026-09-07,
OP12-020_p5,Roronoa Zoro (OP12-020),ST-32,Starter Deck 32: GREEN Roronoa Zoro,L,Green,Leader,,5000,5,0,Slash,Straw Hat Crew Supernovas,"[DON!! x3] [Activate: Main] [Once Per Turn] If this Leader battles your opponent's Character during this turn, set this Leader as active. Then, this Leader cannot attack your opponent's Characters with a base cost of 7 or less during this turn.",Yes,https://optcgapi.com/media/static/Card_Images/OP12-020_p5.jpg,,3.14,3.00,2026-09-07,
OP12-039_p2,Luffy Is the Man Who Will Become the King of Pirates!!!,ST-32,Starter Deck 32: GREEN Roronoa Zoro,R,Green,Event,3,,,0,,Straw Hat Crew,"[Main] Set your [Roronoa Zoro] Leader as active.[Trigger] Up to 1 of your Leader or Character cards gains +1000 power during this turn.Disclaimer: This card is a reprint of a previous card. While the original print is exclusively available in foil, this version is exclusively available as non-foil.",Yes,https://optcgapi.com/media/static/Card_Images/OP12-039_p2.jpg,,0.14,0.05,2026-09-07,
OP12-028_r1,Kouzuki Hiyori,ST-32,Starter Deck 32: GREEN Roronoa Zoro,R,Green,Character,1,Land of Wano Kouzuki Clan,,0,Wisdom,1000,"[Activate: Main] You may rest 1 of your DON!! cards and this Character: If your Leader is [Roronoa Zoro], look at 5 cards from the top of your deck; reveal up to 1 attribute card or green Event and add it to your hand. Then, place the rest at the bottom of your deck in any order.Disclaimer: This card is a reprint of a previous card. While the original print is exclusively available in foil, this version is exclusively available as non-foil.",Yes,https://optcgapi.com/media/static/Card_Images/OP12-028_r1.jpg,,0.13,0.09,2026-09-07,
OP12-031_r1,Tashigi,ST-32,Starter Deck 32: GREEN Roronoa Zoro,R,Green,Character,5,7000,,0,Slash,Navy East Blue,"[On Play] Rest up to 1 of your opponent's Characters with a base cost of 6 or less. Then, give up to 3 rested DON!! cards to your [Roronoa Zoro] Leader.Disclaimer: This card is a reprint of a previous card. While the original print is exclusively available in foil, this version is exclusively available as non-foil.",Yes,https://optcgapi.com/media/static/Card_Images/OP12-031_r1.jpg,,0.12,0.05,2026-09-07,
ST33-004,Borsalino,ST-33,Starter Deck 33: BLUE Kuzan,SR,Blue,Character,6,6000,,2000,Special,Navy,"During the turn in which a card in your hand is trashed by an effect, give this card in your hand 3 cost.[Blocker] (After your opponent declares an attack, you may rest this card to make it the new target of the attack.)",No,https://optcgapi.com/media/static/Card_Images/ST33-004.jpg,,4.42,4.00,2026-09-07,
ST33-005,Monkey.D.Garp,ST-33,Starter Deck 33: BLUE Kuzan,SR,Blue,Character,6,6000,,1000,Strike,Navy,"[On Play] If your Leader has the {Navy} type, play up to 1 blue {Navy} type Character card with 8000 power or less other than [Monkey.D.Garp] from your hand.",No,https://optcgapi.com/media/static/Card_Images/ST33-005.jpg,,2.92,2.40,2026-09-07,
OP12-040_p2,Kuzan (OP12-040),ST-33,Starter Deck 33: BLUE Kuzan,L,Blue,Leader,,5000,5,0,Special,Navy,"When a card is trashed from your hand by your {Navy} type card's effect, draw cards equal to the number of cards trashed.",Yes,https://optcgapi.com/media/static/Card_Images/OP12-040_p2.jpg,,0.97,0.65,2026-09-07,
EB04-028_p2,Ice Time,ST-33,Starter Deck 33: BLUE Kuzan,R,Blue,Event,5,,,0,,Navy,"[Main] You may trash 1 card from your hand: If your Leader has the {Navy} type, up to 2 of your opponent's Characters with 10000 power or less cannot attack until the end of your opponent's next End Phase.[Trigger] Return up to 1 Character with a cost of 5 or less to the owner's hand.Disclaimer: This card is a reprint of a previous card. While the original print is exclusively available in foil, this version is exclusively available as non-foil.",Yes,https://optcgapi.com/media/static/Card_Images/EB04-028_p2.jpg,,0.14,0.09,2026-09-07,
OP12-047_r1,Sengoku,ST-33,Starter Deck 33: BLUE Kuzan,R,Blue,Character,3,3000,,1000,,Navy,"[On Play] You may trash 1 card from your hand: Look at 5 cards from the top of your deck; reveal up to 2 {Navy} type cards other than [Sengoku] and add them to your hand. Then, place the rest at the bottom of your deck in any order.Disclaimer: This card is a reprint of a previous card. While the original print is exclusively available in foil, this version is exclusively available as non-foil.",Yes,https://optcgapi.com/media/static/Card_Images/OP12-047_r1.jpg,,0.14,0.09,2026-09-07,
ST34-004,Charlotte Linlin,ST-34,Starter Deck 34: PURPLE Charlotte Katakuri,SR,Purple,Character,10,12000,,0,Special,The Four Emperors Big Mom Pirates,"[On Play] DON!! 4, you may trash 1 card from your hand: Add up to 1 card from the top of your deck to the top of your Life cards. Then, up to 1 of your opponent's Characters' base power becomes 0 during this turn.",No,https://optcgapi.com/media/static/Card_Images/ST34-004.jpg,,8.40,8.88,2026-09-07,
ST34-001,Charlotte Katakuri (ST34-001),ST-34,Starter Deck 34: PURPLE Charlotte Katakuri,SR,Purple,Character,5,7000,,0,Strike,Big Mom Pirates,"[Your Turn] [Once Per Turn] When a DON!! card on your field is returned to your DON!! deck, if your Leader has the {Big Mom Pirates} type, add up to 2 DON!! cards from your DON!! deck and rest them.[On K.O.] Play up to 1 Character card with 8000 power or less from your hand.",No,https://optcgapi.com/media/static/Card_Images/ST34-001.jpg,,1.69,1.50,2026-09-07,
OP11-062_p2,Charlotte Katakuri (OP11-062),ST-34,Starter Deck 34: PURPLE Charlotte Katakuri,L,Purple,Leader,,5000,5,0,Strike,Big Mom Pirates,"[When Attacking]/[On Your Opponent's Attack] [Once Per Turn] DON!! 1: Look at 1 card from the top of your opponent's deck. Then, this Leader gains +1000 power during this battle.",Yes,https://optcgapi.com/media/static/Card_Images/OP11-062_p2.jpg,,1.25,1.24,2026-09-07,
EB03-035_r1,Charlotte Pudding,ST-34,Starter Deck 34: PURPLE Charlotte Katakuri,R,Purple,Character,4,4000,,2000,,Big Mom Pirates,"[Blocker][On Play] If the number of DON!! cards on your field is equal to or less than the number on your opponent's field, add up to 1 DON!! card from your DON!! deck and rest it.Disclaimer: This card is a reprint of a previous card. While the original print is exclusively available in foil, this version is exclusively available as non-foil.",Yes,https://optcgapi.com/media/static/Card_Images/EB03-035_r1.jpg,,0.28,0.12,2026-09-07,
OP11-066_r1,Charlotte Oven,ST-34,Starter Deck 34: PURPLE Charlotte Katakuri,R,Purple,Character,4,5000,,1000,Special,Big Mom Pirates,"[Activate: Main] You may rest this Character: Choose a cost and reveal 1 card from the top of your opponent's deck. If the revealed card has the chosen cost, K.O. up to 1 of your opponent's Characters with a base cost of 3 or less. Then, add up to 1 DON!! card from your DON!! deck and rest it.Disclaimer: This card is a reprint of a previous card. While the original print is exclusively available in foil, this version is exclusively available as non-foil.",Yes,https://optcgapi.com/media/static/Card_Images/OP11-066_r1.jpg,,0.16,0.09,2026-09-07,
OP11-071_r1,Charlotte Perospero,ST-34,Starter Deck 34: PURPLE Charlotte Katakuri,R,Purple,Character,5,7000,,0,Special,Big Mom Pirates,"[Activate: Main] [Once Per Turn] You may trash 1 card from your hand: Choose a cost and reveal 1 card from the top of your opponent's deck. If the revealed card has the chosen cost, draw 1 card and add up to 1 DON!! card from your DON!! deck and set it as active.Disclaimer: This card is a reprint of a previous card. While the original print is exclusively available in foil, this version is exclusively available as non-foil.",Yes,https://optcgapi.com/media/static/Card_Images/OP11-071_r1.jpg,,0.16,0.09,2026-09-07,
ST35-005,Bartholomew Kuma,ST-35,Starter Deck 35: RED/BLACK Sabo,SR,Black,Character,5,5000,,1000,Strike,Revolutionary Army,"This Character gains +3 cost.[On Play] Give up to 1 rested DON!! card to your Leader. Then, play up to 1 Character card with 4000 power or less and the {Revolutionary Army} type from your hand or trash.",No,https://optcgapi.com/media/static/Card_Images/ST35-005.jpg,,1.71,1.84,2026-09-07,
ST35-004,Koala,ST-35,Starter Deck 35: RED/BLACK Sabo,SR,Black,Character,7,6000,,1000,Strike,Revolutionary Army Dressrosa,"This Character gains [Blocker] and +1 cost.[On Play] Give up to 1 rested DON!! card to your Leader. Then, play up to 1 Character card with 4000 power or less and the {Revolutionary Army} type from your hand or trash.",No,https://optcgapi.com/media/static/Card_Images/ST35-004.jpg,,1.00,1.06,2026-09-07,
OP13-004_p2,Sabo (OP13-004),ST-35,Starter Deck 35: RED/BLACK Sabo,L,Red Black,Leader,,5000,5,0,Special,Revolutionary Army Dressrosa,"If you have 4 or more Life cards, give this Leader 1000 power.[DON!! x1] If you have a Character with a cost of 8 or more, your Leader and all of your Characters gain +1000 power.",Yes,https://optcgapi.com/media/static/Card_Images/OP13-004_p2.jpg,,2.29,1.98,2026-09-07,
OP13-019_p2,But Ace Here Said You Deserved It!!,ST-35,Starter Deck 35: RED/BLACK Sabo,R,Red,Event,1,,,0,,Revolutionary Army Dressrosa,"[Main] You may rest 4 of your DON!! cards: Give up to 1 of your opponent's Characters 3000 power during this turn. Then, K.O. up to 1 of your opponent's Characters with 3000 power or less.[Counter] Your Leader gains +3000 power during this battle.Disclaimer: This card is a reprint of a previous card. While the original print is exclusively available in foil, this version is exclusively available as non-foil.",Yes,https://optcgapi.com/media/static/Card_Images/OP13-019_p2.jpg,,0.26,0.15,2026-09-07,
OP13-017_r1,Monkey.D.Dragon,ST-35,Starter Deck 35: RED/BLACK Sabo,R,Red,Character,6,7000,,1000,Special,Revolutionary Army,"[Once Per Turn] If your {Revolutionary Army} type Character would be removed from the field by your opponent's effect, you may give this Character 2000 power during this turn instead.Disclaimer: This card is a reprint of a previous card. While the original print is exclusively available in foil, this version is exclusively available as non-foil.",Yes,https://optcgapi.com/media/static/Card_Images/OP13-017_r1.jpg,,0.26,0.05,2026-09-07,
ST36-005,"Eustass""Captain""Kid (ST36-005)",ST-36,"Starter Deck 36: YELLOW Eustass""Captain""Kid",SR,Yellow,Character,6,7000,,0,Special,Kid Pirates Supernovas,"[On Your Opponent's Attack] [Once Per Turn] You may turn 1 card from the top or bottom of your Life cards face-down: Change the target of the attack to your [Eustass""Captain""Kid] with 5000 base power or more.[Activate: Main] [Once Per Turn] You may turn 1 card from the top or bottom of your Life cards face-up: Give up to 1 rested DON!! card to your Leader.",No,https://optcgapi.com/media/static/Card_Images/ST36-005.jpg,,2.33,2.25,2026-09-07,
ST36-002,Killer,ST-36,"Starter Deck 36: YELLOW Eustass""Captain""Kid",SR,Yellow,Character,4,6000,,0,Slash,Kid Pirates Supernovas,"[Your Turn] [On Play] If your Leader has the {Kid Pirates} type, add up to 1 card from the top of your deck to the top of your Life cards.[Trigger] If your opponent has 3 or less Life cards, play this card.",No,https://optcgapi.com/media/static/Card_Images/ST36-002.jpg,,1.50,1.34,2026-09-07,
OP10-099_p2,"Eustass""Captain""Kid (OP10-099)",ST-36,"Starter Deck 36: YELLOW Eustass""Captain""Kid",L,Yellow,Leader,,5000,5,0,Special,Kid Pirates Supernovas,[End of Your Turn] You may turn 1 card from the top of your Life cards face-up: Set up to 1 of your {Supernovas} type Characters with a cost of 3 to 8 as active. That Character gains [Blocker] until the end of your opponent's next turn.,Yes,https://optcgapi.com/media/static/Card_Images/OP10-099_p2.jpg,,0.67,0.65,2026-09-07,
OP10-111_r1,Monkey.D.Luffy,ST-36,"Starter Deck 36: YELLOW Eustass""Captain""Kid",R,Yellow,Character,1,2000,,1000,Strike,Straw Hat Crew Supernovas,"[On Play] Look at 5 cards from the top of your deck; reveal up to 1 {Supernovas} type card other than [Monkey.D.Luffy] and add it to your hand. Then, place the rest at the bottom of your deck in any order.Disclaimer: This card is a reprint of a previous card. While the original print is exclusively available in foil, this version is exclusively available as non-foil.",Yes,https://optcgapi.com/media/static/Card_Images/OP10-111_r1.jpg,,0.11,0.11,2026-09-07,
ST-36-OP10-109_r1,Basil Hawkins,ST-36,"Starter Deck 36: YELLOW Eustass""Captain""Kid",R,Yellow,Character,4,5000,,1000,Slash,Hawkins Pirates Supernovas,"[On K.O.] Trash up to 1 card from the top of your opponent's Life cards.[Trigger] Draw 2 cards and trash 1 card from your hand.Disclaimer: This card is a reprint of a previous card. While the original print is exclusively available in foil, this version is exclusively available as non-foil.",Yes,https://optcgapi.com/media/static/Card_Images/OP10-103_r1_QmckfUc.jpg,,0.10,0.08,2026-09-07,
OP10-103_r1,"Capone""Gang""Bege",ST-36,"Starter Deck 36: YELLOW Eustass""Captain""Kid",R,Yellow,Character,1,Firetank Pirates Supernovas,,0,Ranged,2000,"[On Play] You may add 1 card from the top or bottom of your Life cards to your hand: Add up to 1 {Supernovas} type Character card from your hand to the top of your Life cards face-up.Disclaimer: This card is a reprint of a previous card. While the original print is exclusively available in foil, this version is exclusively available as non-foil.",Yes,https://optcgapi.com/media/static/Card_Images/OP10-103_r1.jpg,,0.10,0.05,2026-09-07,
OP01-060,Trafalgar Law,OP-01,Romance Dawn,SEC,Green,Character,5,6000,,,Special,Heart Pirates Supernovas,"[Activate: Main] [Once Per Turn] Look at 5 cards from the top of your deck, reveal up to 1 Character card with a cost of 5 or less other than [Trafalgar Law] and add it to your hand.",No,https://optcgapi.com/media/static/Card_Images/OP01-060.jpg,,42.50,31.20,2026-09-06,
OP06-006,Rebecca (SP),OP-06,Wings of the Captain,SR,Black,Character,4,,,,,Corrida Colosseum,"Special Rare (SP) -- confirmed live via optcgapi.com that this tier is NOT its own rarity code; the API returns rarity=""SR"" and marks it only via the ""(SP)"" suffix on card_name, which is exactly what is_chase.py's SPECIAL_RARE_NAME_MARKERS check is for.",No,https://optcgapi.com/media/static/Card_Images/OP06-006.jpg,,215.00,160.00,2026-09-06,
